task_id,arrival_time_sec,arrival_hour,type,priority,length_mi,cpu_cores,ram_mb,data_size_mb,deadline_sec,deadline_rel_sec,data_region
1,52326,14,ROUTINE,2,163113,7,6242,162,63934,11608,EU-WEST
2,30835,8,CRITICAL,3,572739,4,2860,160,39440,8605,EU-WEST
3,77307,21,ROUTINE,2,508553,5,4483,1555,87906,10599,EU-WEST
4,89865,24,ROUTINE,3,130080,4,5845,161,108582,18717,EU-CENTRAL
5,62147,17,CRITICAL,4,139995,4,3932,22,68548,6401,EU-WEST
6,41994,11,ROUTINE,3,168881,8,7813,147,60994,19000,US-EAST
7,68092,18,ROUTINE,3,31443,1,2440,678,81200,13108,US-EAST
8,47091,13,ROUTINE,3,209934,4,5832,100,64290,17199,US-EAST
9,64018,17,ROUTINE,1,134514,2,1369,1953,72818,8800,EU-CENTRAL
10,29946,8,ROUTINE,1,42370,2,2521,1812,37556,7610,EU-CENTRAL
11,89431,24,ROUTINE,3,81966,2,2158,137,104740,15309,EU-WEST
12,45471,12,ROUTINE,3,54351,3,3870,226,54966,9495,EU-WEST
13,77776,21,ROUTINE,2,544917,8,7569,81,88301,10525,EU-WEST
14,46730,12,ROUTINE,2,515042,5,6337,143,58643,11913,US-EAST
15,67441,18,ROUTINE,3,43904,3,4343,193,79256,11815,US-EAST
16,64585,17,ROUTINE,3,15766,2,3889,179,76075,11490,US-EAST
17,79308,22,ROUTINE,3,34085,1,1170,42,91308,12000,EU-CENTRAL
18,31108,8,ROUTINE,2,58645,4,3444,138,38330,7222,EU-CENTRAL
19,34366,9,CRITICAL,4,88726,2,2706,245,39283,4917,EU-WEST
20,44788,12,CRITICAL,3,374676,5,5153,401,53427,8639,US-EAST
21,70415,19,ROUTINE,2,166701,4,5259,23,90325,19910,EU-WEST
22,32221,8,CRITICAL,5,51380,4,4461,976,36085,3864,EU-CENTRAL
23,86586,24,ROUTINE,3,54269,4,3839,161,94935,8349,US-EAST
24,66466,18,ROUTINE,2,542272,8,7449,155,78660,12194,US-EAST
25,61649,17,CRITICAL,3,239276,4,4709,233,68509,6860,EU-WEST
26,77159,21,CRITICAL,5,33402,1,2162,16,80586,3427,EU-CENTRAL
27,68494,19,ROUTINE,2,209699,5,4577,96,76894,8400,US-EAST
28,79272,22,ROUTINE,3,22358,2,3967,241,94324,15052,US-EAST
29,47955,13,CRITICAL,3,15323,2,1793,195,49895,1940,EU-CENTRAL
30,41639,11,ROUTINE,3,121783,3,3614,142,54355,12716,EU-WEST
31,59365,16,CRITICAL,4,184608,6,3682,146,65526,6161,US-EAST
32,56684,15,ROUTINE,2,147808,4,2437,51,63389,6705,EU-CENTRAL
33,64300,17,ROUTINE,3,377927,6,3356,32,79399,15099,EU-WEST
34,82825,23,CRITICAL,4,34183,2,3086,69,85732,2907,EU-WEST
35,32912,9,CRITICAL,3,94363,2,2457,180,38218,5306,EU-WEST
36,53191,14,ROUTINE,2,584726,8,7541,1758,63122,9931,US-EAST
37,47146,13,ROUTINE,1,47276,3,2842,260,53435,6289,EU-CENTRAL
38,42683,11,CRITICAL,5,35707,2,3833,286,45756,3073,EU-WEST
39,29456,8,ROUTINE,1,52028,3,4181,1159,37337,7881,EU-CENTRAL
40,54000,15,CRITICAL,3,29941,1,3341,196,56494,2494,EU-CENTRAL
41,66189,18,ROUTINE,1,595828,8,6633,38,83495,17306,US-EAST
42,46793,12,ROUTINE,3,60609,2,4477,277,62357,15564,EU-CENTRAL
43,71790,19,ROUTINE,2,120034,2,3379,12,85304,13514,US-EAST
44,66229,18,ROUTINE,3,342541,5,5873,134,76798,10569,EU-WEST
45,82780,22,ROUTINE,3,104110,3,1911,291,96511,13731,EU-WEST
46,66850,18,ROUTINE,3,497305,5,3186,265,85534,18684,EU-WEST
47,27101,7,ROUTINE,2,110782,3,4042,329,38591,11490,US-EAST
48,68843,19,ROUTINE,1,36206,1,1897,229,74050,5207,EU-WEST
49,45908,12,ROUTINE,3,37473,1,2314,1907,59906,13998,EU-WEST
50,54974,15,ROUTINE,3,209014,6,4819,67,68109,13135,EU-CENTRAL
51,48369,13,ROUTINE,2,213625,6,3486,1352,68358,19989,US-EAST
52,80056,22,CRITICAL,3,35365,1,4226,293,85647,5591,EU-WEST
53,31085,8,CRITICAL,5,34329,2,1480,216,33281,2196,EU-WEST
54,30308,8,CRITICAL,3,50277,3,3516,90,32300,1992,EU-WEST
55,77355,21,ROUTINE,2,39404,2,2777,300,81784,4429,EU-CENTRAL
56,44072,12,CRITICAL,4,5133,1,4255,148,45827,1755,EU-WEST
57,32074,8,ROUTINE,3,428388,5,4527,44,46441,14367,EU-WEST
58,71364,19,ROUTINE,2,169322,7,5473,74,89896,18532,US-EAST
59,77898,21,CRITICAL,3,12503,1,2455,155,79829,1931,EU-CENTRAL
60,47395,13,ROUTINE,1,11383,1,3219,149,51796,4401,EU-WEST
61,70704,19,ROUTINE,1,164031,8,4396,216,80355,9651,EU-CENTRAL
62,58538,16,CRITICAL,3,15940,1,1500,134,60955,2417,EU-CENTRAL
63,35376,9,ROUTINE,2,44215,4,4534,142,50519,15143,US-EAST
64,73298,20,ROUTINE,1,32197,2,2783,1639,87154,13856,EU-CENTRAL
65,28615,7,ROUTINE,3,12289,2,3272,394,42744,14129,US-EAST
66,69898,19,CRITICAL,3,146484,4,4035,246,78029,8131,US-EAST
67,77401,21,ROUTINE,3,51490,4,5811,261,89901,12500,EU-WEST
68,46955,13,CRITICAL,4,106995,4,5215,108,54394,7439,EU-WEST
69,24080,6,ROUTINE,1,536634,5,3033,257,33695,9615,EU-WEST
70,88509,24,CRITICAL,4,34303,2,3816,102,90025,1516,EU-CENTRAL
71,58533,16,CRITICAL,5,51407,4,3342,222,63900,5367,EU-WEST
72,31433,8,ROUTINE,3,53124,2,2351,262,48177,16744,EU-WEST
73,40768,11,ROUTINE,2,220404,4,2690,695,54030,13262,EU-CENTRAL
74,76170,21,ROUTINE,2,232888,5,4540,293,89485,13315,US-EAST
75,26673,7,ROUTINE,2,8699,2,3392,153,32177,5504,US-EAST
76,27661,7,ROUTINE,3,234376,6,4482,480,39272,11611,EU-WEST
77,31060,8,ROUTINE,3,43257,2,2715,222,37459,6399,EU-WEST
78,31260,8,ROUTINE,2,152766,5,5333,195,43726,12466,EU-CENTRAL
79,53333,14,ROUTINE,1,49131,3,2334,29,66600,13267,EU-CENTRAL
80,21907,6,ROUTINE,2,474426,6,5027,264,37973,16066,US-EAST
81,46917,13,ROUTINE,3,403927,6,6451,830,62029,15112,EU-CENTRAL
82,49947,13,ROUTINE,3,205622,7,5656,43,71084,21137,US-EAST
83,75227,20,CRITICAL,5,528299,8,5383,240,83246,8019,US-EAST
84,26208,7,ROUTINE,3,15037,2,1785,182,32728,6520,US-EAST
85,35786,9,CRITICAL,3,47558,2,3227,261,39144,3358,EU-CENTRAL
86,48875,13,CRITICAL,4,425391,6,4889,32,59750,10875,EU-WEST
87,60318,16,CRITICAL,5,207848,8,7632,124,66721,6403,EU-CENTRAL
88,70652,19,ROUTINE,3,41521,3,5158,508,86500,15848,EU-CENTRAL
89,66239,18,ROUTINE,1,170974,8,4723,119,83690,17451,EU-CENTRAL
90,74394,20,ROUTINE,1,40300,4,4764,1677,81145,6751,US-EAST
91,76534,21,CRITICAL,3,53195,4,5490,170,78888,2354,EU-WEST
92,87076,24,ROUTINE,3,56950,2,3752,1817,102670,15594,EU-WEST
93,87232,24,CRITICAL,3,230720,8,6483,211,97639,10407,US-EAST
94,47004,13,ROUTINE,2,30290,2,2387,151,51859,4855,US-EAST
95,72696,20,CRITICAL,4,586384,4,5861,241,84369,11673,EU-CENTRAL
96,40533,11,ROUTINE,2,557561,8,5620,1777,60638,20105,EU-WEST
97,74341,20,CRITICAL,3,32100,1,867,102,77129,2788,EU-WEST
98,76226,21,ROUTINE,2,59760,2,1842,20,80157,3931,EU-CENTRAL
99,27466,7,ROUTINE,1,54362,3,2314,145,41655,14189,US-EAST
100,61017,16,CRITICAL,3,296508,4,5717,1602,70479,9462,US-EAST
101,63546,17,ROUTINE,1,189356,7,7375,120,76269,12723,EU-CENTRAL
102,81900,22,ROUTINE,3,192408,7,5025,616,102351,20451,US-EAST
103,28231,7,CRITICAL,5,203344,6,5373,1124,37589,9358,US-EAST
104,24129,6,ROUTINE,2,113001,4,5106,64,30271,6142,US-EAST
105,34264,9,ROUTINE,2,110565,3,3236,1682,46601,12337,US-EAST
106,69788,19,ROUTINE,3,11857,2,2988,190,81019,11231,EU-WEST
107,32843,9,ROUTINE,2,401447,7,6355,14,48533,15690,EU-WEST
108,66217,18,ROUTINE,1,585872,4,2355,185,83624,17407,EU-WEST
109,83677,23,ROUTINE,3,370205,8,6723,111,99354,15677,US-EAST
110,67432,18,CRITICAL,4,128294,3,3844,199,74341,6909,EU-CENTRAL
111,29171,8,CRITICAL,4,263488,7,5820,61,39765,10594,EU-WEST
112,57529,15,CRITICAL,3,69377,3,2866,406,61442,3913,EU-WEST
113,26056,7,ROUTINE,3,13316,1,1633,152,34402,8346,US-EAST
114,74965,20,CRITICAL,3,16880,2,3914,180,79133,4168,EU-CENTRAL
115,84957,23,ROUTINE,1,19139,1,2966,118,90505,5548,US-EAST
116,88490,24,ROUTINE,2,96063,3,2002,209,93808,5318,EU-WEST
117,56020,15,ROUTINE,3,139595,2,2549,191,67642,11622,US-EAST
118,47859,13,CRITICAL,4,45265,3,2606,109,50057,2198,EU-WEST
119,28360,7,ROUTINE,3,10448,1,1549,40,41063,12703,US-EAST
120,37966,10,ROUTINE,3,8485,2,3434,21,43982,6016,EU-WEST
121,62009,17,ROUTINE,1,50118,3,2559,1110,75481,13472,EU-WEST
122,61821,17,ROUTINE,3,363130,7,4268,277,75090,13269,US-EAST
123,86828,24,ROUTINE,1,365365,7,5611,32,99354,12526,EU-CENTRAL
124,87133,24,CRITICAL,4,103204,4,4959,692,91013,3880,EU-CENTRAL
125,66822,18,ROUTINE,1,7357,1,3814,185,78266,11444,US-EAST
126,54988,15,ROUTINE,1,427516,8,5539,9,75977,20989,EU-CENTRAL
127,22484,6,CRITICAL,4,185034,6,3722,635,28949,6465,US-EAST
128,32910,9,ROUTINE,2,28018,2,1869,67,39624,6714,US-EAST
129,80847,22,CRITICAL,5,234218,8,7870,39,88532,7685,EU-WEST
130,79030,21,ROUTINE,1,41826,2,1850,214,87719,8689,EU-CENTRAL
131,46413,12,ROUTINE,1,80445,3,3226,22,53703,7290,EU-CENTRAL
132,43924,12,ROUTINE,2,109076,4,3827,67,61016,17092,EU-WEST
133,49100,13,CRITICAL,4,38005,1,2696,43,52980,3880,EU-CENTRAL
134,34534,9,CRITICAL,3,292070,8,5396,120,42293,7759,US-EAST
135,43230,12,ROUTINE,3,86187,2,3112,813,57539,14309,US-EAST
136,47957,13,ROUTINE,1,234404,4,2765,250,60530,12573,EU-CENTRAL
137,34177,9,ROUTINE,2,174012,5,5576,7,46525,12348,US-EAST
138,44785,12,ROUTINE,3,18842,1,2929,191,47802,3017,EU-CENTRAL
139,75314,20,CRITICAL,4,25032,2,2635,66,79036,3722,EU-CENTRAL
140,30903,8,ROUTINE,1,43313,2,2901,156,41742,10839,EU-CENTRAL
141,41368,11,CRITICAL,3,428206,8,7397,194,52462,11094,US-EAST
142,56249,15,CRITICAL,3,17245,2,1411,11,58617,2368,EU-WEST
143,44801,12,ROUTINE,1,177066,7,6589,68,61946,17145,EU-WEST
144,56301,15,ROUTINE,1,428453,6,4418,206,77360,21059,EU-WEST
145,28237,7,ROUTINE,2,99409,3,3284,156,35018,6781,EU-CENTRAL
146,25906,7,ROUTINE,3,57793,2,1487,22,39725,13819,US-EAST
147,31812,8,CRITICAL,3,237136,5,4684,239,41900,10088,EU-CENTRAL
148,76373,21,ROUTINE,3,49721,4,5624,89,91248,14875,EU-WEST
149,46066,12,CRITICAL,5,182195,5,5230,89,54365,8299,EU-CENTRAL
150,73790,20,CRITICAL,4,483969,4,5336,155,84996,11206,US-EAST
151,58906,16,ROUTINE,3,421254,6,5443,58,79426,20520,EU-WEST
152,26086,7,ROUTINE,2,25928,1,1262,33,41017,14931,US-EAST
153,84115,23,ROUTINE,3,222875,7,6709,97,99052,14937,EU-WEST
154,61534,17,CRITICAL,5,41810,4,3467,105,64349,2815,EU-CENTRAL
155,49336,13,ROUTINE,1,230631,8,7525,194,65690,16354,EU-CENTRAL
156,23053,6,CRITICAL,3,12771,2,1714,293,24805,1752,EU-CENTRAL
157,39884,11,CRITICAL,5,116586,2,1693,162,45433,5549,EU-WEST
158,69745,19,ROUTINE,2,116048,2,3545,73,88444,18699,US-EAST
159,51937,14,ROUTINE,3,8812,1,3253,1330,54932,2995,EU-CENTRAL
160,28222,7,ROUTINE,1,229473,8,6241,1571,42511,14289,EU-WEST
161,87234,24,ROUTINE,3,44211,3,2249,265,95727,8493,EU-CENTRAL
162,37063,10,ROUTINE,3,125002,3,3055,998,43398,6335,US-EAST
163,76019,21,ROUTINE,3,135290,2,2541,287,84499,8480,EU-WEST
164,73441,20,ROUTINE,3,379972,8,5544,1274,83454,10013,EU-CENTRAL
165,86245,23,ROUTINE,3,551777,7,5184,156,104553,18308,EU-WEST
166,25523,7,ROUTINE,3,48957,3,2541,33,32472,6949,EU-WEST
167,43626,12,ROUTINE,1,96442,4,4811,99,51885,8259,US-EAST
168,27166,7,CRITICAL,5,77341,4,3081,1078,30687,3521,EU-WEST
169,67574,18,ROUTINE,3,41743,3,3667,15,84171,16597,US-EAST
170,34209,9,ROUTINE,3,35490,1,2704,12,40284,6075,EU-WEST
171,60112,16,CRITICAL,5,357970,5,4272,655,69913,9801,EU-CENTRAL
172,74648,20,CRITICAL,4,428974,5,3720,29,84582,9934,EU-WEST
173,26655,7,ROUTINE,1,155109,6,5730,84,43253,16598,EU-WEST
174,73406,20,ROUTINE,2,38005,2,2838,359,89023,15617,US-EAST
175,42692,11,ROUTINE,2,35176,1,1757,6,48456,5764,EU-WEST
176,54254,15,CRITICAL,5,485925,5,5533,1454,65085,10831,EU-WEST
177,70550,19,ROUTINE,2,293441,5,3840,71,81044,10494,US-EAST
178,62577,17,ROUTINE,2,15612,2,3346,874,69287,6710,EU-CENTRAL
179,79265,22,ROUTINE,3,104102,3,4714,205,92869,13604,US-EAST
180,37532,10,ROUTINE,2,397496,7,5238,265,53932,16400,EU-WEST
181,36927,10,CRITICAL,3,59565,2,4814,907,41957,5030,US-EAST
182,49189,13,ROUTINE,2,246638,7,4108,30,64329,15140,US-EAST
183,38240,10,ROUTINE,3,23404,1,2482,52,42689,4449,US-EAST
184,48783,13,ROUTINE,1,54956,4,3791,6,62330,13547,EU-CENTRAL
185,27930,7,CRITICAL,3,22485,1,3617,1081,33151,5221,EU-CENTRAL
186,29733,8,ROUTINE,2,84842,3,2814,66,47473,17740,US-EAST
187,38767,10,CRITICAL,5,323869,8,5051,83,50512,11745,EU-WEST
188,56244,15,ROUTINE,1,318552,8,5833,134,72402,16158,EU-WEST
189,42812,11,ROUTINE,2,241956,4,3692,225,62670,19858,EU-CENTRAL
190,72940,20,ROUTINE,2,112052,3,4623,200,79682,6742,EU-CENTRAL
191,83406,23,ROUTINE,1,75126,2,2788,413,89439,6033,EU-WEST
192,64196,17,ROUTINE,2,279590,5,3645,178,85536,21340,EU-WEST
193,79123,21,ROUTINE,3,16988,1,2760,296,83624,4501,US-EAST
194,31376,8,CRITICAL,3,55815,3,5077,1466,33806,2430,US-EAST
195,67897,18,ROUTINE,2,136629,3,4990,48,77621,9724,US-EAST
196,60080,16,CRITICAL,5,23851,2,3178,20,62926,2846,EU-CENTRAL
197,31696,8,ROUTINE,1,450716,6,5841,263,46606,14910,US-EAST
198,47660,13,ROUTINE,2,32704,1,3513,204,62300,14640,US-EAST
199,72133,20,ROUTINE,1,190411,4,3069,31,90874,18741,EU-WEST
200,84198,23,ROUTINE,1,18939,1,2976,155,100211,16013,EU-WEST
201,57721,16,ROUTINE,3,8711,1,1089,997,63828,6107,US-EAST
202,25980,7,CRITICAL,3,19662,2,3227,291,29799,3819,EU-WEST
203,48236,13,CRITICAL,5,374919,4,4241,238,59861,11625,EU-WEST
204,31708,8,ROUTINE,3,222048,4,2640,112,44501,12793,US-EAST
205,57832,16,ROUTINE,1,6260,2,2809,286,72359,14527,US-EAST
206,72801,20,ROUTINE,1,127155,2,1891,222,91870,19069,US-EAST
207,72680,20,ROUTINE,1,86125,2,1475,288,78473,5793,EU-WEST
208,61698,17,ROUTINE,2,318371,4,5586,1827,73296,11598,EU-CENTRAL
209,83386,23,ROUTINE,3,30696,1,2729,191,98508,15122,US-EAST
210,31343,8,ROUTINE,3,28858,2,4106,21,47747,16404,EU-CENTRAL
211,86016,23,ROUTINE,3,8918,1,3908,8,91152,5136,EU-CENTRAL
212,68470,19,CRITICAL,5,148413,4,4550,47,75441,6971,EU-WEST
213,25596,7,ROUTINE,1,57188,3,4565,269,34045,8449,EU-CENTRAL
214,73084,20,CRITICAL,3,38251,2,3846,1423,76937,3853,US-EAST
215,65525,18,CRITICAL,5,184948,4,5253,285,71721,6196,US-EAST
216,28597,7,ROUTINE,1,91927,4,4453,176,43688,15091,US-EAST
217,76771,21,CRITICAL,5,145137,3,2678,204,83956,7185,EU-CENTRAL
218,72153,20,ROUTINE,1,88175,3,3424,37,80348,8195,EU-CENTRAL
219,53681,14,ROUTINE,2,201183,4,4667,177,65772,12091,EU-WEST
220,53274,14,ROUTINE,1,51339,4,4045,169,63545,10271,US-EAST
221,83486,23,ROUTINE,2,6098,1,1421,160,89051,5565,EU-CENTRAL
222,84903,23,CRITICAL,4,46421,3,3100,159,90630,5727,EU-CENTRAL
223,64414,17,ROUTINE,2,250572,8,4807,499,79268,14854,EU-WEST
224,54571,15,CRITICAL,5,21206,1,2238,42,58320,3749,EU-WEST
225,65703,18,ROUTINE,1,15165,1,1035,59,74470,8767,EU-WEST
226,37867,10,ROUTINE,3,251139,8,7055,92,46729,8862,EU-WEST
227,48204,13,ROUTINE,2,19076,1,1736,263,52406,4202,EU-WEST
228,28309,7,ROUTINE,3,285428,4,5151,205,45299,16990,US-EAST
229,24127,6,ROUTINE,1,362908,4,4079,18,45226,21099,EU-WEST
230,72292,20,ROUTINE,2,125814,4,5136,22,83600,11308,US-EAST
231,42999,11,ROUTINE,1,79749,4,3046,199,51365,8366,EU-WEST
232,86729,24,ROUTINE,3,498071,4,2705,296,107112,20383,US-EAST
233,31500,8,ROUTINE,2,87881,4,4253,23,38973,7473,US-EAST
234,43160,11,ROUTINE,3,41092,2,3862,216,60157,16997,EU-WEST
235,23092,6,ROUTINE,1,558671,6,5754,41,43345,20253,US-EAST
236,27206,7,ROUTINE,3,52849,3,3547,11,36789,9583,EU-CENTRAL
237,59693,16,ROUTINE,1,19233,1,2225,99,64142,4449,EU-WEST
238,38503,10,ROUTINE,2,519660,8,5824,202,54704,16201,EU-WEST
239,62907,17,ROUTINE,2,46431,3,3197,281,75261,12354,EU-WEST
240,30360,8,ROUTINE,1,12274,2,4593,1708,35528,5168,US-EAST
241,34107,9,CRITICAL,3,590173,6,4571,1814,43812,9705,US-EAST
242,81128,22,ROUTINE,1,115283,4,5099,159,91690,10562,US-EAST
243,42318,11,ROUTINE,1,233086,5,3683,479,50734,8416,EU-WEST
244,29153,8,ROUTINE,2,239934,7,4956,67,48293,19140,EU-WEST
245,30280,8,ROUTINE,2,371992,5,4540,239,48910,18630,EU-CENTRAL
246,32969,9,ROUTINE,2,31067,1,3414,1442,45283,12314,EU-WEST
247,89165,24,CRITICAL,5,156613,6,4637,1779,94330,5165,EU-CENTRAL
248,84747,23,ROUTINE,1,53518,2,1992,190,99081,14334,EU-WEST
249,69585,19,ROUTINE,3,52854,4,4063,112,76668,7083,EU-WEST
250,27599,7,ROUTINE,1,74597,2,3370,63,36852,9253,EU-WEST
251,85256,23,ROUTINE,1,144441,4,5218,723,93882,8626,US-EAST
252,47464,13,ROUTINE,1,29105,1,1204,191,53799,6335,US-EAST
253,55813,15,CRITICAL,4,25507,1,1056,250,60703,4890,EU-WEST
254,65595,18,CRITICAL,5,20225,2,1605,81,70199,4604,EU-WEST
255,50679,14,CRITICAL,3,42246,3,2735,225,53790,3111,EU-WEST
256,59351,16,ROUTINE,2,358654,7,5909,1048,70837,11486,EU-WEST
257,30741,8,ROUTINE,3,289920,6,3556,6,53592,22851,EU-WEST
258,26464,7,CRITICAL,5,22379,1,1447,62,28771,2307,EU-CENTRAL
259,60234,16,ROUTINE,2,491387,8,4851,1745,81162,20928,US-EAST
260,35120,9,ROUTINE,2,169901,8,4775,111,54180,19060,EU-WEST
261,89954,24,ROUTINE,2,24474,2,2738,103,97930,7976,US-EAST
262,40601,11,CRITICAL,4,487906,5,4645,238,50448,9847,EU-CENTRAL
263,30920,8,ROUTINE,2,197749,8,7406,1645,46851,15931,EU-WEST
264,41747,11,ROUTINE,2,82554,2,2280,24,59717,17970,US-EAST
265,41823,11,ROUTINE,2,245377,7,4973,246,63419,21596,EU-CENTRAL
266,48529,13,ROUTINE,2,13549,2,3212,212,51748,3219,EU-WEST
267,29799,8,ROUTINE,3,241608,5,3022,95,43031,13232,EU-CENTRAL
268,28611,7,CRITICAL,5,148001,2,2995,250,36288,7677,EU-WEST
269,64531,17,ROUTINE,3,32128,1,2755,169,71737,7206,EU-WEST
270,65690,18,CRITICAL,5,6512,2,4104,128,67706,2016,US-EAST
271,78993,21,ROUTINE,3,196690,5,3249,216,90433,11440,EU-CENTRAL
272,89316,24,ROUTINE,2,151987,4,5462,103,107894,18578,EU-CENTRAL
273,35634,9,ROUTINE,2,59747,4,5605,186,48102,12468,US-EAST
274,66156,18,ROUTINE,1,48470,3,2458,294,70586,4430,EU-WEST
275,65286,18,ROUTINE,3,231104,4,4457,926,83358,18072,US-EAST
276,44565,12,ROUTINE,2,40001,4,2794,1637,60261,15696,EU-CENTRAL
277,83849,23,ROUTINE,2,328121,5,5212,238,99431,15582,EU-WEST
278,23809,6,ROUTINE,2,49506,3,2068,76,35937,12128,EU-WEST
279,69227,19,ROUTINE,2,19868,1,3327,219,76185,6958,US-EAST
280,44579,12,ROUTINE,3,194479,4,3014,69,55609,11030,EU-WEST
281,70258,19,ROUTINE,2,42536,2,1763,39,74117,3859,EU-WEST
282,55534,15,ROUTINE,3,361957,5,4817,6,72632,17098,EU-CENTRAL
283,66854,18,ROUTINE,3,27371,1,2816,156,79189,12335,US-EAST
284,76603,21,ROUTINE,3,36444,2,1820,190,89674,13071,US-EAST
285,53796,14,CRITICAL,5,51444,3,2302,167,56108,2312,EU-CENTRAL
286,75125,20,ROUTINE,3,17858,1,1956,77,87983,12858,EU-CENTRAL
287,73791,20,ROUTINE,3,109517,4,4383,109,78936,5145,EU-CENTRAL
288,51368,14,ROUTINE,3,94214,2,4372,88,65821,14453,EU-CENTRAL
289,43603,12,ROUTINE,3,482658,7,6035,272,59882,16279,EU-WEST
290,80698,22,CRITICAL,5,569793,8,5778,1126,90305,9607,EU-WEST
291,50238,13,ROUTINE,1,17667,1,3551,30,58209,7971,EU-CENTRAL
292,60661,16,ROUTINE,2,121491,4,5191,222,76532,15871,EU-CENTRAL
293,74129,20,CRITICAL,4,154592,5,3555,108,78615,4486,US-EAST
294,52551,14,ROUTINE,1,12602,1,3235,195,68735,16184,EU-CENTRAL
295,84887,23,ROUTINE,1,29636,2,2824,209,89068,4181,EU-CENTRAL
296,73745,20,CRITICAL,4,153173,4,2880,273,80303,6558,US-EAST
297,65199,18,ROUTINE,2,63527,4,5555,120,71493,6294,EU-CENTRAL
298,28240,7,CRITICAL,3,58170,2,2207,203,31299,3059,US-EAST
299,85873,23,ROUTINE,2,435520,7,6774,99,98670,12797,EU-WEST
300,57580,15,ROUTINE,3,203814,5,4354,65,69172,11592,US-EAST
301,51165,14,ROUTINE,3,39537,1,3169,273,59001,7836,EU-CENTRAL
302,55794,15,ROUTINE,3,82508,3,3977,809,71655,15861,EU-WEST
303,25211,7,ROUTINE,1,142627,2,2852,1079,37460,12249,EU-CENTRAL
304,79372,22,CRITICAL,4,147131,2,4328,7,86502,7130,EU-WEST
305,85903,23,ROUTINE,3,5237,1,2558,60,91939,6036,EU-WEST
306,25340,7,CRITICAL,5,182657,7,6022,114,33831,8491,EU-WEST
307,51399,14,CRITICAL,5,445405,6,5394,1227,60921,9522,EU-WEST
308,57057,15,ROUTINE,1,408460,5,3224,211,78118,21061,EU-WEST
309,25326,7,ROUTINE,2,115436,3,3639,280,35451,10125,US-EAST
310,46187,12,ROUTINE,1,175868,4,2908,229,54405,8218,EU-CENTRAL
311,43838,12,ROUTINE,2,144900,2,4640,120,57263,13425,EU-WEST
312,56998,15,ROUTINE,3,340082,8,6295,933,75104,18106,US-EAST
313,31848,8,ROUTINE,2,55753,3,2927,1061,45092,13244,US-EAST
314,40660,11,ROUTINE,1,21170,2,3609,57,44702,4042,EU-WEST
315,58303,16,ROUTINE,2,82977,4,3610,68,76141,17838,EU-WEST
316,25929,7,ROUTINE,1,17013,1,2740,1345,40525,14596,EU-WEST
317,79467,22,ROUTINE,3,184989,5,4363,48,94417,14950,EU-CENTRAL
318,71307,19,CRITICAL,4,11629,1,941,41,75526,4219,EU-CENTRAL
319,76656,21,CRITICAL,5,225447,7,6753,542,84634,7978,EU-CENTRAL
320,70383,19,CRITICAL,5,173295,4,4272,163,78444,8061,US-EAST
321,63760,17,ROUTINE,2,484209,5,3312,172,74222,10462,US-EAST
322,75581,20,CRITICAL,5,408938,7,5623,25,83390,7809,US-EAST
323,53078,14,ROUTINE,1,204326,5,4444,117,69669,16591,US-EAST
324,66763,18,CRITICAL,4,244393,7,4557,200,73705,6942,US-EAST
325,56921,15,ROUTINE,2,217178,5,4080,294,66053,9132,EU-CENTRAL
326,48256,13,ROUTINE,3,52727,2,1368,125,63445,15189,US-EAST
327,38357,10,ROUTINE,2,69206,4,3983,195,42734,4377,US-EAST
328,34088,9,CRITICAL,4,295446,4,3945,96,42697,8609,EU-CENTRAL
329,36958,10,ROUTINE,2,158533,4,4984,202,45542,8584,EU-WEST
330,46259,12,CRITICAL,3,48526,3,1889,285,49317,3058,US-EAST
331,69393,19,ROUTINE,1,50906,3,5081,65,76300,6907,EU-CENTRAL
332,32073,8,CRITICAL,3,12780,2,3080,91,35393,3320,EU-WEST
333,35647,9,CRITICAL,4,287976,7,6724,515,44470,8823,EU-WEST
334,30788,8,ROUTINE,2,159536,4,3349,281,44517,13729,US-EAST
335,62426,17,CRITICAL,3,46273,2,1552,245,67897,5471,EU-CENTRAL
336,40900,11,ROUTINE,1,441372,4,5767,285,59065,18165,EU-WEST
337,36078,10,ROUTINE,2,32091,2,1767,125,51701,15623,US-EAST
338,64887,18,CRITICAL,3,105527,4,3544,220,69877,4990,EU-CENTRAL
339,80721,22,ROUTINE,3,58744,3,5280,77,87339,6618,EU-CENTRAL
340,75980,21,ROUTINE,2,562643,4,3120,458,91509,15529,US-EAST
341,35573,9,CRITICAL,3,52822,2,1997,110,40728,5155,EU-WEST
342,34464,9,ROUTINE,3,153041,7,4170,199,41016,6552,EU-WEST
343,69547,19,ROUTINE,1,58179,3,2431,140,74081,4534,US-EAST
344,83325,23,ROUTINE,3,66396,3,5161,160,89428,6103,EU-CENTRAL
345,45873,12,CRITICAL,4,39592,2,1873,141,47572,1699,US-EAST
346,42612,11,ROUTINE,1,528900,8,7039,196,64351,21739,EU-CENTRAL
347,82194,22,ROUTINE,3,10831,1,2879,22,88048,5854,US-EAST
348,66341,18,ROUTINE,2,505074,7,6344,36,81312,14971,EU-CENTRAL
349,62944,17,ROUTINE,1,235206,5,3108,209,84057,21113,EU-CENTRAL
350,36033,10,ROUTINE,2,239013,8,4406,123,46500,10467,EU-WEST
351,72659,20,CRITICAL,5,26137,2,3977,289,76372,3713,EU-CENTRAL
352,78350,21,CRITICAL,3,30566,2,4332,286,81079,2729,US-EAST
353,48915,13,ROUTINE,1,65022,4,2571,242,66031,17116,EU-WEST
354,48627,13,CRITICAL,5,317447,4,5759,52,56781,8154,US-EAST
355,75585,20,ROUTINE,1,27177,2,4347,234,85585,10000,EU-CENTRAL
356,74502,20,ROUTINE,3,47612,4,5549,220,80389,5887,EU-WEST
357,26353,7,ROUTINE,2,139810,2,2489,433,38757,12404,US-EAST
358,31047,8,ROUTINE,2,6584,1,1598,146,37567,6520,EU-WEST
359,37508,10,ROUTINE,2,17725,1,802,119,50562,13054,EU-WEST
360,76278,21,CRITICAL,3,82476,3,1917,31,82615,6337,EU-WEST
361,42816,11,ROUTINE,3,384250,4,4888,271,57533,14717,EU-CENTRAL
362,65961,18,CRITICAL,4,41840,3,1793,294,71223,5262,EU-CENTRAL
363,32619,9,ROUTINE,1,190599,8,4433,43,47172,14553,EU-CENTRAL
364,83652,23,ROUTINE,1,141681,4,4757,10,101157,17505,US-EAST
365,61152,16,CRITICAL,3,290681,8,5502,200,71149,9997,US-EAST
366,86107,23,ROUTINE,1,505984,7,5646,562,106384,20277,EU-CENTRAL
367,39795,11,ROUTINE,2,46044,3,4627,272,49546,9751,US-EAST
368,30820,8,ROUTINE,2,181461,7,6437,267,39101,8281,EU-WEST
369,25758,7,ROUTINE,1,496753,4,4515,1877,43137,17379,US-EAST
370,57925,16,CRITICAL,4,174836,7,4881,276,65321,7396,EU-CENTRAL
371,77608,21,ROUTINE,1,35308,2,3253,154,81868,4260,EU-WEST
372,31004,8,ROUTINE,2,227593,8,6242,165,50970,19966,EU-CENTRAL
373,66472,18,ROUTINE,1,45969,2,4294,401,80377,13905,EU-CENTRAL
374,56496,15,ROUTINE,3,246199,8,6095,19,71854,15358,US-EAST
375,49012,13,ROUTINE,2,56511,2,2807,139,56954,7942,EU-CENTRAL
376,31740,8,CRITICAL,5,555230,8,7385,290,42978,11238,US-EAST
377,54688,15,ROUTINE,2,33674,1,1238,154,58535,3847,EU-CENTRAL
378,66286,18,ROUTINE,1,411585,6,5060,69,82415,16129,EU-CENTRAL
379,70088,19,ROUTINE,2,37813,1,2243,74,73967,3879,US-EAST
380,50543,14,ROUTINE,1,71404,3,3278,120,55156,4613,US-EAST
381,29969,8,CRITICAL,3,498486,8,5404,1365,38808,8839,EU-WEST
382,35625,9,CRITICAL,4,15913,1,3203,40,38530,2905,US-EAST
383,77034,21,CRITICAL,5,22540,1,3719,170,78229,1195,EU-WEST
384,28400,7,ROUTINE,1,470041,4,4499,93,46042,17642,EU-WEST
385,70990,19,ROUTINE,3,431735,4,5657,1437,86702,15712,EU-CENTRAL
386,85218,23,CRITICAL,3,234070,5,3106,238,92159,6941,EU-WEST
387,33762,9,ROUTINE,1,552408,5,4539,146,49240,15478,EU-WEST
388,71520,19,CRITICAL,4,438087,8,7264,164,82272,10752,EU-CENTRAL
389,45907,12,ROUTINE,3,213301,7,6326,171,63735,17828,US-EAST
390,59400,16,CRITICAL,4,51436,2,2667,1630,62227,2827,EU-CENTRAL
391,57646,16,ROUTINE,3,93470,3,5167,35,65992,8346,EU-CENTRAL
392,72175,20,CRITICAL,3,150801,4,3619,194,78510,6335,EU-WEST
393,36445,10,ROUTINE,3,128216,3,2608,206,51963,15518,US-EAST
394,29226,8,CRITICAL,3,40501,4,4818,513,32015,2789,EU-WEST
395,21760,6,CRITICAL,3,34412,1,2736,136,26900,5140,US-EAST
396,42316,11,ROUTINE,1,16108,2,3139,404,53681,11365,EU-WEST
397,70780,19,ROUTINE,3,488719,6,5385,143,91787,21007,EU-WEST
398,44508,12,ROUTINE,1,107780,4,4901,20,58196,13688,EU-WEST
399,55402,15,ROUTINE,1,275735,4,5164,1497,68668,13266,EU-WEST
400,40692,11,ROUTINE,3,26821,1,977,1196,52137,11445,US-EAST
401,53044,14,ROUTINE,1,85684,3,2657,59,58758,5714,US-EAST
402,56579,15,ROUTINE,2,136733,2,2109,1305,69648,13069,US-EAST
403,72680,20,ROUTINE,1,486802,6,5471,124,90674,17994,US-EAST
404,39405,10,CRITICAL,3,52416,4,5192,219,42666,3261,EU-CENTRAL
405,85002,23,CRITICAL,3,54121,4,5332,51,88445,3443,EU-CENTRAL
406,41476,11,ROUTINE,3,35873,2,3300,22,48347,6871,EU-WEST
407,38507,10,ROUTINE,2,88813,4,5868,286,46607,8100,EU-CENTRAL
408,39389,10,CRITICAL,3,185463,5,5682,98,47562,8173,US-EAST
409,55588,15,ROUTINE,1,83818,4,4714,298,71031,15443,US-EAST
410,62747,17,ROUTINE,1,143632,3,1989,282,77813,15066,EU-WEST
411,46526,12,ROUTINE,2,7003,2,1461,148,61588,15062,US-EAST
412,45317,12,ROUTINE,1,377257,8,4692,273,61395,16078,EU-CENTRAL
413,65517,18,ROUTINE,2,248263,6,4350,224,78721,13204,EU-WEST
414,72238,20,ROUTINE,1,472370,5,3422,274,85008,12770,EU-CENTRAL
415,89011,24,CRITICAL,4,58396,3,3781,210,95193,6182,US-EAST
416,61608,17,ROUTINE,3,234581,5,4654,1068,82968,21360,EU-WEST
417,63279,17,ROUTINE,1,331724,6,3475,38,82594,19315,US-EAST
418,64723,17,ROUTINE,2,439245,8,7705,395,75041,10318,EU-CENTRAL
419,81562,22,ROUTINE,3,70325,2,2565,22,89146,7584,EU-WEST
420,66494,18,ROUTINE,2,54695,2,4078,110,75005,8511,EU-WEST
421,50393,13,ROUTINE,2,212078,5,2831,1753,70736,20343,EU-CENTRAL
422,49237,13,ROUTINE,2,285172,5,3331,151,61015,11778,EU-WEST
423,35828,9,CRITICAL,3,17042,2,2067,21,37871,2043,EU-CENTRAL
424,43314,12,ROUTINE,2,70225,4,4497,134,59528,16214,EU-WEST
425,39866,11,ROUTINE,2,178912,5,4493,84,48470,8604,US-EAST
426,62742,17,CRITICAL,5,398022,5,5345,106,74030,11288,EU-CENTRAL
427,30390,8,ROUTINE,2,229229,8,4717,259,45997,15607,EU-WEST
428,75837,21,CRITICAL,3,396680,4,4698,135,86859,11022,EU-WEST
429,43363,12,ROUTINE,3,52877,3,3234,345,57334,13971,US-EAST
430,27676,7,ROUTINE,1,55415,2,1853,100,37974,10298,EU-CENTRAL
431,42539,11,ROUTINE,1,288510,7,5355,247,60043,17504,US-EAST
432,64525,17,ROUTINE,1,30427,1,3515,115,71418,6893,EU-CENTRAL
433,27868,7,CRITICAL,3,241554,5,4872,244,37113,9245,US-EAST
434,32595,9,ROUTINE,3,457639,6,4988,49,46394,13799,US-EAST
435,55686,15,ROUTINE,3,14406,2,4382,288,64282,8596,EU-WEST
436,33277,9,CRITICAL,4,159166,4,5115,396,39983,6706,EU-WEST
437,74414,20,ROUTINE,2,188139,6,6776,1827,86498,12084,US-EAST
438,68980,19,ROUTINE,1,132282,4,5379,62,75169,6189,EU-WEST
439,33371,9,CRITICAL,5,237951,5,2999,35,43220,9849,EU-WEST
440,71182,19,ROUTINE,2,202148,8,7295,1808,86576,15394,US-EAST
441,86157,23,ROUTINE,2,165633,5,5944,227,96495,10338,EU-WEST
442,29866,8,ROUTINE,3,198643,7,6082,30,48369,18503,US-EAST
443,40498,11,ROUTINE,2,40880,2,3346,137,53663,13165,EU-WEST
444,73751,20,ROUTINE,2,59352,2,3001,184,89676,15925,EU-WEST
445,28429,7,ROUTINE,2,566504,7,4320,20,48070,19641,US-EAST
446,51277,14,ROUTINE,1,356654,5,3691,640,69214,17937,US-EAST
447,35010,9,ROUTINE,3,213539,6,4159,46,50577,15567,EU-WEST
448,65003,18,ROUTINE,2,59399,4,4413,256,70091,5088,US-EAST
449,74288,20,ROUTINE,1,178354,8,7154,281,85224,10936,EU-WEST
450,36792,10,CRITICAL,4,40993,2,4378,249,41623,4831,EU-WEST
451,73717,20,ROUTINE,3,53423,4,5675,956,83456,9739,EU-WEST
452,67744,18,ROUTINE,1,18319,1,4009,120,80727,12983,EU-WEST
453,45032,12,CRITICAL,4,576786,8,4713,166,52998,7966,EU-WEST
454,47317,13,ROUTINE,3,482437,8,4620,157,64983,17666,EU-WEST
455,35461,9,ROUTINE,1,84847,4,3903,282,44963,9502,EU-CENTRAL
456,49387,13,ROUTINE,2,71873,2,4228,229,61420,12033,EU-WEST
457,23436,6,ROUTINE,1,130540,3,4297,10,32052,8616,US-EAST
458,37249,10,ROUTINE,1,52742,3,3257,47,53452,16203,EU-CENTRAL
459,55715,15,ROUTINE,1,15669,2,2308,73,62545,6830,EU-WEST
460,39435,10,ROUTINE,1,204635,5,5442,236,51822,12387,US-EAST
461,61665,17,ROUTINE,3,46946,2,4072,281,78469,16804,EU-CENTRAL
462,85339,23,ROUTINE,3,53706,4,5015,150,100624,15285,EU-CENTRAL
463,52638,14,ROUTINE,3,147844,4,4222,950,60454,7816,EU-CENTRAL
464,79692,22,ROUTINE,3,26511,1,3538,179,86231,6539,US-EAST
465,77424,21,ROUTINE,2,87834,2,4589,1215,88652,11228,US-EAST
466,36373,10,ROUTINE,2,20147,2,2186,216,40141,3768,EU-WEST
467,41449,11,ROUTINE,2,6585,2,1369,112,48582,7133,US-EAST
468,61384,17,ROUTINE,2,224819,5,5596,73,77388,16004,EU-CENTRAL
469,48613,13,ROUTINE,2,195142,6,3910,1255,60383,11770,EU-WEST
470,53526,14,CRITICAL,5,119830,3,5061,97,57609,4083,EU-WEST
471,34914,9,ROUTINE,1,5566,2,2557,185,45202,10288,EU-WEST
472,34500,9,ROUTINE,2,72733,2,1615,170,45379,10879,EU-WEST
473,63685,17,ROUTINE,3,18196,2,3043,142,70334,6649,EU-WEST
474,81877,22,ROUTINE,3,123057,2,3534,298,90219,8342,EU-CENTRAL
475,57688,16,CRITICAL,4,210615,6,5973,181,65690,8002,EU-WEST
476,88322,24,CRITICAL,4,44752,4,3550,186,93015,4693,US-EAST
477,38951,10,ROUTINE,1,150450,4,4640,58,50559,11608,EU-WEST
478,45294,12,ROUTINE,3,10413,1,1766,74,49764,4470,US-EAST
479,87658,24,ROUTINE,2,316609,4,4005,276,101029,13371,EU-WEST
480,56560,15,CRITICAL,4,235221,7,4998,205,63760,7200,US-EAST
481,79342,22,CRITICAL,5,37599,2,4125,1860,81441,2099,EU-WEST
482,39352,10,ROUTINE,1,197083,4,5048,279,47747,8395,EU-WEST
483,27287,7,CRITICAL,3,189546,5,5661,143,34956,7669,EU-WEST
484,26855,7,ROUTINE,1,44397,3,3751,121,35582,8727,EU-CENTRAL
485,46030,12,ROUTINE,1,26739,2,4722,298,62368,16338,EU-CENTRAL
486,49660,13,ROUTINE,2,123081,4,3767,184,65628,15968,US-EAST
487,66296,18,ROUTINE,2,42528,3,2750,168,75644,9348,EU-WEST
488,56921,15,CRITICAL,3,118442,2,4598,261,61054,4133,US-EAST
489,81521,22,ROUTINE,3,38912,1,2183,857,95159,13638,EU-WEST
490,76895,21,CRITICAL,4,12915,1,2186,722,78403,1508,US-EAST
491,45907,12,ROUTINE,2,140988,2,3116,894,56884,10977,EU-WEST
492,61198,16,CRITICAL,5,41374,3,5126,1425,65826,4628,EU-CENTRAL
493,89186,24,ROUTINE,3,7270,1,3454,158,99893,10707,US-EAST
494,48293,13,ROUTINE,3,52918,3,5168,117,57242,8949,EU-CENTRAL
495,65378,18,ROUTINE,3,235182,8,5907,223,82900,17522,EU-WEST
496,45492,12,ROUTINE,2,193649,5,5418,290,54948,9456,EU-CENTRAL
497,72621,20,CRITICAL,3,20059,1,1981,275,76917,4296,EU-WEST
498,74200,20,ROUTINE,1,85676,2,3882,271,88442,14242,EU-CENTRAL
499,83224,23,CRITICAL,4,44571,2,1881,952,86383,3159,EU-CENTRAL
500,82688,22,ROUTINE,3,37772,2,4309,250,89959,7271,US-EAST
501,42846,11,CRITICAL,5,33236,2,1881,64,45074,2228,US-EAST
502,34885,9,ROUTINE,2,123153,2,3550,233,43580,8695,EU-WEST
503,28422,7,ROUTINE,1,54873,3,3884,287,43388,14966,EU-CENTRAL
504,52006,14,CRITICAL,3,60471,2,3268,51,55463,3457,US-EAST
505,54904,15,ROUTINE,1,9823,1,4204,193,59730,4826,US-EAST
506,74113,20,ROUTINE,2,108184,4,5882,214,80876,6763,EU-CENTRAL
507,25822,7,ROUTINE,1,175046,8,7770,898,33489,7667,EU-WEST
508,44996,12,ROUTINE,2,159003,6,6035,146,59536,14540,EU-WEST
509,49076,13,ROUTINE,2,77991,2,2105,557,56808,7732,EU-CENTRAL
510,76705,21,ROUTINE,3,25639,1,1557,61,80077,3372,EU-CENTRAL
511,88728,24,ROUTINE,3,148381,3,2944,70,101579,12851,EU-CENTRAL
512,75753,21,ROUTINE,2,14910,1,4028,55,82983,7230,US-EAST
513,33158,9,CRITICAL,3,5910,1,3064,116,37768,4610,US-EAST
514,56679,15,ROUTINE,1,23763,1,2295,107,63061,6382,US-EAST
515,60464,16,ROUTINE,2,165303,7,5471,92,69653,9189,EU-WEST
516,65035,18,CRITICAL,3,156615,7,7041,148,70910,5875,EU-WEST
517,32260,8,ROUTINE,2,342279,6,5488,192,51774,19514,EU-CENTRAL
518,80128,22,ROUTINE,1,146108,4,3411,812,94466,14338,EU-WEST
519,67034,18,ROUTINE,3,41193,2,2704,1490,76022,8988,EU-CENTRAL
520,52696,14,CRITICAL,3,33556,1,3526,114,54392,1696,US-EAST
521,37517,10,ROUTINE,3,165857,7,4496,1893,54694,17177,US-EAST
522,56169,15,ROUTINE,1,128239,4,2378,83,63386,7217,EU-WEST
523,84866,23,ROUTINE,1,7977,2,2275,217,91284,6418,EU-CENTRAL
524,24061,6,CRITICAL,5,239049,4,4196,85,34050,9989,EU-WEST
525,39645,11,ROUTINE,1,173416,7,6774,85,55718,16073,US-EAST
526,72165,20,CRITICAL,3,580957,6,4316,233,82132,9967,EU-CENTRAL
527,60349,16,CRITICAL,5,29060,2,3609,150,65819,5470,EU-CENTRAL
528,62152,17,ROUTINE,3,5793,2,1610,98,70078,7926,EU-CENTRAL
529,26130,7,CRITICAL,5,64408,3,1884,8,30926,4796,EU-CENTRAL
530,22320,6,ROUTINE,3,53846,2,2236,171,29412,7092,US-EAST
531,47101,13,ROUTINE,3,106462,4,2814,142,62720,15619,EU-WEST
532,87347,24,CRITICAL,3,124847,4,5046,1817,93555,6208,EU-WEST
533,31867,8,CRITICAL,5,30794,1,1938,100,34989,3122,US-EAST
534,47184,13,ROUTINE,3,239732,5,6130,371,56126,8942,EU-WEST
535,49622,13,ROUTINE,1,21713,1,3409,39,64003,14381,EU-WEST
536,64530,17,ROUTINE,3,580572,4,5720,199,76047,11517,EU-WEST
537,49957,13,ROUTINE,3,562424,6,6838,742,61332,11375,EU-CENTRAL
538,79391,22,ROUTINE,2,532152,8,4948,131,89776,10385,EU-WEST
539,32164,8,ROUTINE,2,51316,2,4492,149,39405,7241,EU-WEST
540,22530,6,ROUTINE,2,92183,4,2306,20,34421,11891,EU-WEST
541,58537,16,ROUTINE,1,116011,4,5336,196,70065,11528,EU-CENTRAL
542,32792,9,CRITICAL,3,154405,5,5916,193,38361,5569,EU-CENTRAL
543,58649,16,CRITICAL,3,321239,8,6000,234,68979,10330,EU-CENTRAL
544,34129,9,ROUTINE,2,85662,4,4205,203,49358,15229,US-EAST
545,51325,14,ROUTINE,2,212359,7,6312,149,67311,15986,US-EAST
546,63041,17,ROUTINE,3,30714,1,2667,238,66836,3795,EU-CENTRAL
547,30051,8,CRITICAL,5,9841,1,2195,199,31537,1486,EU-WEST
548,73247,20,ROUTINE,3,65740,4,5403,257,81894,8647,EU-CENTRAL
549,50241,13,CRITICAL,4,173548,5,4234,182,57544,7303,US-EAST
550,46338,12,ROUTINE,1,313379,7,4535,286,55845,9507,US-EAST
551,27207,7,ROUTINE,2,20469,2,2723,73,36128,8921,EU-WEST
552,66080,18,ROUTINE,3,11647,1,2594,298,80198,14118,EU-CENTRAL
553,60466,16,ROUTINE,3,41622,2,2943,247,65053,4587,EU-CENTRAL
554,71812,19,CRITICAL,3,173785,6,4275,116,78002,6190,US-EAST
555,86383,23,ROUTINE,3,128399,3,3096,247,101072,14689,US-EAST
556,29636,8,CRITICAL,5,49166,3,3699,121,32942,3306,EU-CENTRAL
557,80626,22,ROUTINE,2,150443,5,6351,288,90285,9659,US-EAST
558,29567,8,ROUTINE,1,19400,2,1428,36,43913,14346,EU-CENTRAL
559,66125,18,CRITICAL,3,13674,1,2116,290,68743,2618,EU-CENTRAL
560,27633,7,ROUTINE,1,28360,1,4223,91,43459,15826,EU-WEST
561,27816,7,ROUTINE,3,7308,2,1933,1953,34252,6436,US-EAST
562,64959,18,ROUTINE,1,52950,4,2673,285,73081,8122,EU-CENTRAL
563,77637,21,ROUTINE,1,9388,2,4609,1126,84935,7298,EU-CENTRAL
564,67760,18,ROUTINE,1,198995,7,5128,695,88353,20593,EU-WEST
565,25937,7,CRITICAL,5,174345,5,6320,159,34657,8720,US-EAST
566,64491,17,ROUTINE,2,56625,3,2941,609,71646,7155,US-EAST
567,70349,19,CRITICAL,4,6727,2,4115,1419,75156,4807,US-EAST
568,63263,17,ROUTINE,2,213477,8,5954,60,84109,20846,US-EAST
569,31949,8,ROUTINE,3,34293,2,1327,1631,36652,4703,US-EAST
570,53551,14,ROUTINE,1,51755,2,1988,226,67875,14324,EU-WEST
571,45960,12,CRITICAL,4,145577,2,3272,151,51480,5520,US-EAST
572,27820,7,ROUTINE,3,21173,2,4662,285,32973,5153,EU-WEST
573,71408,19,CRITICAL,4,57703,2,4743,1582,73528,2120,US-EAST
574,58709,16,ROUTINE,1,44543,4,2638,257,75309,16600,US-EAST
575,44978,12,ROUTINE,1,220262,8,7248,113,56877,11899,US-EAST
576,61490,17,CRITICAL,3,62630,2,3567,192,67639,6149,EU-WEST
577,43738,12,ROUTINE,2,14333,1,3030,182,55756,12018,EU-WEST
578,36660,10,ROUTINE,3,594233,7,4890,180,54401,17741,US-EAST
579,39047,10,ROUTINE,2,403883,5,4472,207,48896,9849,EU-WEST
580,32598,9,CRITICAL,3,243465,4,4614,280,43113,10515,US-EAST
581,58462,16,ROUTINE,1,196243,7,4424,121,78059,19597,US-EAST
582,73578,20,ROUTINE,2,171791,8,7616,198,88168,14590,EU-WEST
583,33976,9,ROUTINE,3,270676,7,4430,6,47584,13608,EU-CENTRAL
584,29809,8,ROUTINE,2,138838,4,4947,222,43124,13315,EU-WEST
585,39974,11,ROUTINE,3,224678,6,4909,835,52935,12961,EU-CENTRAL
586,50990,14,ROUTINE,2,9061,1,2089,161,64284,13294,EU-WEST
587,85292,23,ROUTINE,3,146772,2,3001,1381,94302,9010,EU-CENTRAL
588,49804,13,ROUTINE,3,331537,4,2968,219,65258,15454,EU-WEST
589,55224,15,CRITICAL,5,96473,3,2455,24,60813,5589,EU-WEST
590,25191,6,ROUTINE,2,29625,1,2350,206,35972,10781,EU-WEST
591,71296,19,ROUTINE,3,22150,1,2412,1006,75056,3760,US-EAST
592,56955,15,ROUTINE,1,173502,5,3013,60,66358,9403,US-EAST
593,87415,24,ROUTINE,3,49068,2,4610,238,102342,14927,EU-WEST
594,72768,20,ROUTINE,1,91230,3,3777,63,82036,9268,US-EAST
595,33155,9,ROUTINE,2,90897,4,3209,40,37930,4775,US-EAST
596,36159,10,ROUTINE,2,18827,1,3550,535,39050,2891,EU-WEST
597,71017,19,ROUTINE,2,35907,2,2457,242,87156,16139,EU-WEST
598,21810,6,ROUTINE,2,49923,2,3257,130,38104,16294,US-EAST
599,32878,9,CRITICAL,3,28063,2,1319,18,37290,4412,US-EAST
600,26558,7,ROUTINE,3,34626,2,4345,48,34549,7991,EU-WEST
601,32169,8,CRITICAL,4,182385,8,7286,19,40410,8241,EU-WEST
602,61788,17,ROUTINE,1,198207,4,4011,256,71663,9875,EU-CENTRAL
603,44326,12,ROUTINE,3,37706,1,3994,287,57774,13448,EU-WEST
604,36427,10,ROUTINE,3,203290,6,6137,209,45719,9292,US-EAST
605,50334,13,CRITICAL,4,291029,5,3760,92,61926,11592,EU-CENTRAL
606,53476,14,ROUTINE,1,19845,1,3030,1923,59047,5571,US-EAST
607,70267,19,CRITICAL,3,548810,7,7333,258,81030,10763,EU-CENTRAL
608,32430,9,ROUTINE,2,25318,2,2165,1880,42070,9640,EU-CENTRAL
609,53823,14,ROUTINE,1,29158,1,1969,225,70305,16482,EU-WEST
610,47813,13,ROUTINE,2,357965,6,4466,144,63011,15198,US-EAST
611,66578,18,ROUTINE,3,194943,4,4399,1520,73953,7375,US-EAST
612,78285,21,ROUTINE,1,46765,3,4561,129,83798,5513,US-EAST
613,79318,22,ROUTINE,1,96167,3,3083,156,91728,12410,US-EAST
614,28248,7,ROUTINE,2,163894,7,4656,214,40949,12701,EU-CENTRAL
615,24811,6,ROUTINE,3,43109,4,4658,35,38781,13970,EU-CENTRAL
616,33819,9,ROUTINE,3,51724,3,2165,208,38143,4324,US-EAST
617,80972,22,ROUTINE,3,26820,2,2260,218,87768,6796,EU-CENTRAL
618,42565,11,ROUTINE,3,102241,4,3476,81,52745,10180,US-EAST
619,49778,13,CRITICAL,3,7856,2,2052,77,53569,3791,US-EAST
620,61230,17,ROUTINE,2,60618,4,5145,242,72922,11692,EU-CENTRAL
621,83345,23,ROUTINE,2,53716,3,4843,281,94002,10657,EU-WEST
622,45338,12,CRITICAL,3,164170,4,5773,1806,50492,5154,EU-WEST
623,74505,20,ROUTINE,1,32523,1,1707,161,79202,4697,US-EAST
624,22577,6,ROUTINE,2,48615,2,1844,33,38495,15918,EU-CENTRAL
625,23257,6,ROUTINE,3,14109,1,3109,225,34574,11317,EU-WEST
626,84374,23,CRITICAL,3,34641,2,3335,253,87631,3257,EU-WEST
627,68296,18,ROUTINE,1,81539,2,4140,185,81743,13447,EU-WEST
628,49680,13,ROUTINE,3,203520,8,4925,211,66241,16561,US-EAST
629,22694,6,ROUTINE,2,237024,5,4437,105,43315,20621,EU-WEST
630,23249,6,CRITICAL,5,361973,8,4420,673,32166,8917,EU-CENTRAL
631,49150,13,ROUTINE,1,154803,6,3629,550,68883,19733,US-EAST
632,46117,12,ROUTINE,2,10081,1,3273,18,60622,14505,US-EAST
633,80010,22,CRITICAL,4,21890,2,4044,48,84123,4113,EU-WEST
634,50300,13,ROUTINE,3,51033,3,5161,458,55246,4946,EU-WEST
635,56118,15,CRITICAL,3,136267,3,2335,27,63131,7013,EU-WEST
636,70962,19,ROUTINE,1,135612,3,4255,1535,77802,6840,US-EAST
637,37178,10,ROUTINE,1,307963,5,5309,21,49184,12006,US-EAST
638,68839,19,CRITICAL,5,18875,2,1832,864,71228,2389,US-EAST
639,85339,23,CRITICAL,3,34187,1,2082,225,87452,2113,EU-WEST
640,29115,8,ROUTINE,2,536757,4,4937,133,49776,20661,EU-CENTRAL
641,75520,20,ROUTINE,2,18812,2,2088,297,81022,5502,EU-WEST
642,48947,13,ROUTINE,3,79886,4,2403,1118,56640,7693,US-EAST
643,40074,11,CRITICAL,4,66467,3,4321,148,45146,5072,US-EAST
644,86302,23,ROUTINE,1,30444,1,1335,134,102046,15744,EU-CENTRAL
645,38205,10,ROUTINE,2,15261,2,1598,11,50760,12555,EU-WEST
646,61137,16,ROUTINE,2,67152,4,3163,21,70437,9300,EU-WEST
647,72283,20,CRITICAL,5,371228,4,5701,1584,81789,9506,EU-CENTRAL
648,56793,15,CRITICAL,3,25842,1,1854,65,60678,3885,EU-WEST
649,36894,10,ROUTINE,2,81398,2,2738,30,44778,7884,US-EAST
650,45720,12,CRITICAL,4,24595,1,3655,37,50034,4314,EU-WEST
651,30515,8,ROUTINE,3,86330,3,2726,20,48225,17710,EU-WEST
652,40443,11,ROUTINE,3,43434,2,1304,32,43978,3535,EU-WEST
653,82794,22,ROUTINE,3,146458,2,1665,279,92720,9926,US-EAST
654,42472,11,CRITICAL,3,41913,2,3547,53,47365,4893,EU-WEST
655,81577,22,ROUTINE,3,25284,2,3322,1235,84640,3063,US-EAST
656,57299,15,ROUTINE,2,39140,1,3514,88,70166,12867,US-EAST
657,85575,23,ROUTINE,1,583216,4,5312,120,106698,21123,EU-WEST
658,44953,12,ROUTINE,1,12199,2,4507,98,56538,11585,EU-WEST
659,84116,23,CRITICAL,3,10664,1,2397,13,88043,3927,EU-WEST
660,57564,15,ROUTINE,3,97431,3,4512,276,66961,9397,US-EAST
661,35232,9,CRITICAL,3,61180,3,5298,196,38333,3101,US-EAST
662,24049,6,CRITICAL,3,170749,6,5244,277,32608,8559,EU-CENTRAL
663,57721,16,CRITICAL,4,31655,1,1981,130,61511,3790,US-EAST
664,27846,7,ROUTINE,2,181465,6,4011,1436,41026,13180,EU-WEST
665,52188,14,ROUTINE,3,66044,3,4935,264,58964,6776,US-EAST
666,52778,14,ROUTINE,1,246271,8,5612,241,69175,16397,EU-WEST
667,58584,16,ROUTINE,1,17141,2,4416,256,68599,10015,US-EAST
668,86062,23,ROUTINE,3,289789,4,3553,1755,104344,18282,EU-CENTRAL
669,27250,7,CRITICAL,5,20941,2,4120,282,30259,3009,EU-WEST
670,41551,11,CRITICAL,3,515048,7,4605,1996,53116,11565,EU-CENTRAL
671,30115,8,ROUTINE,2,29310,1,3804,260,35357,5242,EU-WEST
672,39737,11,ROUTINE,2,28966,1,3148,1671,43504,3767,US-EAST
673,51159,14,CRITICAL,4,46417,2,4351,136,55114,3955,US-EAST
674,77767,21,ROUTINE,3,478707,7,5699,76,95078,17311,EU-CENTRAL
675,30745,8,ROUTINE,2,130357,4,4261,208,47958,17213,US-EAST
676,29499,8,ROUTINE,2,162730,8,6221,23,37712,8213,EU-WEST
677,82344,22,ROUTINE,2,291178,6,3346,181,104151,21807,EU-WEST
678,85097,23,ROUTINE,3,587795,8,7471,142,97023,11926,EU-WEST
679,78077,21,ROUTINE,1,130040,3,4168,318,94053,15976,EU-WEST
680,69901,19,CRITICAL,5,41034,3,5150,50,72146,2245,EU-CENTRAL
681,28793,7,CRITICAL,4,16543,1,3434,24,33947,5154,EU-WEST
682,41858,11,ROUTINE,1,13126,1,2243,24,46085,4227,US-EAST
683,39567,10,ROUTINE,2,122878,2,1748,251,57679,18112,EU-CENTRAL
684,48685,13,ROUTINE,2,31205,1,1388,96,64848,16163,EU-CENTRAL
685,57301,15,ROUTINE,1,34827,1,3425,64,61984,4683,EU-WEST
686,53229,14,ROUTINE,2,65053,2,3277,220,60045,6816,US-EAST
687,79448,22,ROUTINE,3,213072,6,3443,88,93510,14062,EU-WEST
688,56879,15,ROUTINE,2,24928,1,3019,80,70478,13599,US-EAST
689,49266,13,ROUTINE,2,13200,2,1763,23,57180,7914,EU-CENTRAL
690,49264,13,ROUTINE,2,80524,2,1411,1098,55681,6417,US-EAST
691,45774,12,ROUTINE,3,161742,8,4942,222,64759,18985,EU-WEST
692,23298,6,ROUTINE,3,128713,2,4173,1669,32044,8746,EU-WEST
693,70767,19,ROUTINE,2,14249,1,3584,87,79614,8847,US-EAST
694,33934,9,ROUTINE,1,393358,6,4796,196,44159,10225,EU-CENTRAL
695,65106,18,ROUTINE,2,301926,6,3549,805,82281,17175,US-EAST
696,52777,14,ROUTINE,1,49087,3,3556,193,63975,11198,EU-CENTRAL
697,85300,23,ROUTINE,3,8587,2,3018,57,91366,6066,EU-WEST
698,50308,13,CRITICAL,4,198478,6,5210,474,57783,7475,US-EAST
699,69257,19,ROUTINE,2,57933,2,2684,217,77023,7766,EU-WEST
700,75721,21,CRITICAL,4,50299,2,3018,148,80880,5159,EU-CENTRAL
701,65632,18,ROUTINE,1,35453,1,4248,235,69575,3943,US-EAST
702,44208,12,CRITICAL,5,267018,7,5265,120,54109,9901,US-EAST
703,65218,18,ROUTINE,2,374448,4,4565,288,76173,10955,EU-CENTRAL
704,57701,16,ROUTINE,2,73164,4,4128,792,69827,12126,US-EAST
705,68753,19,CRITICAL,3,19024,1,4071,1753,71215,2462,EU-WEST
706,68964,19,ROUTINE,1,59189,4,2685,1492,86090,17126,EU-CENTRAL
707,75057,20,CRITICAL,3,281220,8,5341,16,83869,8812,EU-CENTRAL
708,42236,11,ROUTINE,1,30914,1,4251,188,55338,13102,US-EAST
709,35242,9,ROUTINE,3,27834,2,4125,162,42891,7649,US-EAST
710,26855,7,ROUTINE,1,9326,2,3808,22,38768,11913,EU-WEST
711,42908,11,ROUTINE,2,21367,2,4054,29,56202,13294,US-EAST
712,59006,16,ROUTINE,3,5761,2,1801,181,65656,6650,EU-CENTRAL
713,53637,14,ROUTINE,1,110535,2,4394,294,69689,16052,EU-WEST
714,48351,13,CRITICAL,3,48571,2,3004,1048,53838,5487,US-EAST
715,82146,22,ROUTINE,3,15959,1,3388,6,86798,4652,EU-CENTRAL
716,45316,12,ROUTINE,3,38289,1,3982,133,52081,6765,US-EAST
717,35960,9,CRITICAL,3,131999,2,4403,904,41458,5498,EU-CENTRAL
718,77629,21,ROUTINE,3,50496,4,2407,219,94544,16915,US-EAST
719,28043,7,ROUTINE,3,31997,2,1664,78,40668,12625,US-EAST
720,39292,10,ROUTINE,2,20606,2,3989,159,49854,10562,EU-WEST
721,23014,6,CRITICAL,4,53587,3,1848,273,29029,6015,EU-WEST
722,84772,23,ROUTINE,1,340057,8,7145,1235,100874,16102,US-EAST
723,44181,12,ROUTINE,1,98954,3,3320,276,62438,18257,EU-WEST
724,50814,14,CRITICAL,5,19408,1,3627,84,53860,3046,EU-WEST
725,40625,11,ROUTINE,2,206523,8,5938,101,51886,11261,EU-WEST
726,30849,8,ROUTINE,2,23238,1,2372,226,47169,16320,EU-CENTRAL
727,58100,16,ROUTINE,1,8463,1,3993,47,64557,6457,US-EAST
728,59498,16,ROUTINE,3,120586,2,2111,217,72802,13304,EU-WEST
729,32455,9,ROUTINE,2,247874,7,6780,223,42318,9863,US-EAST
730,75965,21,CRITICAL,4,125612,3,2217,437,79876,3911,US-EAST
731,33838,9,ROUTINE,2,31645,1,1445,18,45245,11407,US-EAST
732,71735,19,ROUTINE,3,224275,8,5134,40,83701,11966,EU-WEST
733,59779,16,ROUTINE,1,164875,6,6363,1015,70653,10874,US-EAST
734,48764,13,ROUTINE,3,29511,2,4395,162,53760,4996,EU-CENTRAL
735,54855,15,ROUTINE,2,17584,1,3272,227,58559,3704,EU-CENTRAL
736,43587,12,ROUTINE,2,191599,6,3675,81,54173,10586,EU-WEST
737,37682,10,ROUTINE,2,21998,2,2222,81,47242,9560,US-EAST
738,33086,9,ROUTINE,2,150785,8,7236,216,40154,7068,US-EAST
739,34809,9,ROUTINE,3,465924,5,3655,200,54192,19383,US-EAST
740,57991,16,CRITICAL,3,265076,4,3617,770,68986,10995,EU-WEST
741,51720,14,CRITICAL,3,223096,6,3499,89,61766,10046,US-EAST
742,44094,12,ROUTINE,2,218442,7,4250,233,57016,12922,US-EAST
743,89636,24,ROUTINE,3,9992,2,3129,262,99921,10285,US-EAST
744,76623,21,ROUTINE,2,304910,8,6395,276,93275,16652,EU-CENTRAL
745,65779,18,ROUTINE,2,143808,3,4961,1236,81885,16106,EU-CENTRAL
746,83271,23,ROUTINE,2,55238,4,4521,105,97713,14442,EU-CENTRAL
747,84819,23,ROUTINE,1,319259,5,5128,158,98465,13646,EU-WEST
748,47347,13,CRITICAL,5,50417,4,3742,243,51478,4131,EU-WEST
749,47263,13,ROUTINE,3,492163,7,6694,1299,64419,17156,US-EAST
750,29690,8,CRITICAL,3,99148,2,2580,180,35318,5628,US-EAST
751,36073,10,CRITICAL,3,231888,6,5656,157,44933,8860,US-EAST
752,49090,13,ROUTINE,1,16294,1,954,207,52818,3728,EU-WEST
753,23187,6,CRITICAL,3,71887,2,3521,188,29650,6463,EU-CENTRAL
754,36470,10,ROUTINE,3,116014,2,2340,142,47089,10619,EU-CENTRAL
755,30396,8,CRITICAL,4,534412,5,6013,1090,42113,11717,EU-CENTRAL
756,63628,17,ROUTINE,1,23463,1,1609,156,79568,15940,EU-CENTRAL
757,78897,21,ROUTINE,3,174055,5,4943,1042,89509,10612,EU-WEST
758,60557,16,CRITICAL,4,46276,3,4532,211,64028,3471,EU-CENTRAL
759,33243,9,ROUTINE,3,26166,1,3531,142,48378,15135,EU-WEST
760,29540,8,ROUTINE,1,198950,7,4486,51,42832,13292,US-EAST
761,26835,7,CRITICAL,5,91971,3,3828,144,29855,3020,US-EAST
762,84183,23,ROUTINE,2,15328,1,1313,118,99877,15694,EU-CENTRAL
763,75150,20,ROUTINE,1,106057,4,2959,151,90235,15085,EU-WEST
764,52041,14,CRITICAL,3,417651,7,6822,240,61924,9883,EU-WEST
765,61013,16,CRITICAL,5,522392,8,5809,85,72647,11634,EU-WEST
766,42178,11,ROUTINE,3,53131,3,3468,508,52354,10176,EU-CENTRAL
767,82384,22,ROUTINE,1,34379,2,4846,526,93824,11440,EU-CENTRAL
768,38445,10,ROUTINE,3,167324,8,7801,39,57349,18904,EU-WEST
769,69015,19,ROUTINE,1,502538,6,3351,279,86447,17432,US-EAST
770,33265,9,ROUTINE,1,151221,5,3668,1898,39822,6557,EU-WEST
771,52287,14,ROUTINE,2,134035,2,3330,1234,69012,16725,EU-WEST
772,33058,9,CRITICAL,5,97182,4,5233,135,38327,5269,EU-CENTRAL
773,69936,19,ROUTINE,1,80279,3,4814,410,76510,6574,US-EAST
774,44869,12,ROUTINE,3,26509,1,3532,31,50498,5629,EU-CENTRAL
775,74317,20,CRITICAL,3,110000,2,3569,48,79004,4687,EU-WEST
776,70716,19,ROUTINE,1,32870,2,1748,81,74187,3471,US-EAST
777,36561,10,ROUTINE,2,18589,1,4345,276,40503,3942,US-EAST
778,71726,19,ROUTINE,3,47291,3,4358,221,86417,14691,US-EAST
779,38148,10,ROUTINE,1,11885,2,2593,28,41440,3292,US-EAST
780,72993,20,ROUTINE,2,75767,2,3146,1436,89753,16760,EU-WEST
781,81523,22,ROUTINE,1,9033,2,2474,136,87156,5633,EU-CENTRAL
782,47816,13,CRITICAL,5,49988,3,5029,42,49704,1888,EU-WEST
783,70141,19,CRITICAL,3,12539,1,4203,285,73815,3674,US-EAST
784,62907,17,ROUTINE,3,16236,1,2293,851,76913,14006,EU-CENTRAL
785,37543,10,CRITICAL,4,27722,1,1082,497,40428,2885,EU-CENTRAL
786,24115,6,CRITICAL,4,33137,1,898,84,25800,1685,EU-WEST
787,63648,17,CRITICAL,3,51620,2,1344,183,69455,5807,US-EAST
788,26138,7,ROUTINE,2,44091,2,1660,240,30963,4825,EU-WEST
789,74265,20,ROUTINE,3,19274,2,3417,993,83691,9426,US-EAST
790,46964,13,CRITICAL,5,148851,4,2933,126,55287,8323,US-EAST
791,56557,15,ROUTINE,3,34554,1,1068,190,64176,7619,US-EAST
792,56332,15,ROUTINE,3,257287,8,4994,16,68796,12464,US-EAST
793,49297,13,ROUTINE,2,318138,5,6169,266,65810,16513,EU-WEST
794,78994,21,ROUTINE,2,20793,1,1486,92,86745,7751,US-EAST
795,50582,14,CRITICAL,3,239993,7,6007,1618,61333,10751,EU-CENTRAL
796,68366,18,ROUTINE,3,117046,2,2467,288,79651,11285,US-EAST
797,65010,18,CRITICAL,4,272936,6,4876,238,73330,8320,EU-WEST
798,39598,10,CRITICAL,5,211457,7,4620,178,47132,7534,EU-CENTRAL
799,27668,7,CRITICAL,4,33130,2,2445,116,32972,5304,EU-CENTRAL
800,24162,6,ROUTINE,3,72326,3,2981,239,39115,14953,US-EAST
801,71427,19,ROUTINE,2,426098,4,3598,60,90885,19458,EU-WEST
802,33648,9,ROUTINE,1,126816,4,4661,154,50508,16860,EU-WEST
803,81361,22,ROUTINE,2,39795,2,2269,1521,88217,6856,US-EAST
804,39176,10,ROUTINE,2,114918,2,2750,28,55231,16055,US-EAST
805,29033,8,CRITICAL,3,30504,2,4441,135,30823,1790,EU-CENTRAL
806,83165,23,ROUTINE,3,228480,8,5360,254,95784,12619,US-EAST
807,85729,23,ROUTINE,3,89367,4,3376,174,101853,16124,EU-WEST
808,45183,12,ROUTINE,3,17605,1,3047,275,54248,9065,EU-CENTRAL
809,53276,14,ROUTINE,1,19413,2,2545,267,58732,5456,EU-WEST
810,80099,22,ROUTINE,2,198276,4,3185,136,91988,11889,US-EAST
811,47122,13,ROUTINE,1,258900,6,3592,21,56410,9288,EU-CENTRAL
812,51049,14,CRITICAL,3,120654,4,4184,1987,54671,3622,EU-WEST
813,51909,14,CRITICAL,4,51226,4,4496,7,57952,6043,EU-CENTRAL
814,49837,13,CRITICAL,4,93563,4,5379,276,54180,4343,US-EAST
815,74936,20,CRITICAL,4,98947,2,4400,210,78808,3872,EU-CENTRAL
816,41779,11,CRITICAL,5,8969,2,4233,17,43486,1707,EU-CENTRAL
817,86353,23,ROUTINE,2,105522,4,5156,214,97908,11555,EU-WEST
818,32303,8,ROUTINE,2,120985,3,3923,62,39234,6931,US-EAST
819,47502,13,ROUTINE,1,46250,2,2140,266,52700,5198,US-EAST
820,77707,21,ROUTINE,1,5679,1,4201,214,84252,6545,US-EAST
821,41630,11,ROUTINE,1,170340,6,4879,226,50674,9044,US-EAST
822,43839,12,ROUTINE,1,57236,3,4334,23,49365,5526,EU-WEST
823,86110,23,ROUTINE,1,60559,2,3835,223,93283,7173,US-EAST
824,27561,7,ROUTINE,1,481143,8,7444,9,44025,16464,EU-WEST
825,57291,15,ROUTINE,3,105657,2,4554,1227,71903,14612,EU-WEST
826,51003,14,ROUTINE,3,58269,4,5887,219,56640,5637,EU-WEST
827,29419,8,CRITICAL,5,31825,2,4734,263,31799,2380,US-EAST
828,54633,15,ROUTINE,1,34472,2,4358,42,65696,11063,US-EAST
829,34626,9,ROUTINE,1,186947,5,5578,269,50394,15768,US-EAST
830,80617,22,ROUTINE,1,279430,5,4031,248,98344,17727,EU-WEST
831,31149,8,ROUTINE,2,400594,5,3065,79,52837,21688,EU-CENTRAL
832,43043,11,ROUTINE,1,41749,3,3177,58,56154,13111,EU-WEST
833,48124,13,ROUTINE,1,92307,3,3148,189,61328,13204,EU-WEST
834,26304,7,ROUTINE,2,19710,1,2429,724,38223,11919,EU-CENTRAL
835,47310,13,ROUTINE,1,171895,7,6089,1940,63272,15962,EU-WEST
836,44376,12,CRITICAL,4,139564,2,2518,177,48615,4239,US-EAST
837,67682,18,ROUTINE,1,26229,1,2969,201,72803,5121,US-EAST
838,76957,21,ROUTINE,2,212728,7,6949,1055,97164,20207,US-EAST
839,58569,16,CRITICAL,3,29227,1,3759,249,63453,4884,EU-WEST
840,79941,22,ROUTINE,3,18328,1,1224,270,93980,14039,US-EAST
841,22854,6,ROUTINE,3,44345,2,3249,294,32590,9736,EU-CENTRAL
842,45769,12,ROUTINE,3,124755,3,4010,147,64234,18465,EU-WEST
843,35060,9,ROUTINE,3,25543,1,1092,31,44077,9017,US-EAST
844,45524,12,ROUTINE,1,25993,1,3701,1091,57531,12007,EU-CENTRAL
845,44371,12,ROUTINE,2,531690,7,4794,141,58758,14387,US-EAST
846,55090,15,ROUTINE,3,209797,5,3101,1747,67553,12463,EU-WEST
847,52264,14,CRITICAL,3,19520,1,852,1710,57079,4815,US-EAST
848,27701,7,CRITICAL,4,209628,7,5098,115,37075,9374,US-EAST
849,62165,17,ROUTINE,2,14242,2,1655,298,67470,5305,EU-WEST
850,63308,17,CRITICAL,5,27087,2,3708,1087,67781,4473,US-EAST
851,69656,19,ROUTINE,3,401432,7,6813,85,85760,16104,EU-WEST
852,68538,19,ROUTINE,1,59830,4,4227,63,80573,12035,US-EAST
853,82645,22,ROUTINE,2,49432,3,3946,1585,87589,4944,US-EAST
854,53888,14,ROUTINE,3,291409,5,4039,184,72342,18454,EU-WEST
855,50075,13,CRITICAL,3,45097,2,4826,1498,53326,3251,EU-WEST
856,29074,8,CRITICAL,3,39562,1,3790,265,31503,2429,EU-WEST
857,47939,13,ROUTINE,2,26963,2,4446,154,55910,7971,EU-CENTRAL
858,60466,16,ROUTINE,3,16019,1,3485,66,65282,4816,EU-WEST
859,48788,13,ROUTINE,2,55324,3,4786,295,57240,8452,EU-CENTRAL
860,52689,14,CRITICAL,5,113467,4,4159,145,58718,6029,EU-CENTRAL
861,84805,23,ROUTINE,1,32588,1,3701,142,94530,9725,US-EAST
862,78370,21,ROUTINE,3,396410,8,5709,1179,96418,18048,EU-WEST
863,74325,20,CRITICAL,5,393769,4,4730,70,82522,8197,US-EAST
864,61211,17,ROUTINE,3,77275,4,3491,1314,73172,11961,EU-CENTRAL
865,34330,9,ROUTINE,1,150290,7,6115,228,47593,13263,US-EAST
866,56361,15,CRITICAL,5,520206,6,5420,114,65908,9547,US-EAST
867,52327,14,ROUTINE,2,132590,4,4828,234,63685,11358,EU-WEST
868,47544,13,ROUTINE,1,108155,4,2386,22,64837,17293,EU-CENTRAL
869,73748,20,CRITICAL,5,23852,2,4328,195,75820,2072,EU-WEST
870,37309,10,CRITICAL,4,34905,1,2092,43,40829,3520,US-EAST
871,48781,13,ROUTINE,1,91805,3,3223,94,66243,17462,EU-WEST
872,31160,8,CRITICAL,5,11216,1,3131,170,34607,3447,EU-WEST
873,29217,8,ROUTINE,1,214274,8,5815,189,46731,17514,EU-WEST
874,30523,8,ROUTINE,3,22287,1,1043,82,35755,5232,EU-WEST
875,44895,12,ROUTINE,2,305118,8,4881,89,57962,13067,EU-WEST
876,58526,16,CRITICAL,4,334900,5,4843,264,67409,8883,EU-WEST
877,64594,17,ROUTINE,3,52640,2,2848,166,77921,13327,US-EAST
878,35616,9,ROUTINE,1,177674,7,4512,331,53031,17415,EU-WEST
879,54942,15,ROUTINE,3,373804,7,4944,65,70189,15247,EU-WEST
880,80662,22,ROUTINE,3,166978,7,6769,117,92450,11788,EU-WEST
881,30987,8,ROUTINE,2,480549,4,5163,1812,46526,15539,EU-CENTRAL
882,65146,18,ROUTINE,1,120883,4,4954,91,71137,5991,EU-CENTRAL
883,50397,13,ROUTINE,2,502090,6,6171,305,61415,11018,EU-CENTRAL
884,44472,12,CRITICAL,5,30426,2,1725,289,48731,4259,EU-WEST
885,70028,19,ROUTINE,1,27037,1,4234,82,73191,3163,EU-CENTRAL
886,89160,24,ROUTINE,1,9251,1,3715,180,102328,13168,US-EAST
887,48790,13,ROUTINE,1,88787,2,4692,880,62756,13966,EU-CENTRAL
888,53501,14,ROUTINE,1,586176,6,3871,60,70910,17409,EU-CENTRAL
889,58614,16,ROUTINE,1,447671,6,5928,1772,78346,19732,EU-CENTRAL
890,64128,17,ROUTINE,1,11547,1,3374,166,68654,4526,EU-WEST
891,72951,20,ROUTINE,1,8442,2,4227,1849,84867,11916,EU-WEST
892,54526,15,ROUTINE,3,295723,6,4032,211,70295,15769,EU-WEST
893,61858,17,CRITICAL,3,184302,4,2857,87,70264,8406,EU-CENTRAL
894,43312,12,ROUTINE,2,582425,5,6204,82,58992,15680,US-EAST
895,59825,16,ROUTINE,1,77268,3,3967,166,65356,5531,US-EAST
896,27405,7,ROUTINE,1,361120,4,4085,148,39537,12132,EU-WEST
897,57963,16,ROUTINE,1,268865,5,3475,139,75089,17126,EU-CENTRAL
898,61812,17,ROUTINE,2,72938,2,3881,228,66291,4479,EU-CENTRAL
899,47973,13,CRITICAL,4,59009,4,5333,239,52660,4687,EU-CENTRAL
900,71971,19,ROUTINE,1,169409,4,5776,1329,92199,20228,EU-WEST
901,50649,14,ROUTINE,2,15093,2,2717,43,57787,7138,EU-WEST
902,50176,13,ROUTINE,3,15225,2,2440,221,61054,10878,US-EAST
903,80030,22,ROUTINE,2,17944,1,4055,212,84841,4811,EU-WEST
904,61520,17,ROUTINE,2,506691,8,5125,677,74813,13293,EU-CENTRAL
905,54487,15,ROUTINE,1,55032,4,3224,94,67843,13356,US-EAST
906,72674,20,ROUTINE,2,21832,2,3080,1618,89093,16419,US-EAST
907,78323,21,ROUTINE,2,17003,1,4147,299,92667,14344,US-EAST
908,41016,11,ROUTINE,2,178961,8,4999,1407,54218,13202,US-EAST
909,78303,21,CRITICAL,4,342738,6,6570,1208,87134,8831,EU-WEST
910,49458,13,ROUTINE,1,184827,8,4418,53,69921,20463,EU-WEST
911,38488,10,CRITICAL,4,6249,1,1925,703,39333,845,EU-CENTRAL
912,73378,20,ROUTINE,3,32144,1,1836,76,77929,4551,EU-CENTRAL
913,58108,16,ROUTINE,3,130679,3,2519,224,70297,12189,US-EAST
914,41185,11,ROUTINE,3,35376,2,1548,1381,49318,8133,US-EAST
915,29617,8,ROUTINE,1,475317,8,5069,1860,40364,10747,US-EAST
916,41104,11,ROUTINE,1,156977,5,2907,208,56182,15078,US-EAST
917,88384,24,ROUTINE,1,224628,6,5648,940,103521,15137,EU-CENTRAL
918,59486,16,CRITICAL,5,192898,8,5380,210,69089,9603,US-EAST
919,21724,6,CRITICAL,5,68145,4,3752,227,27587,5863,EU-CENTRAL
920,73397,20,CRITICAL,3,215324,5,5691,1758,81045,7648,EU-WEST
921,77840,21,ROUTINE,1,33050,2,2907,184,90120,12280,US-EAST
922,84638,23,CRITICAL,5,46070,2,4697,450,87350,2712,US-EAST
923,36820,10,CRITICAL,4,41363,2,1681,1030,42242,5422,EU-CENTRAL
924,26167,7,ROUTINE,1,42862,2,3984,116,30362,4195,EU-WEST
925,72318,20,ROUTINE,1,9888,1,3159,166,81216,8898,EU-WEST
926,42404,11,ROUTINE,1,14819,1,2680,1464,57177,14773,EU-WEST
927,47305,13,CRITICAL,5,22769,2,4153,960,49097,1792,EU-CENTRAL
928,48764,13,ROUTINE,3,201753,8,5897,110,59123,10359,EU-CENTRAL
929,32817,9,ROUTINE,2,145618,4,4270,139,50479,17662,US-EAST
930,27220,7,ROUTINE,3,31799,1,3751,296,43493,16273,US-EAST
931,41388,11,CRITICAL,3,599781,6,3704,185,51124,9736,US-EAST
932,58857,16,ROUTINE,2,18936,2,3328,130,67065,8208,US-EAST
933,36722,10,CRITICAL,4,404746,4,3429,135,46838,10116,EU-WEST
934,64495,17,ROUTINE,3,128008,2,2313,15,82299,17804,EU-WEST
935,61028,16,ROUTINE,1,31907,2,4651,262,70801,9773,EU-WEST
936,78106,21,ROUTINE,1,8745,1,2817,199,87178,9072,US-EAST
937,36416,10,ROUTINE,2,56958,2,2030,44,43362,6946,US-EAST
938,50720,14,ROUTINE,1,26132,1,3163,162,62166,11446,EU-CENTRAL
939,59061,16,CRITICAL,3,36638,2,3954,121,63682,4621,EU-WEST
940,62109,17,ROUTINE,3,78577,4,2483,124,71762,9653,US-EAST
941,64829,18,ROUTINE,3,129718,4,4166,248,80629,15800,EU-WEST
942,59873,16,ROUTINE,2,168368,5,4136,68,74289,14416,US-EAST
943,82078,22,ROUTINE,3,23354,1,3215,179,94746,12668,EU-WEST
944,74951,20,CRITICAL,4,244401,7,7015,149,84634,9683,US-EAST
945,36881,10,ROUTINE,3,92076,3,2011,268,52753,15872,US-EAST
946,65349,18,CRITICAL,5,227628,7,5784,146,72861,7512,US-EAST
947,59110,16,ROUTINE,1,21257,1,1438,151,65674,6564,US-EAST
948,42272,11,ROUTINE,1,175253,8,5918,206,62064,19792,EU-WEST
949,34177,9,ROUTINE,1,5503,1,2794,194,46960,12783,EU-CENTRAL
950,67096,18,ROUTINE,3,106840,2,1677,12,85088,17992,US-EAST
951,58807,16,CRITICAL,3,149097,2,4281,176,64842,6035,US-EAST
952,53269,14,ROUTINE,3,15637,2,1379,99,67780,14511,EU-WEST
953,88887,24,CRITICAL,4,75464,2,4255,123,95169,6282,US-EAST
954,32057,8,CRITICAL,5,18555,1,2447,257,35848,3791,US-EAST
955,47153,13,CRITICAL,5,168481,6,5913,38,53331,6178,EU-WEST
956,38383,10,ROUTINE,1,13570,2,1720,81,48655,10272,EU-CENTRAL
957,65600,18,ROUTINE,1,248386,7,6145,39,86534,20934,EU-WEST
958,29091,8,CRITICAL,3,453241,8,4742,243,39788,10697,EU-CENTRAL
959,66606,18,ROUTINE,1,179416,5,2953,84,74035,7429,US-EAST
960,56462,15,ROUTINE,1,108683,2,1489,258,65609,9147,US-EAST
961,52457,14,ROUTINE,3,28617,2,4212,46,64533,12076,EU-WEST
962,49168,13,CRITICAL,5,42879,3,3618,186,51937,2769,EU-WEST
963,49207,13,ROUTINE,2,207580,6,6058,129,68390,19183,EU-WEST
964,45888,12,ROUTINE,2,36070,1,2781,288,49802,3914,EU-WEST
965,50140,13,ROUTINE,1,40839,2,1752,49,60300,10160,US-EAST
966,53675,14,ROUTINE,3,85098,4,2792,193,68459,14784,US-EAST
967,32664,9,ROUTINE,3,145156,3,2237,158,44189,11525,EU-CENTRAL
968,49311,13,CRITICAL,5,267090,8,6799,191,57756,8445,EU-CENTRAL
969,22889,6,ROUTINE,1,33527,2,4633,122,32097,9208,EU-WEST
970,37232,10,ROUTINE,2,169593,5,4904,288,44401,7169,US-EAST
971,33347,9,CRITICAL,3,26838,1,1571,231,35577,2230,US-EAST
972,88631,24,ROUTINE,2,138141,2,3552,182,106559,17928,US-EAST
973,36056,10,ROUTINE,3,42184,2,2580,1209,43390,7334,US-EAST
974,46823,13,CRITICAL,5,306495,6,5805,291,55172,8349,EU-CENTRAL
975,51924,14,ROUTINE,2,54951,2,2714,177,60695,8771,US-EAST
976,38238,10,CRITICAL,5,32022,2,1824,232,39709,1471,EU-WEST
977,65899,18,ROUTINE,3,17115,1,2101,743,80133,14234,US-EAST
978,40524,11,ROUTINE,2,99671,4,2970,1353,48918,8394,EU-CENTRAL
979,48843,13,ROUTINE,3,181435,4,2955,33,68162,19319,EU-WEST
980,42226,11,ROUTINE,3,100640,4,5723,152,49511,7285,EU-CENTRAL
981,32930,9,ROUTINE,2,214990,6,6415,237,42455,9525,EU-CENTRAL
982,42450,11,CRITICAL,3,35033,2,1905,46,44931,2481,EU-CENTRAL
983,62584,17,ROUTINE,2,14174,2,3795,1829,76359,13775,EU-CENTRAL
984,41384,11,ROUTINE,2,586036,6,4523,438,55806,14422,US-EAST
985,38326,10,ROUTINE,3,57696,3,4940,14,42886,4560,EU-CENTRAL
986,66571,18,ROUTINE,2,443872,4,5002,15,82059,15488,EU-CENTRAL
987,31268,8,ROUTINE,2,38093,1,3401,297,35580,4312,US-EAST
988,84286,23,ROUTINE,3,89140,3,2604,23,96711,12425,EU-CENTRAL
989,26431,7,ROUTINE,3,133291,2,4187,215,33665,7234,EU-CENTRAL
990,75390,20,ROUTINE,1,246250,5,2816,1344,91596,16206,EU-WEST
991,64391,17,ROUTINE,1,234170,7,4250,232,78805,14414,EU-WEST
992,45953,12,CRITICAL,5,40485,4,3215,77,49914,3961,EU-WEST
993,58279,16,ROUTINE,3,12446,1,835,253,62176,3897,EU-WEST
994,45403,12,ROUTINE,1,555460,4,4347,276,67215,21812,EU-CENTRAL
995,38980,10,CRITICAL,5,272747,5,4797,406,49725,10745,EU-WEST
996,44608,12,ROUTINE,1,38786,2,2438,227,53632,9024,EU-CENTRAL
997,43225,12,ROUTINE,1,214900,5,3597,272,52576,9351,EU-WEST
998,22133,6,ROUTINE,3,12245,1,2757,58,34085,11952,EU-WEST
999,41246,11,ROUTINE,3,50119,2,3773,103,53825,12579,US-EAST
1000,41499,11,CRITICAL,4,11794,2,3402,168,43703,2204,EU-CENTRAL
1001,45827,12,ROUTINE,3,37418,1,2620,1361,56579,10752,EU-CENTRAL
1002,52274,14,ROUTINE,3,260572,4,5550,139,70622,18348,US-EAST
1003,30380,8,ROUTINE,3,19358,1,2579,1942,40122,9742,US-EAST
1004,38928,10,ROUTINE,3,172257,8,7437,127,54815,15887,EU-WEST
1005,61642,17,ROUTINE,3,57178,2,2715,300,76894,15252,US-EAST
1006,62986,17,ROUTINE,3,135208,2,2798,938,79495,16509,EU-WEST
1007,78314,21,CRITICAL,4,115440,3,4842,464,84704,6390,EU-WEST
1008,25396,7,CRITICAL,3,558340,8,5547,15,36602,11206,EU-CENTRAL
1009,62105,17,ROUTINE,3,9377,1,3820,72,77975,15870,US-EAST
1010,47591,13,ROUTINE,2,214511,8,5604,928,62976,15385,US-EAST
1011,54320,15,ROUTINE,1,48933,2,3786,492,60371,6051,EU-CENTRAL
1012,87830,24,CRITICAL,3,334158,8,6476,203,99099,11269,US-EAST
1013,50381,13,ROUTINE,2,431038,4,5577,65,60736,10355,EU-WEST
1014,38902,10,ROUTINE,2,5094,1,3799,1092,54383,15481,EU-WEST
1015,49388,13,ROUTINE,2,50995,3,4785,56,59942,10554,EU-WEST
1016,39568,10,ROUTINE,3,10852,2,3932,15,51931,12363,US-EAST
1017,77335,21,ROUTINE,3,117165,3,3013,1096,90778,13443,EU-WEST
1018,63480,17,CRITICAL,3,128884,2,4421,123,67381,3901,US-EAST
1019,36121,10,ROUTINE,2,196709,8,7410,1923,48521,12400,EU-WEST
1020,75729,21,ROUTINE,1,205143,5,4269,785,89001,13272,EU-CENTRAL
1021,48953,13,ROUTINE,3,37088,2,2195,134,57519,8566,EU-CENTRAL
1022,67443,18,ROUTINE,2,226299,6,6879,28,76255,8812,US-EAST
1023,78495,21,ROUTINE,1,119655,2,2292,83,85241,6746,EU-WEST
1024,84942,23,ROUTINE,3,126561,4,4949,147,97487,12545,EU-CENTRAL
1025,71900,19,ROUTINE,1,193169,7,4572,292,79919,8019,EU-CENTRAL
1026,58911,16,ROUTINE,2,206011,5,5704,257,76380,17469,EU-CENTRAL
1027,48174,13,CRITICAL,3,26799,2,1787,19,53188,5014,US-EAST
1028,66038,18,ROUTINE,1,60071,3,5060,96,81963,15925,EU-WEST
1029,33378,9,ROUTINE,2,49390,3,1941,115,45689,12311,EU-WEST
1030,76958,21,ROUTINE,2,39665,2,3882,270,90692,13734,EU-WEST
1031,29148,8,ROUTINE,2,54708,4,3426,126,35239,6091,EU-WEST
1032,77099,21,ROUTINE,2,461118,7,7316,80,94678,17579,EU-WEST
1033,84179,23,ROUTINE,2,41459,4,5470,116,95130,10951,EU-CENTRAL
1034,42074,11,ROUTINE,1,321853,5,4196,30,63765,21691,EU-WEST
1035,83078,23,CRITICAL,5,55062,2,2349,14,85202,2124,EU-WEST
1036,61369,17,ROUTINE,1,51623,4,3887,1375,68963,7594,US-EAST
1037,27389,7,CRITICAL,4,144881,2,3764,185,32765,5376,EU-CENTRAL
1038,60706,16,CRITICAL,4,434519,8,5563,18,68541,7835,US-EAST
1039,36293,10,ROUTINE,3,67625,3,3478,84,51245,14952,US-EAST
1040,67346,18,ROUTINE,1,240982,5,4414,263,85394,18048,EU-WEST
1041,47866,13,CRITICAL,4,143489,2,1407,297,56174,8308,US-EAST
1042,38707,10,ROUTINE,3,99004,3,5295,274,50968,12261,EU-CENTRAL
1043,74925,20,ROUTINE,1,14593,1,2226,64,77891,2966,US-EAST
1044,44640,12,ROUTINE,1,33664,2,3853,210,48204,3564,US-EAST
1045,64831,18,ROUTINE,1,53463,4,4528,116,74086,9255,EU-CENTRAL
1046,67608,18,ROUTINE,2,189556,8,5198,1906,76778,9170,EU-CENTRAL
1047,54078,15,CRITICAL,3,34653,1,2642,62,56865,2787,US-EAST
1048,55095,15,ROUTINE,3,59558,4,5021,1560,67274,12179,US-EAST
1049,25871,7,ROUTINE,2,15583,2,4462,1470,41754,15883,EU-CENTRAL
1050,54804,15,CRITICAL,3,74559,2,3825,162,57586,2782,EU-CENTRAL
1051,80853,22,ROUTINE,3,17952,1,4265,299,83918,3065,US-EAST
1052,30285,8,ROUTINE,1,95814,4,5057,143,36230,5945,EU-CENTRAL
1053,33512,9,ROUTINE,2,249024,6,3843,136,55483,21971,EU-WEST
1054,43006,11,ROUTINE,3,15067,2,2925,267,53217,10211,US-EAST
1055,80164,22,CRITICAL,5,53511,2,2791,165,83539,3375,EU-CENTRAL
1056,82744,22,ROUTINE,3,81375,2,4610,1129,90426,7682,EU-WEST
1057,42099,11,ROUTINE,2,80079,4,4563,298,52617,10518,EU-WEST
1058,22608,6,ROUTINE,1,87004,4,3030,145,39661,17053,US-EAST
1059,81750,22,ROUTINE,2,96059,4,4798,133,90446,8696,EU-WEST
1060,81378,22,ROUTINE,1,452688,6,5894,279,99245,17867,EU-WEST
1061,58871,16,CRITICAL,3,38845,2,3774,13,64247,5376,EU-WEST
1062,38505,10,ROUTINE,2,498988,8,7464,88,52094,13589,US-EAST
1063,41028,11,CRITICAL,5,48121,4,2516,147,43726,2698,US-EAST
1064,51020,14,ROUTINE,2,16936,2,3109,895,54943,3923,EU-CENTRAL
1065,49975,13,ROUTINE,1,31354,2,3122,133,56535,6560,EU-WEST
1066,77096,21,CRITICAL,5,180506,5,3424,252,85141,8045,US-EAST
1067,34527,9,ROUTINE,3,494789,8,4760,177,45565,11038,EU-WEST
1068,46787,12,ROUTINE,3,122415,2,1621,153,58581,11794,EU-CENTRAL
1069,29446,8,ROUTINE,1,130143,3,3183,1870,42174,12728,EU-CENTRAL
1070,49997,13,CRITICAL,4,517378,4,2874,151,58732,8735,US-EAST
1071,46785,12,ROUTINE,1,29594,2,2185,186,62735,15950,US-EAST
1072,79233,22,ROUTINE,1,17054,1,3562,31,83061,3828,US-EAST
1073,71488,19,ROUTINE,3,17604,1,4330,121,85660,14172,EU-WEST
1074,38102,10,ROUTINE,1,34694,1,799,50,43148,5046,EU-CENTRAL
1075,50802,14,ROUTINE,3,497343,4,4026,290,71191,20389,US-EAST
1076,70458,19,ROUTINE,1,99078,2,3607,174,79558,9100,EU-CENTRAL
1077,63318,17,ROUTINE,2,189834,8,6697,81,74393,11075,EU-CENTRAL
1078,49740,13,CRITICAL,5,21315,2,4592,375,53119,3379,EU-WEST
1079,52930,14,ROUTINE,2,41798,2,2653,279,59909,6979,EU-WEST
1080,57427,15,CRITICAL,5,296730,6,4844,246,65669,8242,US-EAST
1081,37437,10,ROUTINE,2,14410,1,4187,1830,44095,6658,US-EAST
1082,62135,17,ROUTINE,1,375421,4,3498,1660,78038,15903,EU-CENTRAL
1083,31808,8,ROUTINE,1,170505,8,6700,295,44159,12351,US-EAST
1084,25189,6,CRITICAL,4,113103,2,4384,15,32150,6961,EU-CENTRAL
1085,60049,16,CRITICAL,4,8263,2,2890,267,61439,1390,EU-WEST
1086,57441,15,CRITICAL,3,231834,5,3000,251,63866,6425,EU-CENTRAL
1087,37926,10,ROUTINE,2,237034,8,7414,712,55476,17550,EU-CENTRAL
1088,37148,10,ROUTINE,2,10347,1,4179,274,45228,8080,EU-WEST
1089,87581,24,CRITICAL,4,8744,2,1715,275,89977,2396,EU-WEST
1090,26903,7,ROUTINE,3,585136,5,6008,1157,46117,19214,US-EAST
1091,47688,13,ROUTINE,2,66559,3,5357,242,51875,4187,EU-CENTRAL
1092,48799,13,ROUTINE,1,149172,4,5536,146,57607,8808,EU-WEST
1093,30992,8,CRITICAL,5,157267,6,5175,152,37253,6261,EU-CENTRAL
1094,33121,9,ROUTINE,3,43735,3,3037,300,48490,15369,US-EAST
1095,56075,15,CRITICAL,3,28541,1,2894,285,58452,2377,EU-WEST
1096,31737,8,CRITICAL,3,31126,1,2382,1493,36507,4770,US-EAST
1097,81379,22,CRITICAL,3,33145,2,2078,291,86240,4861,EU-WEST
1098,25351,7,ROUTINE,3,17165,1,1872,216,38425,13074,EU-WEST
1099,63554,17,ROUTINE,3,408786,8,5580,1599,74711,11157,EU-CENTRAL
1100,84878,23,ROUTINE,3,541521,4,2986,57,97676,12798,EU-WEST
1101,48201,13,ROUTINE,1,544358,4,3887,11,64833,16632,EU-WEST
1102,35483,9,ROUTINE,1,55913,3,3046,253,42527,7044,EU-CENTRAL
1103,81361,22,ROUTINE,1,222754,7,5361,1271,98168,16807,US-EAST
1104,86388,23,ROUTINE,2,154867,6,6031,92,93304,6916,EU-WEST
1105,77911,21,CRITICAL,5,7575,1,2277,13,80987,3076,EU-WEST
1106,52807,14,ROUTINE,1,37797,1,1724,268,60023,7216,US-EAST
1107,83205,23,ROUTINE,1,7752,2,3994,101,86104,2899,US-EAST
1108,49856,13,CRITICAL,4,62155,2,3616,32,52718,2862,EU-WEST
1109,46196,12,CRITICAL,4,16522,1,4035,72,51297,5101,US-EAST
1110,85248,23,ROUTINE,1,40364,4,4294,48,91203,5955,EU-CENTRAL
1111,54540,15,CRITICAL,4,459648,4,5618,39,65325,10785,EU-CENTRAL
1112,46574,12,CRITICAL,4,68389,2,4762,273,51092,4518,US-EAST
1113,56890,15,ROUTINE,3,59493,2,1619,1529,61142,4252,US-EAST
1114,53288,14,ROUTINE,1,155854,5,5092,246,72731,19443,US-EAST
1115,41999,11,CRITICAL,4,134082,2,1791,60,47250,5251,EU-WEST
1116,54948,15,CRITICAL,4,112116,2,3017,156,59375,4427,EU-WEST
1117,33556,9,ROUTINE,3,171869,7,5952,1317,45552,11996,EU-WEST
1118,60270,16,ROUTINE,2,402696,7,4840,172,77910,17640,EU-WEST
1119,39851,11,CRITICAL,3,103674,2,1987,247,43928,4077,EU-WEST
1120,68421,19,ROUTINE,2,90251,4,5267,128,85936,17515,US-EAST
1121,70224,19,ROUTINE,2,184315,5,3830,209,78627,8403,EU-CENTRAL
1122,57918,16,ROUTINE,3,439939,5,3866,221,67655,9737,US-EAST
1123,27694,7,ROUTINE,1,131626,4,2784,239,45184,17490,EU-WEST
1124,31822,8,ROUTINE,2,8131,1,3033,248,36144,4322,EU-CENTRAL
1125,42253,11,ROUTINE,1,78827,3,4102,205,48003,5750,EU-CENTRAL
1126,22443,6,ROUTINE,2,13556,1,3831,114,29533,7090,EU-WEST
1127,53209,14,ROUTINE,1,351020,4,2860,44,69276,16067,US-EAST
1128,26789,7,ROUTINE,1,42688,2,2264,8,36553,9764,US-EAST
1129,39885,11,ROUTINE,1,24137,2,2566,196,47954,8069,EU-WEST
1130,61216,17,ROUTINE,3,54671,2,2266,1330,65789,4573,EU-CENTRAL
1131,25291,7,CRITICAL,3,161758,7,5050,10,33768,8477,EU-CENTRAL
1132,67673,18,ROUTINE,3,108600,3,3052,90,74289,6616,EU-CENTRAL
1133,76882,21,CRITICAL,4,12879,1,884,69,81482,4600,EU-CENTRAL
1134,70099,19,CRITICAL,3,5173,1,2437,187,74230,4131,EU-WEST
1135,31879,8,ROUTINE,3,177971,8,6126,29,46122,14243,US-EAST
1136,52567,14,ROUTINE,1,17804,2,3523,1796,59526,6959,EU-WEST
1137,23641,6,ROUTINE,1,85384,3,1903,95,40837,17196,EU-WEST
1138,54046,15,CRITICAL,4,144296,2,2118,23,58979,4933,EU-WEST
1139,88386,24,ROUTINE,3,401577,7,5680,276,103811,15425,EU-WEST
1140,72982,20,CRITICAL,4,58764,2,4530,144,77735,4753,EU-CENTRAL
1141,89544,24,ROUTINE,2,413338,5,5587,59,102205,12661,EU-WEST
1142,52113,14,ROUTINE,1,57054,4,4324,57,65996,13883,EU-CENTRAL
1143,81545,22,ROUTINE,1,31698,1,2826,194,90264,8719,EU-CENTRAL
1144,55523,15,CRITICAL,3,588307,4,4822,231,64285,8762,EU-WEST
1145,49806,13,ROUTINE,1,133602,4,5509,178,61244,11438,US-EAST
1146,32526,9,ROUTINE,3,337549,8,7274,947,41940,9414,EU-CENTRAL
1147,45568,12,CRITICAL,3,527645,7,6627,928,55783,10215,EU-WEST
1148,77874,21,ROUTINE,3,360855,5,5508,19,91245,13371,US-EAST
1149,88087,24,ROUTINE,2,219280,4,3725,498,100329,12242,EU-CENTRAL
1150,77886,21,ROUTINE,3,182485,5,6015,57,88454,10568,EU-WEST
1151,41855,11,ROUTINE,2,153927,7,7252,836,53105,11250,EU-WEST
1152,80877,22,ROUTINE,1,223003,5,3289,223,91835,10958,EU-CENTRAL
1153,43063,11,CRITICAL,3,12100,1,4028,161,46315,3252,US-EAST
1154,41982,11,ROUTINE,1,6876,2,3969,260,44603,2621,EU-WEST
1155,67970,18,ROUTINE,3,300468,4,3129,211,78515,10545,US-EAST
1156,25413,7,CRITICAL,3,494635,7,3876,218,33755,8342,EU-CENTRAL
1157,45663,12,ROUTINE,3,43074,4,4568,131,61080,15417,EU-CENTRAL
1158,69933,19,CRITICAL,3,543389,4,3370,1109,79471,9538,US-EAST
1159,84225,23,ROUTINE,3,6749,2,2958,138,92634,8409,EU-CENTRAL
1160,58746,16,ROUTINE,2,156577,8,5403,609,78177,19431,US-EAST
1161,65222,18,CRITICAL,4,414181,4,2463,295,73955,8733,US-EAST
1162,40227,11,ROUTINE,3,124091,3,4004,273,57216,16989,EU-WEST
1163,31083,8,ROUTINE,1,524005,6,5081,107,43761,12678,EU-WEST
1164,77140,21,CRITICAL,3,39619,1,922,40,79592,2452,EU-WEST
1165,33805,9,ROUTINE,2,16068,1,3093,1211,38724,4919,EU-CENTRAL
1166,24728,6,ROUTINE,3,486880,7,7284,282,44896,20168,EU-CENTRAL
1167,48539,13,CRITICAL,3,171296,4,5366,8,54048,5509,EU-CENTRAL
1168,24758,6,CRITICAL,5,210716,5,4641,25,31850,7092,US-EAST
1169,43557,12,CRITICAL,4,196127,6,6483,272,52449,8892,EU-WEST
1170,28672,7,ROUTINE,2,192057,7,6915,791,44813,16141,EU-WEST
1171,76248,21,ROUTINE,1,17310,1,2699,272,80166,3918,EU-CENTRAL
1172,63143,17,ROUTINE,2,52896,4,4620,166,75773,12630,EU-CENTRAL
1173,49551,13,ROUTINE,1,391463,8,6454,103,63420,13869,US-EAST
1174,84997,23,ROUTINE,2,21489,1,4334,30,91828,6831,US-EAST
1175,27650,7,ROUTINE,1,127775,3,4237,133,40753,13103,US-EAST
1176,76510,21,ROUTINE,3,10880,1,1921,113,88352,11842,EU-WEST
1177,44362,12,ROUTINE,1,202557,8,7415,48,59132,14770,EU-WEST
1178,67885,18,CRITICAL,4,231859,4,2824,10,77964,10079,EU-CENTRAL
1179,56825,15,CRITICAL,4,13224,1,1301,96,58499,1674,US-EAST
1180,60937,16,CRITICAL,3,33122,2,2800,272,63868,2931,EU-WEST
1181,61880,17,CRITICAL,5,249216,8,4602,250,69497,7617,US-EAST
1182,49349,13,ROUTINE,3,32700,1,858,292,54020,4671,EU-WEST
1183,41691,11,ROUTINE,1,57577,3,4582,1839,51198,9507,US-EAST
1184,81805,22,CRITICAL,3,50223,2,4735,216,83847,2042,EU-WEST
1185,73801,20,ROUTINE,3,9141,2,2845,862,89030,15229,EU-CENTRAL
1186,77785,21,ROUTINE,3,230737,6,5030,166,91614,13829,EU-WEST
1187,68316,18,ROUTINE,1,376561,4,3606,28,89451,21135,EU-CENTRAL
1188,74269,20,ROUTINE,2,37497,2,3318,1189,82858,8589,EU-WEST
1189,81365,22,ROUTINE,2,368847,6,5381,244,100252,18887,EU-WEST
1190,38780,10,ROUTINE,3,123737,4,2909,245,57282,18502,US-EAST
1191,30747,8,CRITICAL,4,45227,4,5817,27,33001,2254,EU-CENTRAL
1192,25420,7,CRITICAL,3,186991,8,6229,72,34875,9455,US-EAST
1193,85478,23,ROUTINE,3,36630,2,4593,136,93633,8155,EU-WEST
1194,77447,21,CRITICAL,4,27168,1,2580,224,80755,3308,US-EAST
1195,42808,11,ROUTINE,3,147105,3,2362,184,59076,16268,US-EAST
1196,79808,22,ROUTINE,2,30580,2,3796,134,96022,16214,US-EAST
1197,70625,19,CRITICAL,3,211472,8,5380,15,78783,8158,EU-CENTRAL
1198,52141,14,ROUTINE,1,146594,3,2859,26,64869,12728,EU-WEST
1199,49803,13,ROUTINE,3,165341,8,7574,1537,64112,14309,EU-WEST
1200,89661,24,ROUTINE,3,44544,2,4187,54,94669,5008,US-EAST
1201,80791,22,ROUTINE,2,222531,4,2757,8,99207,18416,US-EAST
1202,56150,15,ROUTINE,1,195650,7,5632,185,68035,11885,EU-CENTRAL
1203,80686,22,ROUTINE,3,191230,7,5614,153,92697,12011,EU-CENTRAL
1204,26730,7,ROUTINE,3,252518,8,6346,146,42741,16011,EU-WEST
1205,40955,11,ROUTINE,3,534951,4,4484,221,54596,13641,EU-CENTRAL
1206,36247,10,CRITICAL,3,6824,2,3337,96,40349,4102,EU-CENTRAL
1207,66106,18,ROUTINE,3,393192,6,4260,100,78066,11960,EU-WEST
1208,69055,19,ROUTINE,3,139297,3,3790,1840,85859,16804,EU-CENTRAL
1209,42698,11,ROUTINE,3,49570,2,1697,244,54077,11379,EU-WEST
1210,57202,15,CRITICAL,5,43849,3,3053,5,61488,4286,EU-CENTRAL
1211,29363,8,ROUTINE,2,596948,6,3898,130,42226,12863,US-EAST
1212,23595,6,ROUTINE,2,21771,2,2685,146,28723,5128,EU-CENTRAL
1213,39447,10,ROUTINE,2,285878,6,5404,288,53653,14206,EU-CENTRAL
1214,47698,13,ROUTINE,1,192336,6,6274,262,56570,8872,US-EAST
1215,63810,17,ROUTINE,3,77007,2,3013,1308,70789,6979,EU-WEST
1216,71289,19,ROUTINE,1,212603,4,2397,194,81267,9978,EU-CENTRAL
1217,74410,20,ROUTINE,2,59724,2,1927,1536,89479,15069,US-EAST
1218,47005,13,ROUTINE,3,174829,4,2532,1470,58633,11628,EU-WEST
1219,36374,10,ROUTINE,2,22206,2,4340,190,45604,9230,US-EAST
1220,43023,11,ROUTINE,3,54843,3,2912,289,47390,4367,EU-WEST
1221,86520,24,ROUTINE,3,399330,4,5204,538,99111,12591,EU-CENTRAL
1222,65064,18,ROUTINE,1,57494,2,1818,59,70230,5166,US-EAST
1223,64340,17,ROUTINE,3,29115,2,1630,216,74065,9725,EU-WEST
1224,66187,18,ROUTINE,2,222950,7,5388,126,87486,21299,US-EAST
1225,42558,11,ROUTINE,2,287308,7,5162,65,52534,9976,US-EAST
1226,78148,21,ROUTINE,1,23391,2,4095,252,94278,16130,EU-CENTRAL
1227,51967,14,CRITICAL,3,75079,4,4497,213,57834,5867,EU-WEST
1228,89200,24,CRITICAL,4,365093,8,7018,1806,97020,7820,EU-CENTRAL
1229,60282,16,ROUTINE,3,38960,1,1880,61,73751,13469,EU-WEST
1230,58987,16,ROUTINE,1,17618,1,2013,155,70733,11746,EU-WEST
1231,70409,19,CRITICAL,4,27499,2,3699,1094,75396,4987,US-EAST
1232,31235,8,ROUTINE,1,403803,4,2876,251,48834,17599,US-EAST
1233,29530,8,CRITICAL,5,47944,4,5607,238,31407,1877,US-EAST
1234,41378,11,ROUTINE,2,27113,1,1169,152,48143,6765,EU-CENTRAL
1235,30520,8,CRITICAL,5,85727,4,3472,191,34895,4375,US-EAST
1236,26861,7,ROUTINE,3,55173,2,4324,273,39707,12846,EU-CENTRAL
1237,26801,7,ROUTINE,3,109968,2,2233,238,35488,8687,EU-WEST
1238,37731,10,ROUTINE,1,428809,8,5433,1406,57765,20034,EU-WEST
1239,25592,7,ROUTINE,3,50639,4,4063,993,39912,14320,US-EAST
1240,69384,19,ROUTINE,3,132184,3,5344,189,83957,14573,US-EAST
1241,38776,10,ROUTINE,2,113070,4,4401,310,53380,14604,EU-CENTRAL
1242,59027,16,ROUTINE,3,11428,1,1020,1357,63370,4343,EU-CENTRAL
1243,87574,24,CRITICAL,4,90440,2,4689,180,93011,5437,EU-CENTRAL
1244,51234,14,ROUTINE,1,6026,1,1381,88,61287,10053,EU-WEST
1245,68222,18,CRITICAL,4,49748,3,3902,174,73739,5517,EU-CENTRAL
1246,44127,12,ROUTINE,1,30318,2,2577,428,50476,6349,EU-WEST
1247,38525,10,CRITICAL,3,56279,4,4950,275,41206,2681,US-EAST
1248,50788,14,CRITICAL,3,45997,3,3546,274,53210,2422,US-EAST
1249,58390,16,CRITICAL,5,97375,2,4626,100,62906,4516,EU-CENTRAL
1250,78447,21,CRITICAL,4,566216,7,5610,287,88605,10158,US-EAST
1251,83331,23,ROUTINE,2,138780,4,4760,46,91219,7888,US-EAST
1252,82317,22,ROUTINE,3,219334,4,3698,186,95561,13244,EU-CENTRAL
1253,37550,10,ROUTINE,3,9321,1,1917,237,51188,13638,US-EAST
1254,78295,21,ROUTINE,1,387360,5,6383,239,89392,11097,EU-WEST
1255,37632,10,ROUTINE,3,101526,2,3418,126,52109,14477,US-EAST
1256,89865,24,ROUTINE,3,31719,1,3995,992,101030,11165,EU-WEST
1257,58254,16,CRITICAL,5,221955,7,3959,251,65461,7207,EU-CENTRAL
1258,71986,19,ROUTINE,2,27600,2,3142,109,84802,12816,US-EAST
1259,77618,21,CRITICAL,4,54556,2,4635,73,80949,3331,US-EAST
1260,64221,17,CRITICAL,3,50521,4,3944,1105,69361,5140,EU-WEST
1261,34766,9,ROUTINE,3,55641,2,4421,267,44701,9935,US-EAST
1262,45565,12,ROUTINE,2,36006,2,3293,206,56253,10688,EU-WEST
1263,74945,20,ROUTINE,2,245777,7,4391,118,90811,15866,EU-WEST
1264,73067,20,ROUTINE,1,440633,5,6137,43,86540,13473,US-EAST
1265,49612,13,ROUTINE,3,569450,5,5579,67,65528,15916,EU-WEST
1266,35460,9,CRITICAL,4,72625,3,4336,179,40939,5479,EU-CENTRAL
1267,42243,11,ROUTINE,3,127801,3,3486,1219,53368,11125,EU-WEST
1268,25302,7,ROUTINE,1,187287,7,6838,247,44042,18740,EU-CENTRAL
1269,82374,22,ROUTINE,1,24373,1,2338,16,92496,10122,EU-CENTRAL
1270,42565,11,CRITICAL,5,224621,7,6842,267,52875,10310,EU-CENTRAL
1271,88696,24,ROUTINE,3,50685,4,2747,205,99384,10688,US-EAST
1272,77952,21,CRITICAL,3,35949,1,2730,1322,80522,2570,EU-CENTRAL
1273,76658,21,ROUTINE,2,411655,4,3938,241,87734,11076,EU-CENTRAL
1274,70848,19,ROUTINE,1,114656,2,3922,7,81231,10383,US-EAST
1275,57250,15,ROUTINE,1,16038,2,2564,1267,73622,16372,US-EAST
1276,62880,17,ROUTINE,3,480809,8,6477,966,80410,17530,EU-CENTRAL
1277,25939,7,ROUTINE,1,41422,2,2047,48,31634,5695,EU-WEST
1278,59272,16,CRITICAL,3,19848,1,3581,177,63733,4461,EU-WEST
1279,23428,6,CRITICAL,5,152768,8,4389,134,29022,5594,EU-CENTRAL
1280,34409,9,ROUTINE,1,45723,2,2766,107,41760,7351,EU-WEST
1281,40532,11,CRITICAL,3,151550,4,4413,39,47588,7056,EU-WEST
1282,49576,13,CRITICAL,5,50745,2,2906,45,54649,5073,EU-WEST
1283,23971,6,CRITICAL,3,17730,2,2013,249,28000,4029,US-EAST
1284,26919,7,CRITICAL,5,83758,2,2421,121,32647,5728,EU-CENTRAL
1285,38986,10,CRITICAL,4,397372,4,5636,112,48281,9295,EU-WEST
1286,64935,18,ROUTINE,1,17132,2,3881,236,75609,10674,EU-CENTRAL
1287,78275,21,ROUTINE,3,29401,2,2873,212,87798,9523,US-EAST
1288,68642,19,ROUTINE,3,37462,1,1975,88,74846,6204,US-EAST
1289,49533,13,ROUTINE,2,35787,2,2443,103,63890,14357,EU-CENTRAL
1290,31033,8,ROUTINE,1,39381,2,2535,188,41470,10437,EU-WEST
1291,73062,20,ROUTINE,2,193669,6,6114,341,90760,17698,EU-WEST
1292,42069,11,ROUTINE,1,78242,4,5638,1425,53103,11034,US-EAST
1293,77397,21,CRITICAL,3,14426,1,2709,149,78416,1019,EU-WEST
1294,83923,23,ROUTINE,3,107221,2,4442,13,93567,9644,US-EAST
1295,77857,21,ROUTINE,3,118459,4,4159,6,83312,5455,US-EAST
1296,88852,24,ROUTINE,2,27004,1,3870,176,96053,7201,EU-CENTRAL
1297,32981,9,CRITICAL,3,90515,3,2692,141,38959,5978,US-EAST
1298,83145,23,ROUTINE,1,42432,3,4336,196,98103,14958,US-EAST
1299,65225,18,CRITICAL,3,16864,2,3317,228,69643,4418,EU-CENTRAL
1300,48266,13,ROUTINE,3,13014,2,2506,41,53079,4813,EU-CENTRAL
1301,52696,14,ROUTINE,2,77527,4,4618,147,61859,9163,EU-WEST
1302,47245,13,ROUTINE,1,54310,3,4593,81,57673,10428,EU-WEST
1303,50502,14,ROUTINE,3,427322,6,6116,294,61846,11344,EU-WEST
1304,28469,7,ROUTINE,3,391407,6,6221,209,45090,16621,EU-WEST
1305,71164,19,ROUTINE,3,20396,2,1586,262,84837,13673,EU-WEST
1306,53186,14,ROUTINE,1,9040,1,1115,146,59284,6098,US-EAST
1307,46838,13,ROUTINE,1,28664,1,1539,1682,58233,11395,EU-WEST
1308,76368,21,CRITICAL,4,79809,3,4228,56,81269,4901,EU-CENTRAL
1309,85265,23,CRITICAL,5,69076,3,5084,16,90657,5392,EU-CENTRAL
1310,42605,11,ROUTINE,2,163343,4,5159,1045,51485,8880,EU-CENTRAL
1311,39568,10,ROUTINE,2,525174,6,6162,243,58506,18938,EU-CENTRAL
1312,29968,8,ROUTINE,3,32509,2,3517,254,44430,14462,US-EAST
1313,57031,15,ROUTINE,3,221388,6,4481,187,65192,8161,EU-CENTRAL
1314,33413,9,ROUTINE,3,29096,2,2962,1686,39904,6491,EU-CENTRAL
1315,54659,15,ROUTINE,3,35806,2,1542,184,68633,13974,EU-WEST
1316,33438,9,ROUTINE,2,189419,7,6947,215,46467,13029,US-EAST
1317,61860,17,ROUTINE,1,17222,1,1716,690,70660,8800,US-EAST
1318,37423,10,CRITICAL,3,178264,8,7469,110,44986,7563,US-EAST
1319,34458,9,ROUTINE,1,172343,5,4003,134,51603,17145,US-EAST
1320,73034,20,ROUTINE,3,6051,2,2126,88,86204,13170,US-EAST
1321,26926,7,ROUTINE,2,477754,6,6618,278,46089,19163,US-EAST
1322,58154,16,CRITICAL,3,372316,5,3158,202,65755,7601,US-EAST
1323,49105,13,ROUTINE,1,47002,3,3351,243,62353,13248,EU-CENTRAL
1324,58861,16,ROUTINE,2,12957,1,1846,1664,72837,13976,EU-WEST
1325,45284,12,ROUTINE,2,244451,6,5235,234,56628,11344,EU-WEST
1326,76708,21,ROUTINE,3,46455,2,2528,256,84826,8118,EU-CENTRAL
1327,53832,14,ROUTINE,3,521469,5,6288,250,73344,19512,EU-CENTRAL
1328,79809,22,CRITICAL,5,104584,4,2869,294,84928,5119,US-EAST
1329,53907,14,CRITICAL,3,97971,3,2296,163,60896,6989,EU-WEST
1330,52796,14,ROUTINE,2,313680,5,4029,761,65971,13175,EU-WEST
1331,59681,16,ROUTINE,1,56206,3,3342,298,64893,5212,EU-WEST
1332,84540,23,CRITICAL,5,472543,5,4221,162,92769,8229,EU-WEST
1333,57615,16,ROUTINE,3,29744,2,1636,1097,67830,10215,EU-WEST
1334,49814,13,CRITICAL,3,25547,2,3567,410,54125,4311,EU-WEST
1335,34100,9,ROUTINE,2,57404,4,3103,131,41899,7799,US-EAST
1336,33475,9,ROUTINE,2,99320,2,3593,155,43663,10188,EU-WEST
1337,37112,10,CRITICAL,5,244615,8,7248,120,45214,8102,EU-CENTRAL
1338,46942,13,CRITICAL,4,19927,2,3222,100,48593,1651,EU-WEST
1339,66812,18,ROUTINE,2,6865,1,2768,24,73851,7039,EU-CENTRAL
1340,46243,12,CRITICAL,4,209304,5,4987,469,52120,5877,US-EAST
1341,60362,16,ROUTINE,3,126192,2,2126,80,69811,9449,US-EAST
1342,43539,12,ROUTINE,1,277350,4,5627,1081,55329,11790,EU-WEST
1343,62438,17,ROUTINE,3,516354,4,3023,1645,74059,11621,EU-WEST
1344,75814,21,CRITICAL,5,51941,2,2818,217,78466,2652,EU-CENTRAL
1345,78861,21,ROUTINE,1,197146,8,4360,750,91466,12605,EU-CENTRAL
1346,25543,7,ROUTINE,1,66703,2,1631,247,38179,12636,EU-WEST
1347,81376,22,ROUTINE,1,11626,2,1526,92,90642,9266,EU-CENTRAL
1348,46477,12,ROUTINE,1,280592,6,3666,30,69064,22587,US-EAST
1349,29040,8,ROUTINE,3,5834,2,4098,91,43078,14038,EU-WEST
1350,31329,8,CRITICAL,5,536967,4,4432,41,43027,11698,US-EAST
1351,28272,7,ROUTINE,2,285507,4,4224,145,40506,12234,EU-WEST
1352,74725,20,CRITICAL,3,354486,8,6857,24,83514,8789,US-EAST
1353,25370,7,ROUTINE,3,77841,2,4233,280,40213,14843,US-EAST
1354,35542,9,ROUTINE,1,209868,6,4293,96,51140,15598,EU-CENTRAL
1355,29322,8,ROUTINE,2,243155,5,5809,457,48051,18729,EU-CENTRAL
1356,21951,6,ROUTINE,1,353486,8,7052,288,40262,18311,US-EAST
1357,52887,14,ROUTINE,1,144337,2,2158,290,59443,6556,EU-WEST
1358,34321,9,ROUTINE,3,118430,2,3266,151,49168,14847,EU-CENTRAL
1359,42260,11,ROUTINE,1,40494,4,3307,166,56769,14509,US-EAST
1360,41304,11,ROUTINE,2,28721,1,3206,97,54801,13497,EU-CENTRAL
1361,29969,8,ROUTINE,1,23540,1,1688,165,40202,10233,US-EAST
1362,69287,19,ROUTINE,3,358806,8,5884,258,79800,10513,US-EAST
1363,37516,10,ROUTINE,3,6376,1,802,143,51633,14117,EU-WEST
1364,48159,13,CRITICAL,3,595089,4,3571,14,59096,10937,US-EAST
1365,42434,11,ROUTINE,1,89692,2,4268,10,53193,10759,EU-CENTRAL
1366,33453,9,ROUTINE,2,162284,8,6630,181,43961,10508,EU-WEST
1367,82904,23,CRITICAL,4,581888,4,5478,82,90508,7604,US-EAST
1368,34260,9,ROUTINE,2,147159,4,3168,178,43765,9505,EU-WEST
1369,56482,15,ROUTINE,1,6909,2,2512,248,67559,11077,US-EAST
1370,46843,13,ROUTINE,3,213319,7,5163,40,57802,10959,EU-WEST
1371,72381,20,ROUTINE,1,14152,1,3304,127,78719,6338,EU-CENTRAL
1372,70046,19,ROUTINE,2,147418,4,2927,1671,88646,18600,EU-CENTRAL
1373,26910,7,ROUTINE,3,101928,4,4914,134,43334,16424,US-EAST
1374,52148,14,ROUTINE,2,146857,3,4184,99,65838,13690,EU-CENTRAL
1375,52206,14,ROUTINE,3,15424,1,2015,1430,58301,6095,US-EAST
1376,58721,16,CRITICAL,4,46349,2,3767,127,61348,2627,EU-CENTRAL
1377,80670,22,ROUTINE,1,16788,1,2265,68,85362,4692,EU-WEST
1378,64989,18,ROUTINE,3,334130,7,4828,169,78458,13469,EU-CENTRAL
1379,50886,14,CRITICAL,4,10119,1,785,1185,53560,2674,EU-CENTRAL
1380,35148,9,ROUTINE,3,53537,3,2711,223,45040,9892,EU-CENTRAL
1381,31136,8,CRITICAL,3,222738,8,5806,96,37765,6629,EU-WEST
1382,76745,21,ROUTINE,1,22168,2,2037,156,88589,11844,EU-CENTRAL
1383,43275,12,ROUTINE,3,50252,3,2420,187,48099,4824,US-EAST
1384,70414,19,ROUTINE,3,185934,7,5004,558,79176,8762,US-EAST
1385,42929,11,CRITICAL,4,98035,3,3368,1752,49917,6988,EU-WEST
1386,45827,12,ROUTINE,3,65136,4,4668,1300,50636,4809,EU-WEST
1387,75491,20,ROUTINE,3,206330,4,4834,50,89563,14072,EU-WEST
1388,51432,14,CRITICAL,3,169245,6,4356,181,58152,6720,EU-CENTRAL
1389,23841,6,ROUTINE,3,5705,1,4118,152,39769,15928,US-EAST
1390,28324,7,ROUTINE,3,86774,2,2406,121,36452,8128,EU-CENTRAL
1391,73944,20,ROUTINE,2,12726,1,2862,137,87111,13167,EU-WEST
1392,59038,16,ROUTINE,2,126803,4,4815,197,72721,13683,EU-CENTRAL
1393,26014,7,ROUTINE,3,5538,2,3480,164,39523,13509,EU-CENTRAL
1394,34433,9,ROUTINE,3,28151,2,4348,1700,45608,11175,US-EAST
1395,59542,16,CRITICAL,5,577079,5,5837,211,68051,8509,US-EAST
1396,21981,6,CRITICAL,3,509437,7,6101,69,30541,8560,EU-CENTRAL
1397,32986,9,ROUTINE,2,377473,7,7116,151,51211,18225,EU-CENTRAL
1398,74768,20,ROUTINE,2,242041,5,3467,1575,96323,21555,US-EAST
1399,35794,9,ROUTINE,2,252067,7,6134,62,55245,19451,EU-CENTRAL
1400,63327,17,ROUTINE,3,132959,2,1960,1819,79732,16405,US-EAST
1401,46886,13,CRITICAL,3,34639,1,3365,206,51600,4714,EU-CENTRAL
1402,71953,19,CRITICAL,5,36987,2,3461,258,74064,2111,US-EAST
1403,53906,14,ROUTINE,1,173389,6,4773,190,71254,17348,EU-CENTRAL
1404,79501,22,ROUTINE,3,300611,4,4964,60,93220,13719,EU-WEST
1405,41230,11,ROUTINE,2,46900,2,1493,226,53409,12179,EU-CENTRAL
1406,58045,16,CRITICAL,4,48743,3,2617,1612,63986,5941,US-EAST
1407,60253,16,ROUTINE,3,199096,5,4224,126,73997,13744,EU-WEST
1408,67832,18,ROUTINE,1,20160,1,4237,1157,81708,13876,US-EAST
1409,49614,13,ROUTINE,2,43792,2,4617,100,66195,16581,EU-WEST
1410,73241,20,ROUTINE,1,292669,8,5050,209,90273,17032,EU-CENTRAL
1411,46241,12,ROUTINE,1,40910,4,3668,186,55909,9668,EU-CENTRAL
1412,29851,8,ROUTINE,2,156035,5,4469,239,46847,16996,EU-WEST
1413,75226,20,CRITICAL,4,59862,4,3292,25,77696,2470,US-EAST
1414,55678,15,ROUTINE,3,40571,3,3941,100,61437,5759,US-EAST
1415,25206,7,CRITICAL,5,35685,2,1586,293,26748,1542,EU-CENTRAL
1416,44086,12,ROUTINE,3,28718,2,2679,1463,58362,14276,EU-WEST
1417,22151,6,CRITICAL,3,55431,3,4684,70,25778,3627,EU-WEST
1418,48982,13,ROUTINE,1,99895,3,2455,109,60880,11898,US-EAST
1419,50619,14,ROUTINE,1,59653,4,3397,225,61161,10542,US-EAST
1420,70792,19,ROUTINE,3,42526,3,5251,968,85182,14390,EU-CENTRAL
1421,88085,24,ROUTINE,3,177756,5,5725,89,105130,17045,EU-WEST
1422,81119,22,CRITICAL,5,43636,2,3445,162,84190,3071,EU-CENTRAL
1423,77494,21,ROUTINE,3,16194,1,1285,108,93178,15684,US-EAST
1424,28297,7,ROUTINE,2,235099,4,3728,1655,43830,15533,US-EAST
1425,42933,11,CRITICAL,3,20503,1,3076,89,46643,3710,EU-WEST
1426,66415,18,CRITICAL,5,55197,4,4039,56,72105,5690,EU-WEST
1427,59680,16,CRITICAL,3,297028,8,4719,270,71171,11491,EU-CENTRAL
1428,45158,12,CRITICAL,4,239360,5,5416,223,54203,9045,US-EAST
1429,67020,18,ROUTINE,1,162731,7,4975,286,78743,11723,EU-CENTRAL
1430,51998,14,ROUTINE,1,229377,8,5916,134,61204,9206,EU-CENTRAL
1431,54878,15,ROUTINE,1,202588,5,4656,148,73609,18731,US-EAST
1432,31522,8,CRITICAL,4,43991,2,1766,1580,34072,2550,EU-WEST
1433,33063,9,CRITICAL,4,573040,7,5341,1567,44048,10985,EU-CENTRAL
1434,37525,10,ROUTINE,1,26900,2,1750,264,48612,11087,EU-WEST
1435,42492,11,ROUTINE,3,20295,2,3659,72,53515,11023,EU-WEST
1436,60424,16,ROUTINE,1,178238,5,5270,215,74246,13822,US-EAST
1437,74094,20,ROUTINE,3,51042,3,4022,240,80654,6560,EU-WEST
1438,40114,11,ROUTINE,2,40855,3,3857,218,43617,3503,US-EAST
1439,33756,9,ROUTINE,3,23698,1,3278,29,42492,8736,EU-WEST
1440,79381,22,CRITICAL,5,8260,1,2302,101,82359,2978,US-EAST
1441,50499,14,ROUTINE,3,231177,4,2723,282,68287,17788,US-EAST
1442,56667,15,ROUTINE,1,17028,1,1423,112,69482,12815,EU-CENTRAL
1443,78672,21,ROUTINE,1,21547,2,1348,203,84611,5939,US-EAST
1444,49730,13,ROUTINE,3,53311,2,2945,167,53574,3844,US-EAST
1445,29775,8,CRITICAL,5,294140,5,6235,248,39799,10024,US-EAST
1446,42289,11,ROUTINE,1,544328,8,6851,250,52851,10562,US-EAST
1447,65153,18,ROUTINE,1,116785,2,4342,265,70572,5419,EU-WEST
1448,76008,21,ROUTINE,2,63468,4,4075,217,86550,10542,EU-WEST
1449,58037,16,ROUTINE,3,35944,2,2200,38,74643,16606,EU-WEST
1450,29803,8,ROUTINE,3,506434,4,2348,249,51437,21634,EU-WEST
1451,48189,13,CRITICAL,4,216030,7,4311,36,56598,8409,EU-CENTRAL
1452,45350,12,ROUTINE,1,165259,5,4445,290,63458,18108,EU-WEST
1453,46184,12,ROUTINE,1,238493,4,5416,8,64488,18304,EU-WEST
1454,41392,11,ROUTINE,1,25060,1,1753,127,55628,14236,EU-WEST
1455,61260,17,CRITICAL,3,59330,3,2336,275,67046,5786,US-EAST
1456,48849,13,ROUTINE,1,70971,2,2023,238,57364,8515,EU-WEST
1457,56009,15,CRITICAL,3,10346,1,903,296,57829,1820,EU-CENTRAL
1458,61925,17,CRITICAL,3,197034,5,6178,1530,69133,7208,US-EAST
1459,63192,17,ROUTINE,3,16945,2,3942,292,74348,11156,US-EAST
1460,48277,13,ROUTINE,3,242515,4,5397,25,65439,17162,EU-WEST
1461,25556,7,ROUTINE,1,447609,5,4923,1860,43729,18173,US-EAST
1462,63297,17,ROUTINE,2,20826,1,1070,244,78579,15282,EU-CENTRAL
1463,33825,9,ROUTINE,2,127560,2,1365,1230,51920,18095,EU-WEST
1464,26011,7,ROUTINE,3,209101,5,5767,129,38221,12210,US-EAST
1465,70182,19,CRITICAL,4,16291,2,4288,1362,73010,2828,EU-WEST
1466,45845,12,ROUTINE,1,398399,4,5711,593,59553,13708,EU-WEST
1467,69544,19,CRITICAL,3,18664,2,3520,1836,71692,2148,US-EAST
1468,33996,9,ROUTINE,1,34497,1,2475,450,42505,8509,EU-WEST
1469,38683,10,ROUTINE,2,553916,8,5814,116,48315,9632,US-EAST
1470,56838,15,ROUTINE,2,520680,7,6759,197,75550,18712,EU-CENTRAL
1471,83727,23,CRITICAL,3,11739,2,1439,270,85619,1892,US-EAST
1472,87423,24,ROUTINE,1,50884,2,3949,85,96916,9493,US-EAST
1473,41785,11,CRITICAL,4,54032,2,1564,58,44347,2562,US-EAST
1474,44991,12,ROUTINE,3,349439,8,7647,63,62302,17311,EU-CENTRAL
1475,65306,18,CRITICAL,3,18479,2,4298,1696,69747,4441,EU-WEST
1476,46418,12,ROUTINE,2,17252,2,2332,78,54441,8023,US-EAST
1477,76975,21,ROUTINE,1,39398,2,3814,277,90264,13289,US-EAST
1478,69023,19,ROUTINE,2,160644,4,3447,1968,88020,18997,EU-WEST
1479,63571,17,ROUTINE,3,380696,7,5558,179,84779,21208,EU-CENTRAL
1480,65847,18,ROUTINE,3,580918,8,6843,226,79887,14040,EU-CENTRAL
1481,62271,17,ROUTINE,1,16867,1,1748,257,75230,12959,EU-CENTRAL
1482,29242,8,CRITICAL,5,36859,2,1361,155,30798,1556,EU-WEST
1483,21815,6,ROUTINE,3,124143,2,1374,254,29892,8077,US-EAST
1484,48667,13,CRITICAL,4,56968,3,4365,299,52280,3613,EU-WEST
1485,69567,19,ROUTINE,1,26595,1,1140,145,81489,11922,US-EAST
1486,51945,14,ROUTINE,2,134838,4,5525,237,58766,6821,EU-WEST
1487,56554,15,ROUTINE,2,201118,5,4879,212,73687,17133,US-EAST
1488,72898,20,ROUTINE,1,153263,7,6596,23,79234,6336,US-EAST
1489,51938,14,ROUTINE,1,88088,2,2541,95,64484,12546,US-EAST
1490,58677,16,ROUTINE,1,62331,4,5757,212,63462,4785,EU-WEST
1491,33474,9,CRITICAL,3,148081,3,3487,1872,39104,5630,US-EAST
1492,34781,9,ROUTINE,2,543566,7,4160,146,46518,11737,US-EAST
1493,51476,14,ROUTINE,1,162670,5,4658,227,64819,13343,EU-WEST
1494,64663,17,CRITICAL,4,46354,3,3071,185,69608,4945,EU-WEST
1495,46564,12,ROUTINE,3,40845,2,3334,37,52684,6120,US-EAST
1496,23939,6,ROUTINE,3,57902,2,3303,267,29212,5273,EU-WEST
1497,67571,18,ROUTINE,1,68635,4,2506,1286,84397,16826,US-EAST
1498,33629,9,ROUTINE,2,29080,1,4161,274,38649,5020,US-EAST
1499,41303,11,ROUTINE,2,33730,2,2407,166,45517,4214,EU-WEST
1500,51230,14,CRITICAL,4,244959,8,4739,1769,61305,10075,EU-WEST
1501,78735,21,ROUTINE,3,81395,2,4424,46,90438,11703,EU-WEST
1502,28208,7,ROUTINE,3,167808,7,6307,1713,46271,18063,EU-CENTRAL
1503,41837,11,CRITICAL,4,107034,4,5120,155,47173,5336,US-EAST
1504,78738,21,ROUTINE,3,161792,6,6027,148,87944,9206,EU-WEST
1505,57345,15,ROUTINE,1,5727,1,4161,246,61006,3661,US-EAST
1506,80197,22,ROUTINE,2,10809,1,2949,246,94464,14267,EU-WEST
1507,64178,17,ROUTINE,2,132330,4,5562,293,75378,11200,US-EAST
1508,47719,13,CRITICAL,4,230272,8,5244,99,55635,7916,US-EAST
1509,24997,6,ROUTINE,1,95545,3,4321,163,33097,8100,EU-WEST
1510,61082,16,CRITICAL,5,520763,6,6607,17,70521,9439,US-EAST
1511,86610,24,ROUTINE,1,321002,5,5753,1517,96401,9791,US-EAST
1512,39494,10,ROUTINE,2,214086,4,4691,551,56587,17093,US-EAST
1513,70609,19,CRITICAL,4,23481,1,2806,238,72669,2060,EU-CENTRAL
1514,26677,7,CRITICAL,4,206561,8,5994,40,36435,9758,EU-CENTRAL
1515,42778,11,ROUTINE,3,12786,2,3874,187,52465,9687,EU-WEST
1516,76918,21,ROUTINE,1,21057,2,4648,286,86235,9317,US-EAST
1517,38731,10,CRITICAL,4,389848,4,5673,222,46472,7741,EU-WEST
1518,30682,8,ROUTINE,2,55950,4,5117,45,35600,4918,EU-WEST
1519,26321,7,CRITICAL,3,18140,1,1517,1267,29014,2693,US-EAST
1520,41788,11,CRITICAL,3,245625,4,3113,128,50917,9129,EU-CENTRAL
1521,65423,18,CRITICAL,4,13009,2,2064,272,68815,3392,US-EAST
1522,71485,19,ROUTINE,3,59652,4,5220,223,82818,11333,US-EAST
1523,21679,6,ROUTINE,3,128737,3,4284,23,34748,13069,EU-CENTRAL
1524,60307,16,ROUTINE,3,55891,2,1762,114,70396,10089,US-EAST
1525,50245,13,ROUTINE,3,32193,1,805,188,65403,15158,EU-WEST
1526,43562,12,CRITICAL,5,27355,1,3452,1864,47360,3798,EU-CENTRAL
1527,86029,23,ROUTINE,2,28745,2,4099,290,98033,12004,EU-WEST
1528,23753,6,CRITICAL,5,502665,6,6552,1545,34367,10614,EU-CENTRAL
1529,24573,6,CRITICAL,3,49539,3,5112,88,27562,2989,US-EAST
1530,45384,12,ROUTINE,1,12814,2,2469,1271,53535,8151,US-EAST
1531,51605,14,ROUTINE,3,9408,1,2113,1934,56354,4749,EU-CENTRAL
1532,87976,24,CRITICAL,5,18563,2,2356,858,90934,2958,US-EAST
1533,53007,14,CRITICAL,4,54015,4,3353,65,58684,5677,EU-WEST
1534,77276,21,ROUTINE,1,27309,1,2649,113,89306,12030,US-EAST
1535,23674,6,ROUTINE,1,38146,2,3527,231,31685,8011,US-EAST
1536,78877,21,CRITICAL,3,41891,2,2550,251,81709,2832,EU-WEST
1537,54477,15,CRITICAL,5,159710,5,5997,266,59497,5020,US-EAST
1538,58554,16,ROUTINE,3,496318,5,4324,117,69120,10566,EU-WEST
1539,31674,8,ROUTINE,3,7024,1,2765,122,47031,15357,EU-WEST
1540,34152,9,CRITICAL,4,312429,4,2440,10,43178,9026,EU-WEST
1541,67047,18,ROUTINE,3,45662,3,2305,100,80826,13779,EU-CENTRAL
1542,83040,23,ROUTINE,3,46864,4,5479,101,88219,5179,US-EAST
1543,57442,15,ROUTINE,3,175485,7,5483,1886,71682,14240,US-EAST
1544,81165,22,ROUTINE,1,238255,6,6857,294,92537,11372,EU-WEST
1545,63087,17,ROUTINE,3,55043,4,5233,1358,77071,13984,US-EAST
1546,57462,15,ROUTINE,3,57251,2,2793,84,71731,14269,EU-WEST
1547,52592,14,ROUTINE,2,259456,6,6347,84,63092,10500,US-EAST
1548,74939,20,CRITICAL,5,346767,4,5639,158,86091,11152,EU-CENTRAL
1549,55026,15,ROUTINE,1,238039,7,3888,121,72164,17138,EU-WEST
1550,64544,17,ROUTINE,3,219129,6,3643,109,77128,12584,EU-WEST
1551,45160,12,ROUTINE,1,272993,4,4672,169,54540,9380,EU-CENTRAL
1552,42771,11,ROUTINE,3,68550,2,1641,27,58472,15701,EU-WEST
1553,69639,19,CRITICAL,5,232721,4,3902,19,78124,8485,EU-WEST
1554,47204,13,ROUTINE,2,42618,3,4142,76,59891,12687,US-EAST
1555,22452,6,ROUTINE,2,99846,2,2930,118,35847,13395,EU-WEST
1556,58115,16,ROUTINE,3,180353,4,5125,297,74587,16472,EU-WEST
1557,59067,16,ROUTINE,3,37478,1,2461,1840,72430,13363,US-EAST
1558,33876,9,ROUTINE,3,153579,7,5794,85,52984,19108,US-EAST
1559,41383,11,ROUTINE,1,12865,2,4856,204,44956,3573,EU-CENTRAL
1560,48134,13,ROUTINE,1,47209,4,4313,233,52161,4027,US-EAST
1561,53842,14,CRITICAL,4,47771,3,3280,38,58397,4555,EU-CENTRAL
1562,76472,21,ROUTINE,3,41650,3,5007,68,80353,3881,EU-WEST
1563,24760,6,ROUTINE,3,20079,2,2357,1547,34958,10198,EU-CENTRAL
1564,42276,11,CRITICAL,3,45096,3,5169,841,44157,1881,US-EAST
1565,64342,17,ROUTINE,2,19679,1,3908,218,67723,3381,EU-WEST
1566,63604,17,ROUTINE,1,127246,2,4161,195,79580,15976,US-EAST
1567,84428,23,CRITICAL,5,42745,3,5044,110,88969,4541,EU-WEST
1568,30981,8,ROUTINE,1,36672,1,2452,1010,45309,14328,US-EAST
1569,75238,20,ROUTINE,1,49873,2,3704,201,81097,5859,US-EAST
1570,61472,17,ROUTINE,2,56173,4,2896,63,73728,12256,US-EAST
1571,59468,16,CRITICAL,5,46256,4,5347,277,61760,2292,US-EAST
1572,48643,13,ROUTINE,3,223091,6,4138,40,60003,11360,EU-WEST
1573,88033,24,CRITICAL,3,38493,2,3528,169,93260,5227,EU-WEST
1574,46086,12,ROUTINE,1,41594,2,3130,198,53032,6946,US-EAST
1575,32414,9,ROUTINE,1,14872,2,2577,107,36076,3662,US-EAST
1576,62853,17,ROUTINE,1,482742,4,3392,227,73499,10646,US-EAST
1577,69146,19,ROUTINE,3,74869,3,1960,1430,79090,9944,US-EAST
1578,76782,21,CRITICAL,3,196839,5,5061,177,82733,5951,US-EAST
1579,61884,17,ROUTINE,1,18021,1,1885,104,78017,16133,EU-WEST
1580,52638,14,ROUTINE,2,83106,4,3743,223,67978,15340,EU-WEST
1581,39053,10,CRITICAL,5,190419,4,5001,87,46151,7098,EU-CENTRAL
1582,44072,12,ROUTINE,3,41879,4,2368,262,58227,14155,US-EAST
1583,65863,18,ROUTINE,2,158532,8,5181,78,81900,16037,EU-WEST
1584,41196,11,ROUTINE,2,231504,5,5300,52,59547,18351,EU-WEST
1585,26603,7,ROUTINE,1,24263,2,1357,243,40525,13922,EU-WEST
1586,55661,15,CRITICAL,5,20428,2,2643,25,58423,2762,EU-WEST
1587,32092,8,CRITICAL,4,161954,5,4831,286,40213,8121,EU-WEST
1588,79307,22,ROUTINE,3,210512,8,7646,27,87105,7798,EU-WEST
1589,45892,12,ROUTINE,3,529659,5,4362,41,66811,20919,US-EAST
1590,27430,7,ROUTINE,3,56579,3,3251,108,35026,7596,US-EAST
1591,68981,19,ROUTINE,2,58400,2,2129,195,77268,8287,EU-CENTRAL
1592,81110,22,ROUTINE,1,587625,8,6024,86,97900,16790,EU-WEST
1593,59632,16,CRITICAL,3,10255,2,2302,45,63380,3748,US-EAST
1594,34362,9,ROUTINE,3,341590,7,4844,275,45850,11488,US-EAST
1595,51604,14,CRITICAL,3,413471,8,5246,223,60566,8962,EU-WEST
1596,31266,8,ROUTINE,1,32343,2,4337,123,44337,13071,EU-CENTRAL
1597,53697,14,ROUTINE,2,77880,4,5729,95,61307,7610,EU-WEST
1598,31728,8,ROUTINE,3,190080,6,5949,283,47331,15603,EU-CENTRAL
1599,45350,12,ROUTINE,2,465697,5,4939,288,57422,12072,US-EAST
1600,23654,6,ROUTINE,1,39636,2,1819,224,31224,7570,EU-WEST
1601,76073,21,ROUTINE,1,582109,8,4823,51,94051,17978,EU-WEST
1602,43225,12,ROUTINE,3,282255,7,6421,12,58182,14957,EU-CENTRAL
1603,78487,21,ROUTINE,2,439555,5,4054,35,96999,18512,EU-WEST
1604,83775,23,ROUTINE,2,55740,4,2337,245,90981,7206,EU-CENTRAL
1605,88368,24,ROUTINE,1,11757,2,2752,510,93470,5102,US-EAST
1606,51615,14,CRITICAL,3,468875,4,5419,149,59820,8205,US-EAST
1607,67421,18,ROUTINE,3,554577,4,5768,225,81953,14532,EU-CENTRAL
1608,86543,24,ROUTINE,3,15574,1,1173,106,95182,8639,US-EAST
1609,86947,24,CRITICAL,3,10851,1,2560,271,88732,1785,US-EAST
1610,39525,10,ROUTINE,1,164358,5,6086,22,53565,14040,EU-WEST
1611,49908,13,ROUTINE,2,36276,1,1066,378,66259,16351,US-EAST
1612,61929,17,ROUTINE,1,44460,3,1842,94,77112,15183,US-EAST
1613,65000,18,ROUTINE,1,44819,2,3844,97,70987,5987,EU-WEST
1614,42742,11,CRITICAL,3,385301,5,6051,56,52101,9359,EU-CENTRAL
1615,86393,23,ROUTINE,1,196145,6,5602,90,105209,18816,EU-WEST
1616,82386,22,ROUTINE,3,420804,4,4532,206,97269,14883,US-EAST
1617,45282,12,ROUTINE,1,450972,7,4458,27,58237,12955,EU-CENTRAL
1618,63421,17,ROUTINE,1,242612,4,5821,121,76598,13177,US-EAST
1619,55076,15,ROUTINE,1,25016,2,1978,296,70036,14960,US-EAST
1620,47209,13,ROUTINE,1,171264,6,3838,153,57611,10402,US-EAST
1621,22874,6,ROUTINE,1,55530,4,4466,133,40239,17365,US-EAST
1622,55408,15,ROUTINE,3,78084,2,1921,281,60919,5511,EU-WEST
1623,63985,17,CRITICAL,3,166208,8,5129,157,69139,5154,US-EAST
1624,75487,20,ROUTINE,3,232238,4,2479,59,86901,11414,EU-CENTRAL
1625,86384,23,ROUTINE,2,15154,1,2913,45,101544,15160,EU-CENTRAL
1626,61645,17,ROUTINE,2,510731,8,7326,96,78846,17201,EU-WEST
1627,39622,11,ROUTINE,3,164381,6,6642,1794,57075,17453,EU-WEST
1628,32222,8,CRITICAL,5,57923,2,3402,1160,35556,3334,US-EAST
1629,61348,17,ROUTINE,3,246768,4,5492,23,77300,15952,US-EAST
1630,81766,22,ROUTINE,1,52189,4,2736,1366,91936,10170,US-EAST
1631,29569,8,ROUTINE,1,53559,2,3808,266,35927,6358,EU-CENTRAL
1632,75362,20,ROUTINE,3,32504,1,2275,102,88243,12881,EU-WEST
1633,37900,10,ROUTINE,2,31556,1,2565,285,42275,4375,EU-WEST
1634,36924,10,CRITICAL,5,268185,6,3458,956,46270,9346,EU-WEST
1635,41832,11,CRITICAL,3,124595,4,5320,295,47518,5686,US-EAST
1636,36912,10,ROUTINE,3,197828,4,4419,67,51056,14144,EU-WEST
1637,49570,13,CRITICAL,3,23873,2,1453,265,51040,1470,EU-WEST
1638,69340,19,CRITICAL,4,128392,4,2556,178,76671,7331,US-EAST
1639,46239,12,CRITICAL,5,17253,2,1283,426,48686,2447,EU-CENTRAL
1640,57437,15,ROUTINE,1,555138,8,7391,163,75791,18354,US-EAST
1641,30918,8,ROUTINE,2,424502,8,6328,263,47228,16310,EU-CENTRAL
1642,65038,18,CRITICAL,4,110811,4,5617,260,72355,7317,EU-CENTRAL
1643,81103,22,ROUTINE,2,12803,1,3723,143,87219,6116,EU-CENTRAL
1644,28762,7,ROUTINE,1,471730,5,4316,1299,39672,10910,EU-WEST
1645,44355,12,ROUTINE,2,245028,8,6258,12,56436,12081,US-EAST
1646,26766,7,ROUTINE,3,214499,4,3862,1710,35032,8266,EU-WEST
1647,85320,23,ROUTINE,2,261122,6,3420,278,102680,17360,EU-WEST
1648,66113,18,ROUTINE,3,557986,8,7415,242,88277,22164,US-EAST
1649,68170,18,ROUTINE,2,119018,3,4309,59,74509,6339,US-EAST
1650,35127,9,CRITICAL,3,112733,3,5344,244,38880,3753,US-EAST
1651,79991,22,CRITICAL,5,164792,4,4290,23,86528,6537,EU-WEST
1652,25554,7,ROUTINE,1,201086,8,4460,251,36967,11413,US-EAST
1653,49696,13,CRITICAL,4,39581,1,1541,188,52237,2541,EU-WEST
1654,55063,15,CRITICAL,3,9325,1,1374,448,56690,1627,EU-CENTRAL
1655,54910,15,CRITICAL,5,106566,4,3525,135,61681,6771,US-EAST
1656,57486,15,ROUTINE,2,391521,5,6216,262,70825,13339,US-EAST
1657,26696,7,ROUTINE,1,241861,4,4637,21,45026,18330,EU-WEST
1658,77589,21,ROUTINE,3,68726,3,2776,64,87471,9882,EU-CENTRAL
1659,72410,20,CRITICAL,4,38131,1,4243,132,77928,5518,EU-CENTRAL
1660,83349,23,CRITICAL,3,56503,2,2795,109,85871,2522,US-EAST
1661,75382,20,CRITICAL,5,204320,4,5769,81,84941,9559,US-EAST
1662,25242,7,CRITICAL,4,76989,4,2741,789,29814,4572,EU-WEST
1663,44796,12,ROUTINE,2,36351,2,2888,870,59339,14543,US-EAST
1664,35233,9,ROUTINE,3,20026,2,4536,202,44377,9144,EU-WEST
1665,53960,14,ROUTINE,1,365303,4,3121,1190,71838,17878,US-EAST
1666,62223,17,ROUTINE,1,109952,3,4013,296,67437,5214,EU-CENTRAL
1667,38431,10,ROUTINE,3,152918,4,5360,1746,56267,17836,EU-CENTRAL
1668,49376,13,ROUTINE,3,37112,1,2745,1197,57029,7653,EU-WEST
1669,39092,10,ROUTINE,2,17422,1,3591,133,53628,14536,EU-CENTRAL
1670,66417,18,ROUTINE,2,16967,1,1695,266,73759,7342,US-EAST
1671,56327,15,ROUTINE,3,35949,2,4050,98,64997,8670,EU-WEST
1672,64058,17,ROUTINE,1,24293,1,2613,273,72631,8573,US-EAST
1673,32683,9,ROUTINE,1,261529,4,3308,127,47197,14514,EU-WEST
1674,36819,10,ROUTINE,3,37287,1,2866,1057,47239,10420,EU-CENTRAL
1675,61989,17,CRITICAL,3,208077,6,3518,168,69178,7189,EU-WEST
1676,40652,11,ROUTINE,1,28093,2,4838,266,46938,6286,EU-CENTRAL
1677,58633,16,ROUTINE,1,79809,4,3633,266,67605,8972,EU-WEST
1678,67761,18,CRITICAL,5,446690,7,5502,331,75632,7871,EU-CENTRAL
1679,34599,9,CRITICAL,5,242989,6,4403,209,45162,10563,US-EAST
1680,77051,21,ROUTINE,2,496782,8,7702,296,94524,17473,EU-WEST
1681,78327,21,ROUTINE,2,36287,2,4685,216,87131,8804,EU-CENTRAL
1682,71506,19,ROUTINE,3,203234,4,5692,403,86103,14597,EU-CENTRAL
1683,61991,17,ROUTINE,3,11763,1,4263,1660,65417,3426,US-EAST
1684,43345,12,ROUTINE,1,223331,4,2883,532,52261,8916,EU-CENTRAL
1685,45264,12,ROUTINE,1,66866,4,4564,201,61679,16415,EU-WEST
1686,65985,18,ROUTINE,3,42374,3,3036,294,77820,11835,EU-WEST
1687,48357,13,ROUTINE,2,27907,2,3668,153,62703,14346,EU-WEST
1688,32711,9,ROUTINE,1,34970,1,4324,230,39559,6848,EU-CENTRAL
1689,33956,9,CRITICAL,5,34682,1,2469,10,37868,3912,US-EAST
1690,57704,16,ROUTINE,3,231527,8,7479,209,74118,16414,EU-WEST
1691,62569,17,CRITICAL,3,10728,1,3218,200,67249,4680,EU-CENTRAL
1692,64002,17,ROUTINE,2,116932,4,5314,289,82017,18015,US-EAST
1693,79609,22,ROUTINE,3,48683,4,4860,283,94969,15360,EU-WEST
1694,84860,23,CRITICAL,3,13228,2,3660,59,89983,5123,EU-CENTRAL
1695,38923,10,ROUTINE,1,30042,2,1934,269,48448,9525,US-EAST
1696,53707,14,CRITICAL,5,490881,7,5852,247,63804,10097,EU-CENTRAL
1697,37145,10,ROUTINE,3,53657,2,4266,247,48049,10904,EU-WEST
1698,78013,21,ROUTINE,3,21702,1,1960,175,85675,7662,EU-CENTRAL
1699,62186,17,ROUTINE,2,45210,4,5644,260,78826,16640,US-EAST
1700,47129,13,ROUTINE,3,58527,2,1617,38,58394,11265,EU-CENTRAL
1701,59665,16,CRITICAL,5,37186,2,3340,1038,64318,4653,EU-CENTRAL
1702,53853,14,ROUTINE,3,499287,7,6419,894,67431,13578,EU-WEST
1703,55659,15,ROUTINE,1,266535,6,5583,224,66390,10731,US-EAST
1704,63861,17,CRITICAL,5,33904,2,3443,53,67714,3853,EU-WEST
1705,76975,21,ROUTINE,3,142591,3,3748,249,91124,14149,US-EAST
1706,42222,11,ROUTINE,1,189833,4,3499,1508,60248,18026,US-EAST
1707,35872,9,ROUTINE,1,222473,5,3587,78,56088,20216,EU-CENTRAL
1708,83508,23,ROUTINE,2,20886,2,3496,267,98907,15399,EU-WEST
1709,48190,13,ROUTINE,3,216760,4,4627,196,69303,21113,EU-WEST
1710,37232,10,ROUTINE,3,221714,5,5408,1982,52229,14997,EU-CENTRAL
1711,49868,13,ROUTINE,2,20785,1,1152,263,60310,10442,US-EAST
1712,75096,20,ROUTINE,1,197225,6,6687,184,88860,13764,EU-WEST
1713,41763,11,ROUTINE,2,59879,3,2301,61,47121,5358,EU-WEST
1714,74047,20,CRITICAL,3,175182,5,6061,140,83061,9014,EU-CENTRAL
1715,50617,14,ROUTINE,1,15400,1,3175,1673,61621,11004,EU-WEST
1716,50754,14,ROUTINE,2,88657,4,5820,1812,63392,12638,US-EAST
1717,33347,9,ROUTINE,1,23958,2,4711,121,37525,4178,EU-CENTRAL
1718,86525,24,ROUTINE,3,208789,4,5861,490,102132,15607,EU-CENTRAL
1719,61318,17,ROUTINE,3,48523,3,2188,244,75326,14008,EU-WEST
1720,57373,15,ROUTINE,2,227796,5,5433,268,66350,8977,EU-WEST
1721,23258,6,CRITICAL,3,6556,2,2572,192,25448,2190,EU-CENTRAL
1722,34088,9,ROUTINE,2,44941,2,1632,62,42886,8798,EU-CENTRAL
1723,47480,13,CRITICAL,4,49821,2,4053,290,52090,4610,US-EAST
1724,26287,7,ROUTINE,1,13801,1,1213,1829,38105,11818,US-EAST
1725,54107,15,CRITICAL,5,45934,3,3400,6,56381,2274,EU-CENTRAL
1726,43146,11,ROUTINE,3,167812,6,6708,256,55923,12777,US-EAST
1727,37673,10,CRITICAL,4,63184,4,2350,267,41044,3371,EU-WEST
1728,85238,23,ROUTINE,3,229857,7,4919,187,105957,20719,EU-WEST
1729,32587,9,CRITICAL,4,15251,2,4772,50,33655,1068,EU-CENTRAL
1730,33001,9,ROUTINE,2,153774,7,6992,241,40340,7339,US-EAST
1731,70648,19,ROUTINE,2,30059,1,1636,235,80722,10074,EU-WEST
1732,21943,6,ROUTINE,2,352422,7,6655,528,33974,12031,US-EAST
1733,44805,12,ROUTINE,3,30131,1,3114,62,55384,10579,EU-CENTRAL
1734,27530,7,ROUTINE,3,22365,2,3021,170,41059,13529,EU-WEST
1735,83853,23,ROUTINE,2,181869,6,5667,279,104140,20287,EU-WEST
1736,47556,13,ROUTINE,2,278096,8,7263,47,70409,22853,US-EAST
1737,62203,17,ROUTINE,1,510487,4,4006,311,84278,22075,US-EAST
1738,54347,15,ROUTINE,1,158483,8,4496,213,72857,18510,EU-WEST
1739,57004,15,CRITICAL,4,484250,7,4817,203,64771,7767,US-EAST
1740,78739,21,ROUTINE,1,168525,4,2565,1037,91075,12336,US-EAST
1741,38543,10,ROUTINE,2,299465,5,5231,102,59563,21020,EU-WEST
1742,28655,7,ROUTINE,3,89332,4,5582,586,40094,11439,US-EAST
1743,44852,12,ROUTINE,3,162476,7,5469,16,59420,14568,EU-CENTRAL
1744,74912,20,ROUTINE,3,168376,5,4689,75,94030,19118,EU-WEST
1745,74666,20,ROUTINE,1,243979,4,3773,1612,85692,11026,US-EAST
1746,72444,20,ROUTINE,2,318838,5,6252,262,84404,11960,US-EAST
1747,58143,16,ROUTINE,1,41248,2,4809,297,69498,11355,US-EAST
1748,48679,13,ROUTINE,1,18900,2,4584,684,60788,12109,US-EAST
1749,41722,11,ROUTINE,2,425288,8,7619,277,62080,20358,EU-CENTRAL
1750,54420,15,ROUTINE,1,38058,1,2286,243,61526,7106,EU-CENTRAL
1751,70477,19,ROUTINE,2,262671,5,6060,146,82105,11628,EU-WEST
1752,31392,8,ROUTINE,3,234541,5,4558,151,50135,18743,EU-WEST
1753,27476,7,ROUTINE,2,88051,2,1407,89,37367,9891,EU-WEST
1754,80896,22,ROUTINE,2,139304,4,2347,101,98062,17166,US-EAST
1755,32588,9,ROUTINE,2,27937,2,4260,212,35726,3138,EU-WEST
1756,57429,15,CRITICAL,3,25894,1,2920,227,61762,4333,US-EAST
1757,89724,24,CRITICAL,4,42670,3,3392,208,92243,2519,EU-WEST
1758,72600,20,ROUTINE,3,154485,8,5598,1876,90988,18388,EU-CENTRAL
1759,45390,12,CRITICAL,5,102840,3,4261,142,52584,7194,EU-CENTRAL
1760,41843,11,ROUTINE,2,17763,2,3545,251,47520,5677,US-EAST
1761,37880,10,CRITICAL,5,37950,1,4222,268,41562,3682,EU-WEST
1762,79514,22,ROUTINE,1,42083,2,4198,44,83037,3523,EU-CENTRAL
1763,74840,20,CRITICAL,4,33885,1,856,181,80409,5569,US-EAST
1764,36580,10,ROUTINE,3,55659,2,2521,10,48661,12081,EU-CENTRAL
1765,36372,10,ROUTINE,3,208110,7,6464,238,51780,15408,US-EAST
1766,88809,24,CRITICAL,5,134481,2,1728,117,94077,5268,EU-WEST
1767,30673,8,CRITICAL,5,205366,6,4060,230,40190,9517,US-EAST
1768,34485,9,ROUTINE,2,23543,2,3377,40,38077,3592,EU-WEST
1769,28559,7,ROUTINE,2,119676,4,3558,73,36866,8307,EU-CENTRAL
1770,77456,21,ROUTINE,3,221131,7,4432,166,98783,21327,EU-WEST
1771,86924,24,ROUTINE,2,57728,4,4058,162,101785,14861,US-EAST
1772,33139,9,ROUTINE,2,45686,2,2824,130,38535,5396,EU-WEST
1773,44605,12,CRITICAL,4,28737,2,2499,161,46358,1753,US-EAST
1774,66157,18,ROUTINE,3,94474,3,2475,90,73599,7442,EU-WEST
1775,52314,14,ROUTINE,3,108695,4,4484,134,59420,7106,EU-WEST
1776,62824,17,ROUTINE,2,37770,1,1004,21,72162,9338,US-EAST
1777,57282,15,CRITICAL,3,108628,2,3533,47,64070,6788,EU-CENTRAL
1778,66341,18,CRITICAL,5,218786,4,5181,263,76369,10028,US-EAST
1779,77309,21,CRITICAL,4,20955,1,3504,110,81628,4319,US-EAST
1780,89102,24,ROUTINE,3,430243,4,5231,132,99854,10752,EU-WEST
1781,61747,17,ROUTINE,1,50179,3,2646,147,72030,10283,US-EAST
1782,47741,13,ROUTINE,2,343069,7,6993,20,59100,11359,US-EAST
1783,81522,22,CRITICAL,5,5049,2,1309,283,83119,1597,EU-WEST
1784,81783,22,ROUTINE,1,105976,2,4770,50,94427,12644,EU-CENTRAL
1785,63810,17,CRITICAL,4,15197,1,4110,206,66054,2244,US-EAST
1786,52318,14,CRITICAL,3,185994,6,5511,114,58136,5818,US-EAST
1787,84432,23,ROUTINE,3,13809,2,3765,1827,99384,14952,EU-WEST
1788,23249,6,CRITICAL,3,32975,1,3475,135,26472,3223,US-EAST
1789,87965,24,ROUTINE,2,120360,4,3163,282,95007,7042,EU-WEST
1790,71229,19,ROUTINE,3,71824,4,3851,287,82874,11645,EU-WEST
1791,28049,7,CRITICAL,4,35513,1,1717,299,30204,2155,EU-CENTRAL
1792,78412,21,ROUTINE,2,32191,2,4531,289,92577,14165,EU-CENTRAL
1793,70200,19,CRITICAL,4,31955,1,1185,77,75150,4950,US-EAST
1794,66012,18,ROUTINE,3,150444,5,5814,42,74465,8453,EU-CENTRAL
1795,33718,9,CRITICAL,5,38901,2,3635,182,36860,3142,US-EAST
1796,71543,19,ROUTINE,1,125612,4,2650,256,90345,18802,EU-WEST
1797,42354,11,ROUTINE,1,14355,2,4044,265,51691,9337,US-EAST
1798,59804,16,ROUTINE,1,12710,1,3661,289,74130,14326,US-EAST
1799,72447,20,ROUTINE,3,6048,2,4423,60,86989,14542,US-EAST
1800,66281,18,ROUTINE,1,522790,7,6953,98,79004,12723,EU-WEST
1801,56959,15,ROUTINE,2,228579,5,3507,252,77073,20114,EU-WEST
1802,52914,14,ROUTINE,3,58296,3,3747,224,65378,12464,US-EAST
1803,79435,22,ROUTINE,3,117374,3,4072,1937,94620,15185,EU-WEST
1804,56182,15,ROUTINE,1,202143,4,4064,452,66850,10668,EU-WEST
1805,82079,22,CRITICAL,4,248476,8,6876,68,89017,6938,EU-CENTRAL
1806,64308,17,ROUTINE,3,89569,2,1454,604,71223,6915,EU-CENTRAL
1807,30532,8,ROUTINE,3,414719,8,7760,133,51931,21399,EU-CENTRAL
1808,70403,19,CRITICAL,4,163358,8,7206,298,77337,6934,EU-WEST
1809,33488,9,ROUTINE,1,569712,6,5071,126,46406,12918,EU-WEST
1810,24827,6,ROUTINE,2,51921,4,3821,251,28868,4041,EU-CENTRAL
1811,29739,8,ROUTINE,3,39192,1,2165,196,38742,9003,US-EAST
1812,76647,21,CRITICAL,5,54216,2,2821,69,81627,4980,EU-WEST
1813,52766,14,ROUTINE,2,249381,8,5391,234,62921,10155,EU-CENTRAL
1814,74805,20,CRITICAL,5,33049,2,2916,86,77402,2597,EU-WEST
1815,33096,9,CRITICAL,5,82903,3,4417,58,37519,4423,EU-WEST
1816,83162,23,ROUTINE,3,164567,4,4280,228,92193,9031,EU-CENTRAL
1817,29994,8,ROUTINE,1,18286,2,1865,280,44281,14287,EU-WEST
1818,43954,12,CRITICAL,4,173589,6,4064,214,50300,6346,EU-CENTRAL
1819,54471,15,ROUTINE,2,30791,1,2573,79,67663,13192,EU-CENTRAL
1820,31515,8,ROUTINE,1,53045,2,1490,1158,44587,13072,EU-WEST
1821,85025,23,ROUTINE,3,161660,4,4142,15,97360,12335,EU-WEST
1822,25790,7,ROUTINE,3,204076,5,4584,252,35855,10065,EU-CENTRAL
1823,47428,13,ROUTINE,1,210270,8,4922,1576,59475,12047,EU-WEST
1824,38267,10,ROUTINE,3,116813,4,5758,299,56298,18031,EU-WEST
1825,62477,17,ROUTINE,2,209623,7,4722,1885,77745,15268,US-EAST
1826,45433,12,CRITICAL,4,455784,5,5306,294,53521,8088,EU-WEST
1827,45219,12,CRITICAL,5,55391,3,3433,106,48485,3266,US-EAST
1828,40374,11,ROUTINE,3,22349,2,1687,321,45717,5343,EU-CENTRAL
1829,45250,12,ROUTINE,2,41533,3,2985,201,52006,6756,US-EAST
1830,46676,12,CRITICAL,4,37465,1,1048,6,48587,1911,EU-WEST
1831,66027,18,ROUTINE,1,140544,4,4164,1669,73166,7139,EU-WEST
1832,51128,14,ROUTINE,2,399574,8,7310,1917,72283,21155,EU-CENTRAL
1833,29858,8,ROUTINE,1,83991,2,4374,1987,41034,11176,EU-WEST
1834,33540,9,ROUTINE,1,5108,1,1261,256,48693,15153,EU-CENTRAL
1835,36560,10,ROUTINE,3,8787,1,2404,1413,50970,14410,EU-WEST
1836,28538,7,ROUTINE,3,33712,1,3581,187,43098,14560,US-EAST
1837,71303,19,CRITICAL,3,48446,2,3380,7,74242,2939,US-EAST
1838,76257,21,ROUTINE,3,206359,4,3018,522,95388,19131,US-EAST
1839,57123,15,CRITICAL,5,51439,4,4031,139,59894,2771,EU-WEST
1840,52457,14,ROUTINE,3,179405,7,5859,442,72323,19866,EU-CENTRAL
1841,33820,9,ROUTINE,3,59237,4,5111,96,44062,10242,US-EAST
1842,67703,18,ROUTINE,3,58859,3,3081,190,74430,6727,US-EAST
1843,25314,7,ROUTINE,3,40570,3,1922,123,39957,14643,US-EAST
1844,23064,6,ROUTINE,2,58188,3,4611,241,29599,6535,EU-WEST
1845,70210,19,ROUTINE,1,230131,6,3917,233,82501,12291,EU-WEST
1846,28378,7,ROUTINE,1,47128,4,2649,376,32297,3919,US-EAST
1847,56726,15,ROUTINE,1,24618,2,2554,439,71997,15271,EU-WEST
1848,73294,20,ROUTINE,1,114626,2,1800,173,91265,17971,EU-WEST
1849,44430,12,ROUTINE,3,248522,5,4253,1505,63180,18750,US-EAST
1850,55842,15,ROUTINE,1,139589,3,4556,1143,71407,15565,EU-WEST
1851,46503,12,CRITICAL,4,9625,2,1409,186,49962,3459,EU-WEST
1852,47639,13,ROUTINE,2,32868,1,1858,118,61310,13671,EU-WEST
1853,67048,18,ROUTINE,3,244683,4,4265,58,82655,15607,US-EAST
1854,49345,13,ROUTINE,1,5562,1,1123,164,63373,14028,EU-WEST
1855,80341,22,CRITICAL,5,396712,7,5698,201,92080,11739,EU-CENTRAL
1856,49580,13,ROUTINE,1,12124,2,4309,110,55517,5937,EU-CENTRAL
1857,48735,13,ROUTINE,1,5078,2,4029,125,55932,7197,US-EAST
1858,60652,16,CRITICAL,4,90549,3,3952,103,63568,2916,EU-CENTRAL
1859,62493,17,ROUTINE,3,173807,7,6810,196,74923,12430,EU-WEST
1860,63277,17,ROUTINE,2,44027,3,1890,1495,67812,4535,US-EAST
1861,23896,6,ROUTINE,1,174207,5,3841,125,39132,15236,US-EAST
1862,32814,9,CRITICAL,3,131039,4,5363,451,40727,7913,US-EAST
1863,85203,23,ROUTINE,2,68103,4,4847,8,101733,16530,US-EAST
1864,29456,8,ROUTINE,3,7436,2,1903,690,33321,3865,US-EAST
1865,29566,8,CRITICAL,5,18734,2,4238,182,33790,4224,US-EAST
1866,73766,20,CRITICAL,4,132474,4,4744,5,80679,6913,US-EAST
1867,35317,9,ROUTINE,3,29615,2,3052,98,46790,11473,EU-CENTRAL
1868,67309,18,ROUTINE,3,396224,5,5774,224,81094,13785,EU-WEST
1869,52787,14,ROUTINE,3,39621,2,1388,9,65218,12431,EU-WEST
1870,62025,17,ROUTINE,1,474221,8,4873,563,82551,20526,EU-WEST
1871,30338,8,ROUTINE,1,22151,2,1546,260,44141,13803,US-EAST
1872,32754,9,ROUTINE,3,152002,4,3330,22,48176,15422,EU-CENTRAL
1873,66612,18,CRITICAL,3,148417,4,2675,31,73828,7216,EU-CENTRAL
1874,82992,23,ROUTINE,3,30267,1,3639,1525,87592,4600,EU-CENTRAL
1875,49551,13,ROUTINE,2,59471,3,2628,483,62135,12584,US-EAST
1876,46540,12,CRITICAL,3,59864,2,3914,5,50444,3904,US-EAST
1877,77294,21,CRITICAL,3,179205,8,4481,479,85480,8186,EU-WEST
1878,69367,19,ROUTINE,3,460542,4,2332,775,80152,10785,US-EAST
1879,65005,18,ROUTINE,3,72723,4,4726,286,71237,6232,EU-WEST
1880,45954,12,ROUTINE,2,500750,8,5405,235,64522,18568,EU-WEST
1881,26588,7,ROUTINE,3,17963,2,1544,246,42582,15994,EU-WEST
1882,42414,11,CRITICAL,4,220337,7,4892,208,50441,8027,EU-WEST
1883,26693,7,CRITICAL,5,43995,4,4354,409,32443,5750,US-EAST
1884,61901,17,ROUTINE,1,151387,6,3988,227,74992,13091,EU-CENTRAL
1885,67876,18,CRITICAL,3,199509,4,3883,285,75912,8036,EU-CENTRAL
1886,69484,19,CRITICAL,5,164353,5,4140,103,77135,7651,US-EAST
1887,86225,23,CRITICAL,5,27661,1,998,298,87632,1407,EU-CENTRAL
1888,59732,16,CRITICAL,4,546924,4,5796,69,71358,11626,US-EAST
1889,56720,15,ROUTINE,1,515437,6,5080,164,71217,14497,US-EAST
1890,44052,12,ROUTINE,1,33985,2,1785,257,50406,6354,US-EAST
1891,59003,16,ROUTINE,3,54598,2,4340,96,71773,12770,US-EAST
1892,40464,11,ROUTINE,1,188820,4,4493,288,49540,9076,EU-WEST
1893,29589,8,ROUTINE,1,547657,4,2863,58,46276,16687,EU-CENTRAL
1894,50850,14,ROUTINE,1,268900,5,4994,152,69239,18389,EU-CENTRAL
1895,25792,7,CRITICAL,3,46094,4,2599,14,31420,5628,EU-CENTRAL
1896,52414,14,ROUTINE,2,12164,2,2562,1895,59783,7369,EU-WEST
1897,27893,7,ROUTINE,1,234412,7,6527,282,49671,21778,US-EAST
1898,74588,20,CRITICAL,4,17366,2,2047,754,77465,2877,EU-CENTRAL
1899,42454,11,ROUTINE,1,21167,1,2814,176,49603,7149,EU-CENTRAL
1900,45568,12,CRITICAL,3,40427,2,2590,461,50721,5153,EU-CENTRAL
1901,23435,6,ROUTINE,3,32784,1,2736,287,36335,12900,EU-WEST
1902,84047,23,CRITICAL,3,233864,7,5639,1766,91396,7349,US-EAST
1903,86855,24,CRITICAL,5,384008,8,4981,1336,95892,9037,EU-WEST
1904,79091,21,ROUTINE,3,55035,3,5175,593,88442,9351,EU-WEST
1905,56264,15,CRITICAL,3,494015,5,4713,166,64951,8687,EU-WEST
1906,43538,12,ROUTINE,2,153741,5,2912,162,51977,8439,EU-WEST
1907,81146,22,CRITICAL,5,20867,1,1929,290,84894,3748,EU-WEST
1908,37292,10,ROUTINE,2,144007,4,4385,129,51286,13994,EU-CENTRAL
1909,56161,15,ROUTINE,1,31738,1,2173,152,69078,12917,US-EAST
1910,36463,10,CRITICAL,3,99933,4,2424,202,40017,3554,US-EAST
1911,51396,14,ROUTINE,1,183382,5,4220,190,60507,9111,EU-WEST
1912,74128,20,CRITICAL,5,498060,6,5019,175,85346,11218,EU-CENTRAL
1913,49189,13,ROUTINE,3,59348,4,5052,202,65119,15930,EU-CENTRAL
1914,45802,12,ROUTINE,2,489621,7,5459,290,66170,20368,EU-WEST
1915,32167,8,CRITICAL,3,50079,4,3552,220,36929,4762,EU-CENTRAL
1916,58125,16,ROUTINE,3,44563,4,4224,238,62197,4072,US-EAST
1917,72485,20,ROUTINE,1,186265,4,3815,226,79879,7394,EU-CENTRAL
1918,50887,14,ROUTINE,3,345889,8,5734,176,67546,16659,EU-CENTRAL
1919,64191,17,ROUTINE,1,33851,2,3273,187,72248,8057,EU-CENTRAL
1920,34439,9,CRITICAL,4,213758,8,4416,1217,43724,9285,EU-WEST
1921,40342,11,CRITICAL,4,84813,2,2338,1023,47241,6899,EU-CENTRAL
1922,56293,15,ROUTINE,2,243156,6,4202,281,78222,21929,EU-WEST
1923,69638,19,ROUTINE,3,126473,2,2931,248,76704,7066,EU-WEST
1924,73829,20,CRITICAL,4,150580,6,6609,100,81874,8045,EU-WEST
1925,79151,21,ROUTINE,1,26974,1,2356,818,90962,11811,EU-WEST
1926,57141,15,ROUTINE,3,133476,4,2532,1953,73515,16374,US-EAST
1927,47695,13,ROUTINE,3,227814,8,6210,145,62903,15208,EU-WEST
1928,70646,19,ROUTINE,2,315956,6,5245,183,87786,17140,EU-WEST
1929,86398,23,ROUTINE,1,5447,2,4772,1582,102474,16076,US-EAST
1930,60249,16,ROUTINE,3,19368,1,3511,80,68652,8403,EU-CENTRAL
1931,33372,9,ROUTINE,3,149346,3,4685,273,40323,6951,US-EAST
1932,43210,12,ROUTINE,3,524991,6,4516,234,62518,19308,US-EAST
1933,22609,6,CRITICAL,3,90527,3,1820,79,29389,6780,EU-WEST
1934,27365,7,ROUTINE,3,595085,7,7201,786,48351,20986,EU-WEST
1935,53466,14,ROUTINE,3,71640,2,2858,38,61030,7564,US-EAST
1936,30368,8,ROUTINE,1,174589,8,7081,286,38762,8394,EU-CENTRAL
1937,86254,23,CRITICAL,5,12034,1,1984,103,90329,4075,EU-CENTRAL
1938,34805,9,ROUTINE,2,41980,4,3722,148,45505,10700,US-EAST
1939,56235,15,CRITICAL,3,40235,3,2684,56,58341,2106,EU-WEST
1940,60464,16,CRITICAL,3,42954,4,4273,33,64087,3623,US-EAST
1941,44199,12,ROUTINE,2,125401,3,3961,224,61604,17405,EU-WEST
1942,33150,9,ROUTINE,2,148367,3,3429,263,48372,15222,EU-WEST
1943,37929,10,ROUTINE,3,140388,3,4601,85,52545,14616,US-EAST
1944,56368,15,CRITICAL,3,13131,2,4707,1640,60425,4057,US-EAST
1945,61542,17,ROUTINE,3,19940,2,2768,278,69762,8220,US-EAST
1946,33974,9,ROUTINE,2,590300,7,4211,215,51524,17550,EU-CENTRAL
1947,78766,21,ROUTINE,1,88552,2,4610,105,87433,8667,US-EAST
1948,85261,23,ROUTINE,3,125540,3,4792,109,94477,9216,EU-CENTRAL
1949,75403,20,ROUTINE,3,34058,1,2859,28,79320,3917,EU-WEST
1950,30097,8,ROUTINE,2,33872,1,1032,39,44171,14074,EU-WEST
1951,75735,21,ROUTINE,2,218259,8,7571,30,86713,10978,EU-CENTRAL
1952,79207,22,ROUTINE,1,244441,7,5829,64,99454,20247,EU-CENTRAL
1953,39438,10,ROUTINE,2,378460,4,3757,81,58976,19538,EU-CENTRAL
1954,58008,16,CRITICAL,4,381427,4,3018,239,67744,9736,EU-WEST
1955,26724,7,CRITICAL,3,41640,2,4077,509,29441,2717,EU-WEST
1956,27183,7,ROUTINE,3,162753,4,5165,86,46252,19069,EU-CENTRAL
1957,65217,18,ROUTINE,2,332481,5,3569,1969,80356,15139,EU-WEST
1958,22606,6,ROUTINE,1,14085,1,3577,179,33103,10497,EU-WEST
1959,30425,8,ROUTINE,2,41794,4,4931,51,38468,8043,US-EAST
1960,35767,9,ROUTINE,1,184225,5,4660,234,48364,12597,EU-CENTRAL
1961,32068,8,ROUTINE,1,156467,4,5432,261,42702,10634,US-EAST
1962,66643,18,ROUTINE,3,30518,2,1340,30,82395,15752,US-EAST
1963,33291,9,ROUTINE,1,240822,4,2406,6,53767,20476,US-EAST
1964,65755,18,CRITICAL,4,57335,4,2743,437,70528,4773,EU-CENTRAL
1965,83167,23,CRITICAL,3,378371,6,6253,771,91587,8420,EU-CENTRAL
1966,78499,21,ROUTINE,2,62677,3,1949,226,82699,4200,EU-WEST
1967,87426,24,ROUTINE,2,166744,4,2335,278,96409,8983,EU-WEST
1968,65237,18,ROUTINE,2,460613,8,4731,1880,78714,13477,US-EAST
1969,47357,13,ROUTINE,1,48994,4,2551,70,56244,8887,EU-WEST
1970,76225,21,ROUTINE,2,292626,5,5642,116,86840,10615,EU-CENTRAL
1971,68926,19,ROUTINE,1,46017,2,1464,261,79016,10090,EU-WEST
1972,62532,17,ROUTINE,1,374702,4,3120,211,75293,12761,EU-WEST
1973,35882,9,ROUTINE,1,147117,4,4423,200,45151,9269,EU-WEST
1974,83695,23,ROUTINE,3,47956,2,2370,289,92293,8598,EU-WEST
1975,36128,10,ROUTINE,1,37978,2,2371,55,52565,16437,EU-WEST
1976,34143,9,ROUTINE,1,155874,8,4477,1668,49736,15593,EU-CENTRAL
1977,43772,12,ROUTINE,3,40497,4,3393,288,48967,5195,EU-WEST
1978,33565,9,ROUTINE,2,23379,2,2065,183,43536,9971,EU-WEST
1979,48511,13,ROUTINE,1,5850,1,979,227,52241,3730,EU-CENTRAL
1980,33398,9,ROUTINE,1,235651,4,4085,1267,47094,13696,EU-CENTRAL
1981,60098,16,CRITICAL,5,29403,2,1711,260,64499,4401,EU-WEST
1982,32950,9,ROUTINE,2,25356,2,3442,134,37072,4122,US-EAST
1983,45922,12,ROUTINE,3,541176,6,6310,267,57995,12073,US-EAST
1984,33891,9,ROUTINE,1,296174,7,6998,107,56848,22957,EU-WEST
1985,38934,10,ROUTINE,3,145866,3,1895,299,49101,10167,EU-CENTRAL
1986,80015,22,CRITICAL,4,131288,4,4908,298,86063,6048,EU-CENTRAL
1987,63055,17,CRITICAL,4,423227,8,6819,199,72375,9320,EU-WEST
1988,59811,16,ROUTINE,1,64276,4,4336,47,73786,13975,EU-WEST
1989,69482,19,ROUTINE,2,17086,2,1956,275,74081,4599,EU-CENTRAL
1990,45030,12,ROUTINE,3,81359,2,3623,38,60711,15681,EU-WEST
1991,82446,22,ROUTINE,3,366556,6,4360,1157,100892,18446,EU-WEST
1992,56440,15,ROUTINE,2,218834,4,3636,96,73993,17553,EU-WEST
1993,77452,21,ROUTINE,3,18136,2,2923,250,89395,11943,EU-CENTRAL
1994,81174,22,CRITICAL,4,21134,1,1411,41,84038,2864,EU-WEST
1995,34227,9,ROUTINE,2,85294,2,2592,100,43052,8825,EU-WEST
1996,39098,10,CRITICAL,3,55717,4,4403,84,42374,3276,EU-WEST
1997,80851,22,ROUTINE,3,480563,7,7410,1917,93488,12637,US-EAST
1998,67012,18,ROUTINE,2,145380,4,2428,100,82456,15444,US-EAST
1999,27572,7,ROUTINE,1,46903,2,4250,262,32408,4836,EU-CENTRAL
2000,45146,12,CRITICAL,3,373466,7,4858,46,52769,7623,US-EAST
2001,49019,13,ROUTINE,1,49758,2,4101,39,61692,12673,EU-WEST
2002,61026,16,ROUTINE,3,117883,3,2901,49,72524,11498,US-EAST
2003,47093,13,ROUTINE,3,241383,5,5532,203,64838,17745,EU-WEST
2004,74917,20,ROUTINE,3,48808,2,1995,199,86238,11321,EU-WEST
2005,45421,12,CRITICAL,3,236349,6,5925,64,54190,8769,EU-WEST
2006,62512,17,ROUTINE,3,57161,2,1312,176,67066,4554,EU-CENTRAL
2007,58247,16,CRITICAL,4,21534,1,2764,178,60230,1983,EU-CENTRAL
2008,21634,6,ROUTINE,2,146912,4,3779,721,32825,11191,EU-WEST
2009,44593,12,ROUTINE,1,166356,7,6799,156,61734,17141,US-EAST
2010,59306,16,ROUTINE,3,32763,1,3903,300,75699,16393,US-EAST
2011,86024,23,ROUTINE,1,281460,4,2499,1551,104172,18148,US-EAST
2012,37643,10,CRITICAL,3,200302,8,4718,109,44197,6554,EU-CENTRAL
2013,83863,23,ROUTINE,2,54008,2,3442,1743,89322,5459,EU-WEST
2014,53033,14,ROUTINE,2,84430,2,2472,189,61901,8868,EU-CENTRAL
2015,40094,11,ROUTINE,2,80257,2,1584,227,50886,10792,EU-CENTRAL
2016,52462,14,ROUTINE,3,81405,3,5197,470,68496,16034,EU-CENTRAL
2017,65469,18,ROUTINE,1,227916,4,5475,280,81563,16094,US-EAST
2018,36283,10,ROUTINE,2,590949,8,5749,143,54040,17757,US-EAST
2019,31453,8,ROUTINE,1,19335,2,4601,259,36214,4761,EU-CENTRAL
2020,33800,9,ROUTINE,1,187826,5,3893,154,48727,14927,EU-CENTRAL
2021,32239,8,CRITICAL,5,168794,7,5163,103,40820,8581,EU-CENTRAL
2022,37368,10,ROUTINE,1,348240,8,5478,278,58007,20639,EU-WEST
2023,27778,7,ROUTINE,1,41205,4,4634,212,33129,5351,EU-CENTRAL
2024,84335,23,ROUTINE,1,44455,4,2932,277,91748,7413,US-EAST
2025,61992,17,ROUTINE,2,57797,4,3797,282,67346,5354,US-EAST
2026,53920,14,ROUTINE,2,223614,4,2422,145,68202,14282,EU-WEST
2027,65094,18,CRITICAL,3,197455,8,6148,211,71136,6042,EU-WEST
2028,47692,13,ROUTINE,1,126805,4,5394,1603,64320,16628,EU-WEST
2029,33157,9,ROUTINE,2,111777,4,4105,244,43853,10696,EU-WEST
2030,25795,7,ROUTINE,2,32121,1,1755,249,35569,9774,EU-CENTRAL
2031,84700,23,ROUTINE,2,44921,2,3264,1550,98875,14175,US-EAST
2032,76089,21,ROUTINE,1,11179,2,2523,232,86119,10030,EU-WEST
2033,51970,14,ROUTINE,2,58451,2,4013,140,69324,17354,EU-CENTRAL
2034,47839,13,ROUTINE,2,48781,3,2973,76,54871,7032,EU-WEST
2035,45560,12,ROUTINE,2,219327,8,7323,1455,58024,12464,EU-CENTRAL
2036,56471,15,CRITICAL,5,8399,2,2984,229,58705,2234,US-EAST
2037,54563,15,ROUTINE,1,115093,4,4189,42,69333,14770,EU-WEST
2038,56400,15,ROUTINE,2,5052,1,3623,541,66560,10160,US-EAST
2039,26825,7,ROUTINE,1,508209,6,5261,203,42809,15984,EU-CENTRAL
2040,76908,21,ROUTINE,1,27914,2,3434,86,92647,15739,US-EAST
2041,72943,20,ROUTINE,3,32117,2,3245,164,80553,7610,EU-CENTRAL
2042,26203,7,CRITICAL,3,347434,4,2325,1513,36708,10505,EU-WEST
2043,30887,8,ROUTINE,1,18244,1,1200,567,34735,3848,EU-WEST
2044,78660,21,ROUTINE,3,571117,8,7273,212,89006,10346,EU-CENTRAL
2045,46095,12,ROUTINE,3,94026,2,4631,392,63781,17686,EU-WEST
2046,43691,12,CRITICAL,4,54326,3,2880,170,49381,5690,EU-WEST
2047,51351,14,ROUTINE,3,9411,2,4110,114,62267,10916,EU-WEST
2048,85402,23,ROUTINE,3,59723,3,3951,208,97204,11802,US-EAST
2049,42995,11,CRITICAL,4,480982,7,5696,169,50908,7913,EU-WEST
2050,81091,22,ROUTINE,3,33182,1,1169,96,87289,6198,EU-CENTRAL
2051,31692,8,ROUTINE,2,116163,4,5556,1392,39396,7704,US-EAST
2052,54305,15,CRITICAL,4,110602,2,1288,14,59411,5106,US-EAST
2053,36218,10,ROUTINE,3,58590,4,3149,1205,51439,15221,EU-WEST
2054,82668,22,ROUTINE,3,453328,4,4323,254,103883,21215,EU-CENTRAL
2055,89600,24,ROUTINE,3,475620,5,3627,1740,109931,20331,EU-CENTRAL
2056,59183,16,ROUTINE,1,241875,7,6482,573,70272,11089,EU-CENTRAL
2057,26594,7,ROUTINE,3,47276,4,2984,280,33488,6894,US-EAST
2058,66704,18,ROUTINE,2,53519,2,1625,178,71750,5046,US-EAST
2059,29750,8,CRITICAL,3,236084,6,6276,276,36526,6776,US-EAST
2060,75001,20,ROUTINE,1,230778,8,4912,27,89733,14732,EU-WEST
2061,29214,8,CRITICAL,3,184473,7,4215,213,34584,5370,EU-WEST
2062,38561,10,ROUTINE,1,237485,6,5067,77,49606,11045,EU-CENTRAL
2063,36809,10,ROUTINE,1,7223,2,3732,128,43782,6973,US-EAST
2064,23082,6,ROUTINE,3,35047,1,1849,52,31133,8051,EU-CENTRAL
2065,39827,11,ROUTINE,2,443199,7,6418,131,50146,10319,EU-WEST
2066,37927,10,ROUTINE,2,58229,4,4067,313,46324,8397,US-EAST
2067,36205,10,ROUTINE,3,35447,2,3871,1046,49375,13170,EU-WEST
2068,41582,11,ROUTINE,2,381552,7,6026,184,56938,15356,US-EAST
2069,81065,22,ROUTINE,1,37978,1,3463,216,94794,13729,US-EAST
2070,47957,13,ROUTINE,1,26709,2,3958,88,57908,9951,EU-WEST
2071,31354,8,ROUTINE,2,249574,6,4043,72,48319,16965,US-EAST
2072,48504,13,ROUTINE,2,410631,6,5548,94,63140,14636,US-EAST
2073,45328,12,CRITICAL,3,53431,4,2416,165,48096,2768,EU-WEST
2074,54939,15,CRITICAL,4,33732,2,4392,286,58259,3320,EU-WEST
2075,73456,20,ROUTINE,2,66101,4,4494,439,91000,17544,EU-CENTRAL
2076,87667,24,ROUTINE,3,140225,3,3642,139,96412,8745,EU-WEST
2077,74870,20,ROUTINE,1,37409,2,2164,1365,80062,5192,EU-WEST
2078,58768,16,ROUTINE,2,8117,1,1397,111,67399,8631,EU-WEST
2079,49954,13,CRITICAL,5,97683,4,2911,33,56845,6891,US-EAST
2080,59840,16,ROUTINE,3,48637,4,3222,60,68535,8695,US-EAST
2081,23740,6,CRITICAL,4,205022,8,7622,93,32450,8710,US-EAST
2082,86387,23,CRITICAL,5,17444,2,3263,192,90152,3765,EU-WEST
2083,45468,12,ROUTINE,2,108598,2,2451,1501,63072,17604,US-EAST
2084,37045,10,ROUTINE,3,37278,2,2593,24,44887,7842,US-EAST
2085,22349,6,CRITICAL,5,11869,1,2440,63,23675,1326,US-EAST
2086,51494,14,CRITICAL,4,62435,2,3459,16,55648,4154,EU-CENTRAL
2087,54625,15,ROUTINE,3,25238,1,3933,160,69030,14405,US-EAST
2088,73670,20,CRITICAL,5,296222,4,2527,179,83761,10091,EU-CENTRAL
2089,34560,9,ROUTINE,2,39282,1,1916,217,44313,9753,EU-WEST
2090,61068,16,CRITICAL,5,239561,5,5796,231,70352,9284,EU-WEST
2091,53912,14,ROUTINE,3,41067,2,3115,95,66744,12832,EU-WEST
2092,30506,8,CRITICAL,4,100177,4,2464,233,34347,3841,EU-WEST
2093,78811,21,ROUTINE,1,36462,1,2717,115,93952,15141,US-EAST
2094,67343,18,ROUTINE,3,53289,2,3007,200,80338,12995,EU-WEST
2095,66344,18,ROUTINE,3,57549,2,1307,188,71392,5048,EU-WEST
2096,60955,16,ROUTINE,1,164385,5,5236,66,71961,11006,EU-WEST
2097,42914,11,CRITICAL,4,161628,7,4348,1665,48506,5592,EU-CENTRAL
2098,71297,19,ROUTINE,1,39351,2,3998,171,86418,15121,EU-CENTRAL
2099,68105,18,ROUTINE,1,38063,2,4194,253,76741,8636,US-EAST
2100,68392,18,ROUTINE,1,44392,3,4527,262,73542,5150,EU-WEST
2101,85513,23,ROUTINE,2,177176,5,6151,251,100908,15395,EU-WEST
2102,52084,14,ROUTINE,2,389731,7,6721,193,64780,12696,US-EAST
2103,51450,14,ROUTINE,3,32145,1,2233,308,63466,12016,EU-CENTRAL
2104,25272,7,ROUTINE,2,38873,1,3241,476,29381,4109,US-EAST
2105,87921,24,CRITICAL,3,38169,1,1330,28,89944,2023,US-EAST
2106,73902,20,CRITICAL,3,163233,8,6951,205,81037,7135,EU-WEST
2107,42451,11,ROUTINE,3,16332,2,1784,205,48790,6339,EU-WEST
2108,83851,23,CRITICAL,3,504910,5,4166,277,95599,11748,US-EAST
2109,58482,16,CRITICAL,3,64172,2,3589,171,63723,5241,EU-CENTRAL
2110,83555,23,ROUTINE,1,520137,7,5902,157,98674,15119,EU-CENTRAL
2111,61954,17,CRITICAL,5,5385,2,4716,288,66610,4656,US-EAST
2112,26075,7,ROUTINE,3,232405,4,2305,221,35268,9193,EU-CENTRAL
2113,79433,22,ROUTINE,3,138945,2,3461,1232,94744,15311,EU-WEST
2114,51625,14,ROUTINE,2,153373,8,6317,103,68583,16958,EU-WEST
2115,85244,23,ROUTINE,1,56244,4,2955,147,101674,16430,EU-CENTRAL
2116,46521,12,ROUTINE,2,129771,2,2579,216,60485,13964,EU-WEST
2117,36562,10,ROUTINE,3,98285,4,4359,864,52255,15693,EU-WEST
2118,24826,6,CRITICAL,5,39367,1,1257,1887,29088,4262,EU-WEST
2119,84964,23,ROUTINE,3,28818,1,4128,250,98289,13325,US-EAST
2120,39052,10,ROUTINE,2,36352,2,2276,72,54022,14970,EU-WEST
2121,89203,24,ROUTINE,1,49008,2,2139,292,97833,8630,EU-CENTRAL
2122,28304,7,CRITICAL,4,10891,1,3049,207,31337,3033,EU-CENTRAL
2123,42060,11,ROUTINE,2,10860,1,2367,29,50305,8245,EU-CENTRAL
2124,86353,23,ROUTINE,3,327976,6,4067,42,108263,21910,US-EAST
2125,85597,23,ROUTINE,2,46826,4,3337,1246,97301,11704,EU-CENTRAL
2126,42200,11,ROUTINE,1,47692,4,3203,42,53164,10964,US-EAST
2127,57991,16,ROUTINE,2,199174,6,4273,157,67831,9840,EU-WEST
2128,84618,23,ROUTINE,3,17813,1,2423,1461,91936,7318,EU-WEST
2129,21681,6,ROUTINE,1,158158,8,5649,240,34732,13051,US-EAST
2130,86916,24,CRITICAL,3,50201,2,1874,121,91987,5071,EU-CENTRAL
2131,69352,19,ROUTINE,1,5921,1,2569,132,72684,3332,EU-CENTRAL
2132,84102,23,ROUTINE,1,197381,4,3851,45,92200,8098,EU-WEST
2133,43882,12,ROUTINE,1,80978,3,5214,1243,53235,9353,EU-WEST
2134,55240,15,ROUTINE,1,162206,8,5588,234,74220,18980,EU-CENTRAL
2135,74058,20,CRITICAL,4,13926,2,3250,1344,78371,4313,EU-CENTRAL
2136,50070,13,ROUTINE,3,207225,5,5528,1890,63397,13327,EU-WEST
2137,58067,16,CRITICAL,4,57124,2,4723,215,64200,6133,EU-CENTRAL
2138,30298,8,ROUTINE,3,232948,4,3460,176,39739,9441,US-EAST
2139,25434,7,ROUTINE,1,43946,2,4698,854,33652,8218,EU-CENTRAL
2140,51154,14,ROUTINE,1,384165,6,5387,879,61276,10122,EU-CENTRAL
2141,49455,13,ROUTINE,3,143925,2,4799,71,60380,10925,EU-WEST
2142,70992,19,CRITICAL,4,437358,4,2507,1590,81224,10232,EU-WEST
2143,66856,18,ROUTINE,3,20158,1,1470,25,79020,12164,EU-WEST
2144,26877,7,CRITICAL,3,52035,2,3672,858,29828,2951,EU-WEST
2145,66096,18,ROUTINE,3,31088,1,3831,126,76060,9964,EU-WEST
2146,76377,21,ROUTINE,1,30861,1,3404,218,91029,14652,US-EAST
2147,44508,12,ROUTINE,3,10644,1,3052,38,55500,10992,US-EAST
2148,85185,23,CRITICAL,4,31790,1,3522,49,87211,2026,EU-CENTRAL
2149,89592,24,CRITICAL,3,72008,4,2700,281,92697,3105,US-EAST
2150,22827,6,ROUTINE,1,171803,5,5743,148,38586,15759,US-EAST
2151,61508,17,ROUTINE,1,72520,2,2180,226,72176,10668,EU-CENTRAL
2152,29690,8,ROUTINE,1,37074,2,4841,7,45865,16175,EU-CENTRAL
2153,39287,10,CRITICAL,4,58464,4,4834,157,42035,2748,EU-WEST
2154,78572,21,ROUTINE,2,179348,7,3981,765,87788,9216,US-EAST
2155,53074,14,ROUTINE,1,25415,1,840,69,60862,7788,EU-CENTRAL
2156,47445,13,ROUTINE,2,41802,2,3810,585,56549,9104,EU-WEST
2157,63647,17,CRITICAL,3,127334,2,1478,55,69652,6005,US-EAST
2158,56734,15,ROUTINE,3,221484,5,4352,155,69437,12703,EU-WEST
2159,21673,6,ROUTINE,3,216351,7,5412,219,32966,11293,EU-WEST
2160,40031,11,CRITICAL,4,11059,2,3793,255,43253,3222,US-EAST
2161,26237,7,CRITICAL,5,157884,5,3565,72,34936,8699,EU-CENTRAL
2162,89686,24,CRITICAL,3,89264,3,2225,246,93212,3526,EU-CENTRAL
2163,30126,8,ROUTINE,3,5896,2,3028,260,35455,5329,EU-CENTRAL
2164,78846,21,ROUTINE,3,27838,1,1642,238,82027,3181,EU-WEST
2165,45209,12,CRITICAL,4,182421,5,6176,1286,51107,5898,US-EAST
2166,62562,17,ROUTINE,1,181264,8,5118,67,79456,16894,EU-CENTRAL
2167,25186,6,ROUTINE,2,43244,4,4496,133,35315,10129,EU-WEST
2168,84061,23,CRITICAL,3,56171,4,5303,260,89169,5108,US-EAST
2169,80354,22,CRITICAL,3,474420,7,5949,104,89366,9012,EU-WEST
2170,41047,11,ROUTINE,2,500964,6,5488,184,61005,19958,EU-WEST
2171,85767,23,CRITICAL,4,544310,6,4501,129,95844,10077,EU-WEST
2172,51450,14,CRITICAL,5,64417,4,4118,828,54754,3304,US-EAST
2173,26244,7,ROUTINE,3,58042,2,4211,21,33560,7316,EU-WEST
2174,56810,15,ROUTINE,2,24522,1,3327,17,64122,7312,EU-CENTRAL
2175,34933,9,ROUTINE,2,16545,2,3653,16,43754,8821,US-EAST
2176,33468,9,CRITICAL,3,532919,7,4391,17,42432,8964,EU-CENTRAL
2177,32238,8,ROUTINE,3,11774,2,4480,126,48063,15825,EU-CENTRAL
2178,88785,24,ROUTINE,3,100152,2,4405,8,98602,9817,US-EAST
2179,34832,9,ROUTINE,3,204638,4,5690,193,44670,9838,EU-WEST
2180,71202,19,ROUTINE,2,434979,8,4662,1962,85205,14003,EU-WEST
2181,43995,12,ROUTINE,3,522533,6,4026,296,58396,14401,US-EAST
2182,71690,19,ROUTINE,2,39933,2,4707,101,77976,6286,EU-CENTRAL
2183,26557,7,ROUTINE,3,183940,6,4630,250,44540,17983,EU-CENTRAL
2184,66862,18,ROUTINE,1,138529,2,1768,26,78992,12130,EU-WEST
2185,85434,23,ROUTINE,3,530484,7,6792,70,99850,14416,EU-WEST
2186,43076,11,ROUTINE,1,24147,2,2482,15,50455,7379,EU-WEST
2187,39826,11,ROUTINE,2,50932,3,4464,1439,52565,12739,EU-WEST
2188,83461,23,ROUTINE,3,25122,2,3075,59,92840,9379,US-EAST
2189,86100,23,ROUTINE,2,245729,6,4621,171,98098,11998,US-EAST
2190,82291,22,ROUTINE,1,25058,2,1811,111,91003,8712,EU-CENTRAL
2191,77095,21,CRITICAL,3,332760,8,5498,180,86782,9687,EU-WEST
2192,76461,21,ROUTINE,1,65640,3,3360,380,91990,15529,US-EAST
2193,82118,22,ROUTINE,1,88114,2,1336,320,96189,14071,EU-WEST
2194,69673,19,ROUTINE,2,27848,2,2438,128,78449,8776,EU-CENTRAL
2195,67947,18,CRITICAL,4,12426,2,4329,147,69012,1065,US-EAST
2196,82644,22,CRITICAL,4,56732,3,2473,1377,86935,4291,US-EAST
2197,29032,8,ROUTINE,1,536645,7,4475,287,41837,12805,EU-CENTRAL
2198,71098,19,CRITICAL,5,28901,1,2080,61,76564,5466,EU-WEST
2199,56463,15,ROUTINE,2,161763,4,3830,210,76310,19847,EU-WEST
2200,26164,7,CRITICAL,5,554492,5,5251,1541,36087,9923,EU-WEST
2201,33115,9,ROUTINE,1,542841,4,4809,114,43292,10177,EU-CENTRAL
2202,65754,18,ROUTINE,2,441562,4,2886,58,83394,17640,EU-WEST
2203,41570,11,ROUTINE,3,115033,2,2816,72,53545,11975,US-EAST
2204,40304,11,ROUTINE,3,163606,6,4337,295,51670,11366,US-EAST
2205,66750,18,ROUTINE,2,41441,3,3965,145,80179,13429,EU-WEST
2206,61285,17,ROUTINE,1,59215,2,3491,246,69462,8177,EU-CENTRAL
2207,47084,13,CRITICAL,3,176663,5,5819,150,55553,8469,EU-CENTRAL
2208,28420,7,ROUTINE,2,98827,2,1700,153,38038,9618,US-EAST
2209,83820,23,CRITICAL,5,20116,2,1501,169,88751,4931,EU-WEST
2210,64297,17,ROUTINE,2,104144,4,4707,283,70582,6285,US-EAST
2211,40490,11,ROUTINE,2,25034,2,4446,188,53920,13430,EU-CENTRAL
2212,30800,8,CRITICAL,4,49531,3,4319,221,33455,2655,US-EAST
2213,21815,6,CRITICAL,4,244202,8,5807,283,31219,9404,EU-CENTRAL
2214,51187,14,CRITICAL,3,187536,7,4818,242,58777,7590,US-EAST
2215,56054,15,ROUTINE,2,223130,5,4601,322,69425,13371,EU-WEST
2216,27172,7,CRITICAL,4,208030,6,5401,10,33828,6656,US-EAST
2217,46242,12,ROUTINE,1,40022,3,1913,128,54229,7987,EU-WEST
2218,64069,17,CRITICAL,5,180549,6,3820,269,70095,6026,EU-WEST
2219,73285,20,CRITICAL,3,390587,5,5741,58,84687,11402,US-EAST
2220,72455,20,CRITICAL,3,10290,2,2656,162,73855,1400,EU-WEST
2221,28845,8,ROUTINE,3,236306,5,5925,205,43195,14350,EU-WEST
2222,55117,15,ROUTINE,1,422144,8,7222,953,69820,14703,EU-WEST
2223,40505,11,ROUTINE,1,531385,8,6542,848,62571,22066,EU-CENTRAL
2224,52842,14,ROUTINE,1,47635,2,1573,198,64228,11386,US-EAST
2225,72523,20,ROUTINE,3,112394,2,2144,293,84871,12348,EU-CENTRAL
2226,84966,23,ROUTINE,1,269802,5,4365,95,102849,17883,US-EAST
2227,79562,22,ROUTINE,1,170188,6,3907,211,87752,8190,EU-WEST
2228,59758,16,CRITICAL,5,42527,3,2634,119,64223,4465,EU-WEST
2229,62035,17,CRITICAL,3,74643,4,2421,246,66091,4056,EU-CENTRAL
2230,78081,21,ROUTINE,3,248131,5,5719,76,94874,16793,EU-CENTRAL
2231,55209,15,CRITICAL,4,56127,4,2731,1885,60131,4922,US-EAST
2232,22369,6,ROUTINE,2,121695,3,4075,1507,39879,17510,US-EAST
2233,28578,7,ROUTINE,3,105140,2,1698,12,44193,15615,US-EAST
2234,43456,12,ROUTINE,3,68954,4,5724,181,59322,15866,EU-WEST
2235,82774,22,ROUTINE,2,39671,1,4312,268,98903,16129,EU-WEST
2236,49286,13,ROUTINE,2,35293,2,1679,1040,54598,5312,US-EAST
2237,32703,9,CRITICAL,4,84597,3,5232,239,38471,5768,US-EAST
2238,34176,9,ROUTINE,1,216450,4,3835,15,47528,13352,US-EAST
2239,64322,17,ROUTINE,2,112754,2,4486,263,77030,12708,EU-CENTRAL
2240,86008,23,ROUTINE,3,44160,3,3094,1350,93006,6998,US-EAST
2241,28613,7,ROUTINE,3,28639,2,4177,1429,37900,9287,EU-CENTRAL
2242,34369,9,ROUTINE,2,139210,3,4243,87,46134,11765,US-EAST
2243,89803,24,ROUTINE,1,28034,1,2394,694,94195,4392,EU-CENTRAL
2244,56216,15,CRITICAL,3,10582,1,4146,275,58803,2587,EU-WEST
2245,31064,8,ROUTINE,1,162786,6,3927,297,45255,14191,EU-CENTRAL
2246,40151,11,ROUTINE,3,43863,3,4728,9,44637,4486,EU-CENTRAL
2247,33145,9,ROUTINE,3,19288,2,2173,1441,44763,11618,US-EAST
2248,56000,15,ROUTINE,2,170783,5,5729,423,67533,11533,EU-WEST
2249,64600,17,CRITICAL,5,332855,7,6975,64,76226,11626,EU-CENTRAL
2250,32994,9,ROUTINE,2,71198,4,4674,620,42417,9423,US-EAST
2251,33258,9,ROUTINE,1,159176,6,6538,416,40376,7118,US-EAST
2252,32196,8,CRITICAL,4,483798,5,5302,204,41751,9555,EU-CENTRAL
2253,52929,14,CRITICAL,3,17736,2,3214,55,55847,2918,EU-WEST
2254,29961,8,ROUTINE,1,141199,3,4133,1135,46189,16228,US-EAST
2255,85229,23,CRITICAL,4,114701,2,3381,272,89865,4636,EU-WEST
2256,64316,17,ROUTINE,3,59159,4,2810,286,68819,4503,EU-CENTRAL
2257,34723,9,CRITICAL,4,32840,2,1769,238,38892,4169,EU-WEST
2258,35785,9,CRITICAL,3,24313,2,2365,78,39770,3985,EU-CENTRAL
2259,56074,15,ROUTINE,1,59063,3,3377,168,67537,11463,US-EAST
2260,73111,20,CRITICAL,5,379887,8,7888,274,82935,9824,EU-WEST
2261,66753,18,ROUTINE,3,190580,6,5070,1156,84107,17354,EU-CENTRAL
2262,27777,7,ROUTINE,2,20238,1,2843,41,37093,9316,EU-CENTRAL
2263,64606,17,CRITICAL,5,428551,5,5759,1524,73307,8701,US-EAST
2264,80228,22,ROUTINE,3,258957,7,4187,211,99499,19271,US-EAST
2265,61616,17,CRITICAL,4,9662,1,2619,171,64787,3171,US-EAST
2266,34030,9,ROUTINE,2,228324,6,6211,278,50519,16489,EU-CENTRAL
2267,54695,15,ROUTINE,2,241598,4,2884,170,67499,12804,EU-CENTRAL
2268,41303,11,ROUTINE,3,229729,5,5634,1395,51212,9909,EU-WEST
2269,37564,10,ROUTINE,3,58625,4,5429,65,43032,5468,US-EAST
2270,84468,23,CRITICAL,3,367889,5,3475,280,94003,9535,US-EAST
2271,29982,8,ROUTINE,1,163024,5,4182,199,41225,11243,EU-CENTRAL
2272,30736,8,ROUTINE,1,14877,2,4188,248,35262,4526,US-EAST
2273,78776,21,ROUTINE,1,173881,5,3614,139,86049,7273,EU-WEST
2274,60884,16,ROUTINE,3,147188,3,4212,1506,76203,15319,EU-CENTRAL
2275,74684,20,ROUTINE,2,240492,8,7218,100,95434,20750,EU-CENTRAL
2276,25160,6,ROUTINE,1,24747,2,3480,242,32464,7304,EU-WEST
2277,28012,7,CRITICAL,4,31987,2,4271,276,33402,5390,US-EAST
2278,39078,10,ROUTINE,2,51384,3,3368,205,51277,12199,US-EAST
2279,46981,13,ROUTINE,3,14431,1,3275,219,51781,4800,EU-CENTRAL
2280,80346,22,CRITICAL,4,12342,1,4109,149,85290,4944,EU-WEST
2281,46117,12,ROUTINE,2,35080,1,3641,38,60400,14283,US-EAST
2282,66827,18,ROUTINE,1,29181,1,2297,80,78119,11292,US-EAST
2283,65365,18,ROUTINE,1,45157,2,3787,267,73389,8024,US-EAST
2284,31900,8,ROUTINE,2,43503,2,2642,162,43948,12048,EU-WEST
2285,52997,14,CRITICAL,5,48739,4,2498,377,58492,5495,EU-CENTRAL
2286,83034,23,ROUTINE,3,48930,2,4278,245,89141,6107,US-EAST
2287,44012,12,ROUTINE,2,185818,8,7781,198,55604,11592,EU-WEST
2288,47947,13,ROUTINE,3,66951,2,3994,98,63698,15751,EU-WEST
2289,84201,23,ROUTINE,2,17658,1,1308,165,91841,7640,EU-WEST
2290,50527,14,ROUTINE,1,18743,1,3428,208,60112,9585,EU-WEST
2291,35946,9,ROUTINE,3,421767,7,6322,1067,46483,10537,EU-WEST
2292,53864,14,CRITICAL,5,34229,1,1498,233,59120,5256,EU-WEST
2293,29694,8,ROUTINE,3,221428,8,6018,189,46217,16523,US-EAST
2294,70810,19,CRITICAL,5,59343,3,3145,62,76977,6167,US-EAST
2295,77621,21,ROUTINE,3,5338,1,1652,83,85206,7585,US-EAST
2296,30222,8,ROUTINE,2,12989,2,4663,65,43904,13682,EU-CENTRAL
2297,38488,10,CRITICAL,3,48533,4,5483,1836,43935,5447,EU-CENTRAL
2298,47995,13,ROUTINE,1,218698,6,6611,298,69275,21280,US-EAST
2299,84234,23,CRITICAL,4,57334,2,1600,36,90002,5768,US-EAST
2300,84048,23,ROUTINE,2,43591,4,4167,183,93866,9818,EU-WEST
2301,58709,16,ROUTINE,3,44002,3,1885,261,69614,10905,EU-CENTRAL
2302,54968,15,ROUTINE,2,31222,2,4425,1268,64987,10019,EU-WEST
2303,64531,17,CRITICAL,4,54157,3,4444,1538,69707,5176,EU-WEST
2304,32152,8,ROUTINE,2,57093,4,5128,295,40990,8838,EU-CENTRAL
2305,71513,19,ROUTINE,3,15673,2,2801,235,80479,8966,EU-WEST
2306,49741,13,CRITICAL,5,148885,3,3479,1120,54292,4551,EU-WEST
2307,59387,16,CRITICAL,5,24258,1,3051,28,64070,4683,EU-CENTRAL
2308,31643,8,CRITICAL,4,116319,4,4506,57,38934,7291,EU-WEST
2309,42906,11,ROUTINE,2,40114,3,5117,158,51851,8945,EU-CENTRAL
2310,79848,22,ROUTINE,2,47021,2,4226,240,84347,4499,EU-WEST
2311,40410,11,ROUTINE,1,32095,1,4179,217,49453,9043,EU-CENTRAL
2312,27981,7,ROUTINE,2,193523,7,6821,1481,46606,18625,US-EAST
2313,63550,17,ROUTINE,2,40317,3,5114,71,70841,7291,EU-WEST
2314,36941,10,ROUTINE,1,87908,4,2833,145,44531,7590,EU-WEST
2315,30425,8,ROUTINE,2,62505,2,2246,150,43404,12979,EU-WEST
2316,78660,21,ROUTINE,3,181846,4,3000,110,94802,16142,US-EAST
2317,35603,9,ROUTINE,3,29256,1,4196,43,39302,3699,EU-CENTRAL
2318,54284,15,CRITICAL,3,172607,6,6427,34,62410,8126,US-EAST
2319,79361,22,ROUTINE,3,38389,2,2346,98,89833,10472,EU-CENTRAL
2320,55500,15,ROUTINE,3,217980,7,6918,33,73188,17688,EU-WEST
2321,61536,17,ROUTINE,2,213227,8,5257,642,73018,11482,US-EAST
2322,33769,9,ROUTINE,3,166951,5,4439,54,45667,11898,EU-WEST
2323,39586,10,CRITICAL,3,580106,4,4134,172,50376,10790,US-EAST
2324,52524,14,CRITICAL,3,41015,3,4270,959,57791,5267,EU-CENTRAL
2325,44520,12,CRITICAL,3,300179,4,3801,281,52381,7861,EU-WEST
2326,36422,10,ROUTINE,2,148324,4,3159,231,51649,15227,EU-CENTRAL
2327,85926,23,ROUTINE,1,174231,4,4508,238,102520,16594,EU-WEST
2328,74229,20,CRITICAL,5,573888,8,6548,56,84244,10015,EU-CENTRAL
2329,86741,24,ROUTINE,2,239049,8,6406,222,99579,12838,US-EAST
2330,56295,15,ROUTINE,1,48435,2,3713,44,61441,5146,US-EAST
2331,53955,14,ROUTINE,2,169699,4,4459,158,63193,9238,US-EAST
2332,74385,20,CRITICAL,4,22898,1,3926,19,75679,1294,EU-WEST
2333,62355,17,ROUTINE,3,420682,5,3523,1347,74792,12437,US-EAST
2334,28743,7,ROUTINE,1,85678,3,1823,143,43644,14901,EU-WEST
2335,51204,14,ROUTINE,2,384099,6,6546,88,68197,16993,EU-CENTRAL
2336,69860,19,ROUTINE,3,162260,4,2780,95,79137,9277,US-EAST
2337,55876,15,ROUTINE,3,427364,5,4579,7,69720,13844,EU-WEST
2338,67467,18,CRITICAL,3,117133,3,5229,35,74512,7045,EU-CENTRAL
2339,81409,22,ROUTINE,3,562859,6,5640,289,100867,19458,EU-WEST
2340,40888,11,ROUTINE,1,18769,1,3954,125,48755,7867,US-EAST
2341,70733,19,ROUTINE,2,18510,1,4296,178,86428,15695,EU-WEST
2342,31936,8,CRITICAL,3,65447,4,3299,64,35973,4037,EU-CENTRAL
2343,59368,16,ROUTINE,2,29764,1,1896,243,75108,15740,EU-WEST
2344,56466,15,ROUTINE,1,92136,2,2400,1107,62868,6402,US-EAST
2345,73597,20,ROUTINE,2,42375,2,3851,171,86092,12495,EU-WEST
2346,52395,14,ROUTINE,1,44668,2,2133,75,57578,5183,US-EAST
2347,44529,12,ROUTINE,2,13465,1,2847,284,57496,12967,US-EAST
2348,49833,13,ROUTINE,3,29079,1,2174,154,61064,11231,EU-CENTRAL
2349,39829,11,ROUTINE,3,31859,1,831,216,52644,12815,EU-WEST
2350,51927,14,ROUTINE,1,208780,6,5851,69,61396,9469,EU-CENTRAL
2351,31365,8,CRITICAL,5,518771,7,4012,61,42075,10710,US-EAST
2352,44432,12,ROUTINE,1,98678,3,3899,1308,61489,17057,EU-WEST
2353,60144,16,CRITICAL,3,482868,4,2625,294,71314,11170,EU-WEST
2354,57389,15,ROUTINE,1,119247,4,3312,112,63999,6610,EU-CENTRAL
2355,88350,24,ROUTINE,3,41291,4,2638,270,96286,7936,EU-WEST
2356,27547,7,ROUTINE,3,16814,1,828,192,40403,12856,US-EAST
2357,75700,21,ROUTINE,1,28294,2,1484,166,91192,15492,EU-WEST
2358,49975,13,ROUTINE,1,48951,4,3706,69,57617,7642,US-EAST
2359,82123,22,ROUTINE,3,258407,8,5995,282,98626,16503,EU-CENTRAL
2360,66874,18,CRITICAL,4,51985,4,4640,191,71255,4381,US-EAST
2361,84938,23,ROUTINE,3,207691,5,2873,565,101213,16275,EU-WEST
2362,54281,15,ROUTINE,3,201102,6,4117,74,63219,8938,US-EAST
2363,65426,18,ROUTINE,2,43969,2,1411,260,70673,5247,US-EAST
2364,33146,9,ROUTINE,2,23579,1,3912,1571,42310,9164,US-EAST
2365,79563,22,ROUTINE,2,9386,2,4395,56,89362,9799,EU-WEST
2366,80355,22,CRITICAL,3,13573,2,3986,780,84262,3907,US-EAST
2367,31118,8,ROUTINE,2,6990,2,2735,69,43029,11911,EU-WEST
2368,48341,13,CRITICAL,4,10879,1,4285,199,51455,3114,EU-WEST
2369,68791,19,CRITICAL,3,47593,2,3587,8,73712,4921,US-EAST
2370,30528,8,ROUTINE,1,273750,7,5484,185,43129,12601,EU-CENTRAL
2371,47203,13,ROUTINE,2,23183,2,2974,93,55593,8390,EU-WEST
2372,37331,10,CRITICAL,4,115091,2,3222,39,43789,6458,EU-WEST
2373,32776,9,CRITICAL,5,203405,4,2377,170,40548,7772,US-EAST
2374,83675,23,CRITICAL,3,209977,4,3527,9,93255,9580,EU-CENTRAL
2375,79407,22,ROUTINE,2,153238,5,3067,25,92208,12801,US-EAST
2376,63854,17,ROUTINE,3,121489,2,2846,93,75882,12028,EU-CENTRAL
2377,57436,15,ROUTINE,3,6006,2,3484,40,71573,14137,EU-CENTRAL
2378,26195,7,ROUTINE,2,26019,1,3924,128,36619,10424,US-EAST
2379,27950,7,ROUTINE,3,63977,4,2737,83,41051,13101,EU-CENTRAL
2380,74239,20,CRITICAL,3,212726,4,4855,255,84118,9879,US-EAST
2381,22807,6,ROUTINE,2,152959,4,2452,465,36206,13399,EU-WEST
2382,50396,13,ROUTINE,3,15669,2,2540,161,59407,9011,US-EAST
2383,59510,16,ROUTINE,1,552817,4,4586,1180,69378,9868,US-EAST
2384,59445,16,ROUTINE,3,81919,3,2731,9,67378,7933,US-EAST
2385,65623,18,ROUTINE,2,209112,4,4948,190,82949,17326,EU-CENTRAL
2386,27073,7,ROUTINE,2,119731,4,3310,64,41728,14655,EU-CENTRAL
2387,29007,8,ROUTINE,3,203866,8,4635,235,42987,13980,US-EAST
2388,75440,20,ROUTINE,3,330702,5,4049,1794,94411,18971,EU-CENTRAL
2389,45152,12,ROUTINE,2,16114,2,4169,11,53288,8136,EU-WEST
2390,35348,9,CRITICAL,3,222401,4,5072,229,42751,7403,EU-WEST
2391,44910,12,ROUTINE,3,59752,2,4818,109,49330,4420,EU-CENTRAL
2392,70867,19,ROUTINE,2,526541,6,6118,119,81078,10211,EU-WEST
2393,34577,9,ROUTINE,3,110826,2,3832,837,47377,12800,EU-WEST
2394,58272,16,CRITICAL,4,209502,8,5033,261,67569,9297,US-EAST
2395,52331,14,ROUTINE,1,38536,1,1877,73,63416,11085,EU-WEST
2396,54140,15,ROUTINE,2,77166,2,3372,199,70971,16831,US-EAST
2397,61725,17,ROUTINE,1,320839,8,7107,57,74218,12493,US-EAST
2398,78482,21,ROUTINE,2,284571,8,5514,1918,88478,9996,EU-CENTRAL
2399,35032,9,ROUTINE,3,573282,4,5002,269,49996,14964,US-EAST
2400,41786,11,ROUTINE,3,543439,4,2386,91,59794,18008,US-EAST
2401,72070,20,ROUTINE,2,10814,1,3543,73,81677,9607,US-EAST
2402,36209,10,ROUTINE,2,278973,4,4281,797,45986,9777,US-EAST
2403,32045,8,CRITICAL,4,7049,1,922,127,35768,3723,US-EAST
2404,63235,17,ROUTINE,2,112901,3,4660,18,73714,10479,EU-CENTRAL
2405,65571,18,ROUTINE,3,140748,2,3265,207,82228,16657,US-EAST
2406,65463,18,ROUTINE,3,199057,5,4158,1977,85267,19804,EU-WEST
2407,34280,9,ROUTINE,3,6490,1,3002,270,42584,8304,EU-WEST
2408,81346,22,CRITICAL,5,171878,4,5191,243,88257,6911,EU-WEST
2409,58427,16,ROUTINE,1,214573,5,5230,242,74838,16411,EU-CENTRAL
2410,82808,23,ROUTINE,1,420215,7,4823,70,93623,10815,US-EAST
2411,61914,17,ROUTINE,1,474751,6,4166,969,80434,18520,EU-WEST
2412,49024,13,ROUTINE,1,37303,1,3461,307,53662,4638,US-EAST
2413,85782,23,ROUTINE,2,40184,2,1339,34,95210,9428,US-EAST
2414,83044,23,ROUTINE,3,221377,7,5325,356,99061,16017,EU-CENTRAL
2415,82286,22,ROUTINE,2,6712,1,866,1557,88865,6579,US-EAST
2416,45168,12,ROUTINE,1,70529,3,3563,604,62746,17578,EU-WEST
2417,37729,10,ROUTINE,3,65236,4,2806,84,41977,4248,EU-WEST
2418,84235,23,ROUTINE,3,59042,3,2596,25,98412,14177,US-EAST
2419,43286,12,ROUTINE,2,214432,6,6191,1259,52972,9686,EU-CENTRAL
2420,83929,23,CRITICAL,4,10734,2,2564,201,88368,4439,US-EAST
2421,29415,8,ROUTINE,2,70263,2,3401,1601,41560,12145,US-EAST
2422,47172,13,ROUTINE,3,43039,3,2847,294,61364,14192,EU-WEST
2423,71616,19,CRITICAL,3,163297,8,7011,190,76937,5321,EU-WEST
2424,77979,21,CRITICAL,4,43131,4,4363,190,81165,3186,EU-WEST
2425,45994,12,CRITICAL,4,229691,6,4724,36,53477,7483,EU-WEST
2426,70051,19,ROUTINE,2,122109,3,4383,271,77030,6979,EU-CENTRAL
2427,32683,9,ROUTINE,2,126737,2,2579,1852,39643,6960,EU-CENTRAL
2428,38472,10,CRITICAL,4,59355,4,3640,17,43304,4832,EU-WEST
2429,35074,9,ROUTINE,1,85372,3,2542,8,47617,12543,EU-WEST
2430,55426,15,ROUTINE,2,20429,1,1632,1068,67153,11727,EU-CENTRAL
2431,22176,6,ROUTINE,3,16300,2,2423,188,33902,11726,EU-CENTRAL
2432,79197,21,ROUTINE,2,33385,2,3861,1215,90187,10990,US-EAST
2433,37800,10,ROUTINE,3,57804,3,3985,114,46531,8731,US-EAST
2434,74619,20,ROUTINE,2,105955,4,3342,51,87185,12566,EU-WEST
2435,25145,6,ROUTINE,1,167912,5,4024,112,43168,18023,EU-CENTRAL
2436,43367,12,CRITICAL,3,245774,4,4413,281,52525,9158,EU-WEST
2437,67249,18,ROUTINE,2,28415,1,1128,1361,82186,14937,EU-WEST
2438,64679,17,ROUTINE,2,52100,3,3401,1734,73174,8495,EU-WEST
2439,45170,12,ROUTINE,2,6171,2,4365,215,55740,10570,EU-CENTRAL
2440,23896,6,CRITICAL,4,281362,8,6671,80,33889,9993,EU-WEST
2441,37123,10,ROUTINE,3,116955,4,2441,152,50274,13151,EU-CENTRAL
2442,28389,7,CRITICAL,5,24256,2,4617,77,30738,2349,EU-CENTRAL
2443,49464,13,ROUTINE,2,31356,2,3286,117,53551,4087,US-EAST
2444,39830,11,ROUTINE,3,51570,3,4606,952,50915,11085,US-EAST
2445,27811,7,CRITICAL,4,20757,1,1411,48,28961,1150,EU-WEST
2446,35080,9,ROUTINE,3,40389,4,2857,285,39698,4618,EU-CENTRAL
2447,70119,19,ROUTINE,2,212938,5,3746,1126,90585,20466,EU-CENTRAL
2448,51309,14,CRITICAL,3,452924,4,4993,369,61008,9699,US-EAST
2449,54975,15,CRITICAL,4,127236,4,4676,163,60530,5555,US-EAST
2450,49811,13,ROUTINE,1,581414,8,7446,46,60728,10917,US-EAST
2451,89365,24,ROUTINE,2,549840,5,6057,62,103658,14293,US-EAST
2452,85022,23,CRITICAL,3,216556,6,4171,275,94319,9297,EU-WEST
2453,66548,18,CRITICAL,3,289178,4,4759,10,74662,8114,US-EAST
2454,57974,16,ROUTINE,2,77985,4,2371,94,73107,15133,US-EAST
2455,60109,16,ROUTINE,2,455830,7,4560,251,74140,14031,US-EAST
2456,48043,13,CRITICAL,5,36401,2,3927,240,50694,2651,EU-WEST
2457,89146,24,CRITICAL,4,343609,4,3440,8,98448,9302,EU-WEST
2458,46012,12,CRITICAL,4,28428,2,4303,212,48255,2243,EU-CENTRAL
2459,62593,17,ROUTINE,2,174406,7,5410,196,74094,11501,EU-CENTRAL
2460,32501,9,CRITICAL,4,79705,3,5223,71,38865,6364,US-EAST
2461,64509,17,ROUTINE,2,206288,6,5661,514,78451,13942,US-EAST
2462,71691,19,ROUTINE,2,528802,5,5573,205,83969,12278,EU-WEST
2463,76176,21,ROUTINE,2,144474,4,2455,158,84486,8310,EU-WEST
2464,84479,23,CRITICAL,4,64187,4,3770,91,87639,3160,EU-CENTRAL
2465,31646,8,ROUTINE,1,344013,7,6175,78,47397,15751,EU-CENTRAL
2466,35139,9,CRITICAL,5,77097,2,4529,131,39912,4773,EU-CENTRAL
2467,38552,10,ROUTINE,1,401026,5,3588,194,50121,11569,EU-WEST
2468,78937,21,CRITICAL,3,169154,5,3866,52,86891,7954,EU-WEST
2469,78811,21,ROUTINE,1,38434,1,1051,283,84003,5192,US-EAST
2470,57168,15,ROUTINE,2,82642,3,3774,795,61707,4539,US-EAST
2471,76498,21,ROUTINE,3,105249,3,5268,136,84582,8084,EU-CENTRAL
2472,49442,13,ROUTINE,2,326883,7,6948,125,67633,18191,US-EAST
2473,40883,11,ROUTINE,1,212748,4,3971,57,61600,20717,EU-WEST
2474,49557,13,ROUTINE,3,55382,2,2515,198,61520,11963,US-EAST
2475,48173,13,CRITICAL,5,15037,1,1105,170,52682,4509,EU-WEST
2476,60479,16,CRITICAL,5,37566,2,4354,240,65645,5166,US-EAST
2477,42095,11,ROUTINE,3,115963,2,3573,13,48284,6189,EU-WEST
2478,63145,17,ROUTINE,1,173302,4,2597,102,71145,8000,EU-WEST
2479,32434,9,ROUTINE,3,226537,5,5758,123,52514,20080,EU-WEST
2480,48902,13,ROUTINE,2,17452,2,3512,18,52686,3784,EU-WEST
2481,27867,7,CRITICAL,3,38457,2,2633,64,31807,3940,EU-WEST
2482,46122,12,ROUTINE,2,29475,1,1138,164,51531,5409,EU-CENTRAL
2483,34271,9,ROUTINE,2,396878,7,5836,156,45551,11280,EU-CENTRAL
2484,33478,9,CRITICAL,3,29560,2,4120,230,37369,3891,US-EAST
2485,85805,23,CRITICAL,4,153463,4,4954,240,91229,5424,EU-WEST
2486,74683,20,ROUTINE,1,30043,1,3436,1921,79930,5247,EU-WEST
2487,26793,7,CRITICAL,3,566944,4,5029,1140,35696,8903,EU-WEST
2488,71673,19,ROUTINE,1,54493,2,3967,19,81723,10050,US-EAST
2489,42489,11,ROUTINE,3,18139,1,3232,207,49504,7015,EU-CENTRAL
2490,76230,21,ROUTINE,3,47167,4,4561,628,89330,13100,US-EAST
2491,57617,16,ROUTINE,1,20210,1,3102,81,61220,3603,US-EAST
2492,54942,15,CRITICAL,4,56110,3,4439,1684,60287,5345,EU-WEST
2493,31068,8,ROUTINE,2,15969,2,1480,113,37811,6743,US-EAST
2494,36837,10,ROUTINE,3,47822,4,5250,163,53617,16780,EU-WEST
2495,50861,14,ROUTINE,1,83446,3,2588,336,64160,13299,EU-CENTRAL
2496,75144,20,ROUTINE,1,192589,8,7768,704,83130,7986,EU-WEST
2497,68143,18,CRITICAL,3,7433,2,3665,118,68983,840,EU-CENTRAL
2498,85285,23,CRITICAL,4,344336,5,6137,1887,96278,10993,EU-CENTRAL
2499,55842,15,ROUTINE,3,58569,4,4816,297,72320,16478,EU-WEST
2500,36178,10,ROUTINE,2,16302,2,1313,244,39347,3169,US-EAST
2501,51656,14,ROUTINE,3,18054,1,2355,50,61199,9543,EU-CENTRAL
2502,36255,10,ROUTINE,1,11126,1,3035,101,45774,9519,EU-CENTRAL
2503,64567,17,ROUTINE,3,82827,4,5105,134,79049,14482,EU-WEST
2504,74309,20,ROUTINE,2,546168,8,7145,241,86758,12449,EU-WEST
2505,71073,19,ROUTINE,2,59572,3,4094,896,86005,14932,US-EAST
2506,45461,12,ROUTINE,3,208678,5,4472,194,64743,19282,US-EAST
2507,48615,13,ROUTINE,1,36381,2,1442,41,60917,12302,EU-WEST
2508,40695,11,CRITICAL,3,8950,2,2869,114,42840,2145,EU-WEST
2509,28587,7,CRITICAL,4,483780,6,4528,1601,37096,8509,US-EAST
2510,41063,11,ROUTINE,2,96250,2,3321,1002,50647,9584,EU-WEST
2511,64750,17,CRITICAL,5,588683,5,5063,559,72736,7986,EU-WEST
2512,85961,23,ROUTINE,1,9099,2,2526,133,94427,8466,US-EAST
2513,38409,10,ROUTINE,3,512198,5,4256,25,60758,22349,US-EAST
2514,82615,22,ROUTINE,2,152347,6,4035,209,90588,7973,EU-CENTRAL
2515,42647,11,ROUTINE,3,344472,5,5318,200,52998,10351,US-EAST
2516,27864,7,ROUTINE,1,170705,5,3291,1733,41082,13218,US-EAST
2517,64393,17,ROUTINE,2,375896,7,6421,154,82747,18354,EU-CENTRAL
2518,30845,8,CRITICAL,4,419940,7,4608,1331,42142,11297,EU-WEST
2519,32858,9,ROUTINE,1,30713,1,3965,233,45331,12473,EU-CENTRAL
2520,44827,12,ROUTINE,1,35416,2,1490,257,55676,10849,EU-CENTRAL
2521,79185,21,CRITICAL,4,10368,1,3825,11,81292,2107,EU-CENTRAL
2522,23874,6,CRITICAL,5,182815,4,2948,172,31728,7854,EU-CENTRAL
2523,54126,15,CRITICAL,3,27404,1,1525,127,55973,1847,EU-CENTRAL
2524,77635,21,ROUTINE,3,213885,5,4807,209,97049,19414,EU-WEST
2525,78944,21,ROUTINE,3,215975,7,6696,246,89065,10121,EU-WEST
2526,38590,10,ROUTINE,3,70081,3,1848,153,51406,12816,EU-WEST
2527,69396,19,ROUTINE,2,55653,4,4074,165,86522,17126,EU-CENTRAL
2528,84326,23,ROUTINE,2,162244,7,6275,1393,97907,13581,US-EAST
2529,26097,7,ROUTINE,2,32252,1,3219,133,40791,14694,EU-WEST
2530,43841,12,ROUTINE,2,27944,2,4021,59,48227,4386,EU-WEST
2531,72107,20,CRITICAL,3,60286,2,2390,224,77668,5561,EU-CENTRAL
2532,39129,10,CRITICAL,5,200921,5,3310,40,46708,7579,EU-WEST
2533,47764,13,ROUTINE,1,127894,4,4859,161,64225,16461,EU-WEST
2534,32995,9,ROUTINE,2,48631,2,3134,169,39240,6245,US-EAST
2535,44936,12,ROUTINE,2,30562,1,3188,17,57330,12394,US-EAST
2536,66392,18,CRITICAL,3,85973,2,3740,482,73318,6926,EU-WEST
2537,30253,8,ROUTINE,2,241018,8,5149,61,45215,14962,EU-WEST
2538,52669,14,ROUTINE,2,6604,2,1851,188,58841,6172,EU-WEST
2539,82803,23,ROUTINE,2,20596,2,4575,1600,97423,14620,US-EAST
2540,53306,14,ROUTINE,2,11510,1,1434,171,62548,9242,EU-WEST
2541,80058,22,ROUTINE,1,150878,5,5822,262,93829,13771,EU-CENTRAL
2542,75148,20,ROUTINE,3,428045,6,6176,285,96349,21201,EU-CENTRAL
2543,43048,11,ROUTINE,2,32003,2,2685,925,56731,13683,US-EAST
2544,81279,22,ROUTINE,2,320592,8,5918,133,94688,13409,EU-CENTRAL
2545,75301,20,CRITICAL,4,22329,1,1722,49,78272,2971,EU-CENTRAL
2546,84322,23,ROUTINE,2,92934,4,2735,819,89209,4887,EU-CENTRAL
2547,57348,15,ROUTINE,2,18886,2,3746,65,61281,3933,US-EAST
2548,45226,12,CRITICAL,4,32775,1,1867,153,50842,5616,US-EAST
2549,34856,9,ROUTINE,3,112758,2,2531,119,41074,6218,US-EAST
2550,47667,13,ROUTINE,1,400028,4,4875,299,70208,22541,US-EAST
2551,65027,18,ROUTINE,3,37953,1,1237,310,72734,7707,EU-WEST
2552,52061,14,CRITICAL,5,110437,3,4715,229,57611,5550,US-EAST
2553,55453,15,ROUTINE,3,55435,4,5065,209,59365,3912,EU-CENTRAL
2554,36848,10,ROUTINE,1,54429,3,4043,185,44195,7347,EU-WEST
2555,53836,14,ROUTINE,1,292304,8,4716,220,67617,13781,EU-CENTRAL
2556,80880,22,CRITICAL,4,197808,5,3783,22,87796,6916,US-EAST
2557,89528,24,ROUTINE,3,28114,2,2054,435,103366,13838,US-EAST
2558,39956,11,ROUTINE,2,55203,3,3567,182,46382,6426,EU-WEST
2559,64909,18,ROUTINE,2,104747,3,2596,695,82636,17727,US-EAST
2560,36030,10,CRITICAL,5,179155,4,4358,129,44228,8198,US-EAST
2561,84244,23,ROUTINE,1,37904,2,4440,1635,93651,9407,EU-CENTRAL
2562,58412,16,CRITICAL,3,36577,1,807,96,62648,4236,EU-CENTRAL
2563,67269,18,ROUTINE,3,40769,4,3564,248,83771,16502,EU-WEST
2564,63719,17,CRITICAL,4,32772,2,2756,936,66769,3050,EU-WEST
2565,49941,13,ROUTINE,1,39240,1,878,1858,63851,13910,EU-WEST
2566,66241,18,ROUTINE,2,54742,3,2644,297,82333,16092,EU-WEST
2567,39625,11,CRITICAL,3,172283,7,5010,146,47599,7974,EU-CENTRAL
2568,25920,7,ROUTINE,3,11639,2,2679,813,34424,8504,US-EAST
2569,43241,12,CRITICAL,5,315441,7,5558,263,52207,8966,US-EAST
2570,41096,11,ROUTINE,3,41965,4,4328,280,56614,15518,EU-CENTRAL
2571,39963,11,CRITICAL,3,28582,1,1516,76,43786,3823,EU-WEST
2572,48357,13,ROUTINE,3,55909,4,4836,293,57327,8970,US-EAST
2573,84397,23,ROUTINE,3,42628,4,4754,1212,97954,13557,EU-WEST
2574,65187,18,CRITICAL,4,22827,2,1741,213,68469,3282,EU-CENTRAL
2575,59574,16,ROUTINE,1,121781,2,3693,121,66214,6640,US-EAST
2576,49755,13,ROUTINE,3,62036,4,3721,153,64586,14831,US-EAST
2577,37555,10,ROUTINE,3,27618,2,1566,530,46222,8667,EU-WEST
2578,66295,18,ROUTINE,2,205196,4,5452,208,82002,15707,EU-CENTRAL
2579,31491,8,CRITICAL,4,364215,4,3268,380,40265,8774,US-EAST
2580,44224,12,ROUTINE,3,152367,8,6480,164,59784,15560,EU-WEST
2581,34334,9,ROUTINE,3,23979,2,4857,1781,38524,4190,EU-CENTRAL
2582,23884,6,CRITICAL,5,161446,5,5143,6,32578,8694,EU-WEST
2583,28149,7,ROUTINE,3,24796,2,3477,281,43610,15461,EU-WEST
2584,40920,11,ROUTINE,2,37915,1,2210,137,54179,13259,US-EAST
2585,60380,16,CRITICAL,3,45826,2,2104,58,62970,2590,EU-CENTRAL
2586,52365,14,ROUTINE,1,32791,2,1365,15,58037,5672,EU-WEST
2587,63641,17,ROUTINE,1,41133,4,3272,277,75737,12096,EU-CENTRAL
2588,63895,17,CRITICAL,3,7199,1,4080,1561,65229,1334,US-EAST
2589,28201,7,ROUTINE,3,240249,7,5978,149,43995,15794,EU-CENTRAL
2590,72933,20,CRITICAL,5,395755,7,4429,233,84081,11148,EU-CENTRAL
2591,38914,10,ROUTINE,3,248835,4,3777,142,50011,11097,EU-WEST
2592,72024,20,CRITICAL,5,26014,1,4184,894,73321,1297,EU-WEST
2593,68692,19,ROUTINE,1,54228,4,5155,243,82464,13772,EU-CENTRAL
2594,48335,13,CRITICAL,3,29309,1,2711,53,49819,1484,US-EAST
2595,46341,12,CRITICAL,3,50016,4,3301,102,49986,3645,EU-CENTRAL
2596,81818,22,CRITICAL,4,249761,6,5898,241,89147,7329,EU-WEST
2597,69022,19,CRITICAL,3,249982,7,5389,235,78489,9467,US-EAST
2598,76575,21,CRITICAL,5,19367,1,2891,118,78400,1825,US-EAST
2599,38684,10,CRITICAL,5,12843,1,1145,126,41400,2716,EU-CENTRAL
2600,35013,9,ROUTINE,2,245464,4,3259,205,44249,9236,EU-WEST
2601,83155,23,ROUTINE,2,468887,8,7281,272,93945,10790,EU-CENTRAL
2602,71599,19,CRITICAL,3,81417,4,2610,261,78392,6793,EU-WEST
2603,39619,11,ROUTINE,1,12867,2,2044,294,54082,14463,EU-CENTRAL
2604,55672,15,ROUTINE,1,505373,5,2878,47,77630,21958,EU-WEST
2605,87457,24,ROUTINE,1,34849,2,3278,287,97690,10233,EU-WEST
2606,44745,12,ROUTINE,3,519260,7,4652,91,55946,11201,US-EAST
2607,31316,8,ROUTINE,3,464128,5,4340,117,46171,14855,EU-CENTRAL
2608,72783,20,ROUTINE,2,108205,3,2995,259,83557,10774,US-EAST
2609,25701,7,ROUTINE,3,7271,1,1440,284,36586,10885,EU-WEST
2610,29737,8,CRITICAL,4,448685,4,5586,101,40636,10899,EU-CENTRAL
2611,45751,12,CRITICAL,3,135579,3,2795,199,51330,5579,EU-WEST
2612,45213,12,ROUTINE,1,241937,6,6055,86,64697,19484,EU-WEST
2613,72259,20,ROUTINE,2,20753,1,2802,146,76666,4407,US-EAST
2614,41280,11,CRITICAL,4,485102,6,4240,55,51418,10138,EU-WEST
2615,63765,17,CRITICAL,4,55767,3,3785,1217,66017,2252,EU-WEST
2616,34924,9,CRITICAL,3,18277,2,4668,78,36713,1789,US-EAST
2617,27340,7,ROUTINE,1,51031,4,5321,1202,43360,16020,EU-WEST
2618,31190,8,ROUTINE,2,94965,4,4125,168,41329,10139,EU-CENTRAL
2619,28256,7,ROUTINE,1,446360,8,7527,286,46032,17776,EU-WEST
2620,44527,12,ROUTINE,3,6961,2,1558,29,49812,5285,EU-WEST
2621,69639,19,ROUTINE,2,57091,4,2815,254,82858,13219,EU-CENTRAL
2622,64856,18,CRITICAL,3,216502,7,5084,1084,73712,8856,EU-WEST
2623,45102,12,CRITICAL,3,134605,4,3005,1231,49116,4014,EU-WEST
2624,78344,21,CRITICAL,3,232319,5,4512,256,87974,9630,US-EAST
2625,41278,11,ROUTINE,3,405561,8,6710,101,61508,20230,EU-WEST
2626,24211,6,ROUTINE,2,239120,8,7208,291,44779,20568,EU-WEST
2627,80591,22,ROUTINE,3,93492,4,3728,152,98741,18150,US-EAST
2628,72222,20,CRITICAL,3,6806,1,2381,1260,76940,4718,US-EAST
2629,57098,15,ROUTINE,2,71820,4,5698,171,68446,11348,US-EAST
2630,75187,20,ROUTINE,3,37771,2,4157,254,78593,3406,EU-CENTRAL
2631,42428,11,ROUTINE,2,578049,8,5410,20,60724,18296,US-EAST
2632,35988,9,ROUTINE,2,156203,4,5136,71,42903,6915,US-EAST
2633,44332,12,ROUTINE,3,6754,2,4730,646,57368,13036,EU-CENTRAL
2634,73912,20,ROUTINE,3,548874,4,3106,191,89931,16019,EU-WEST
2635,39064,10,ROUTINE,1,195509,5,4550,206,52249,13185,US-EAST
2636,32872,9,CRITICAL,3,108711,4,5019,189,38087,5215,EU-CENTRAL
2637,57090,15,CRITICAL,3,153980,5,5220,1442,64875,7785,EU-WEST
2638,69910,19,CRITICAL,5,105160,4,2526,59,76650,6740,US-EAST
2639,70516,19,ROUTINE,1,39155,1,3615,114,87419,16903,US-EAST
2640,22905,6,ROUTINE,2,313795,4,4125,153,42788,19883,EU-CENTRAL
2641,59715,16,ROUTINE,3,546601,8,6738,30,75131,15416,US-EAST
2642,80898,22,ROUTINE,3,359648,8,5841,135,98393,17495,EU-WEST
2643,49269,13,ROUTINE,1,54284,3,3591,177,62381,13112,US-EAST
2644,36520,10,ROUTINE,2,12693,1,4008,205,46425,9905,EU-CENTRAL
2645,60890,16,ROUTINE,1,37443,1,2796,53,71761,10871,EU-WEST
2646,86342,23,ROUTINE,3,255409,5,4418,215,104854,18512,US-EAST
2647,27280,7,ROUTINE,2,47127,3,3491,166,35151,7871,EU-WEST
2648,44925,12,ROUTINE,3,323409,8,5370,15,57631,12706,EU-CENTRAL
2649,65837,18,CRITICAL,3,33922,1,4313,191,70093,4256,EU-WEST
2650,32143,8,ROUTINE,3,21406,1,2392,229,40344,8201,EU-CENTRAL
2651,71502,19,ROUTINE,3,244206,5,3595,104,91663,20161,EU-WEST
2652,50181,13,ROUTINE,3,518775,4,5258,278,64824,14643,US-EAST
2653,60453,16,ROUTINE,3,172689,6,5013,1174,76917,16464,EU-WEST
2654,26376,7,ROUTINE,2,100474,2,1627,156,41925,15549,EU-WEST
2655,83590,23,ROUTINE,1,289377,5,6223,167,97815,14225,US-EAST
2656,69611,19,ROUTINE,3,23247,1,3501,253,76372,6761,US-EAST
2657,47691,13,ROUTINE,2,23113,1,2973,94,62290,14599,EU-CENTRAL
2658,55280,15,CRITICAL,5,59875,4,4088,682,57737,2457,US-EAST
2659,68937,19,CRITICAL,4,174857,6,3733,92,76223,7286,EU-WEST
2660,42937,11,CRITICAL,5,365632,8,6600,24,51714,8777,US-EAST
2661,55607,15,CRITICAL,4,150453,6,5529,1221,64052,8445,EU-WEST
2662,42052,11,CRITICAL,5,171753,6,6071,527,48397,6345,EU-WEST
2663,68046,18,ROUTINE,1,70231,3,4180,242,84410,16364,EU-WEST
2664,69526,19,CRITICAL,3,226402,8,6394,652,77131,7605,EU-CENTRAL
2665,55732,15,ROUTINE,2,57708,2,3698,1511,64299,8567,EU-CENTRAL
2666,78940,21,ROUTINE,2,29138,2,4662,739,84074,5134,US-EAST
2667,44833,12,CRITICAL,5,226063,8,4679,296,52969,8136,US-EAST
2668,29210,8,ROUTINE,2,139882,2,4710,1990,47979,18769,EU-CENTRAL
2669,34572,9,CRITICAL,4,58393,3,4854,114,40182,5610,EU-WEST
2670,53377,14,ROUTINE,2,214289,5,2887,430,63134,9757,US-EAST
2671,62656,17,ROUTINE,1,46157,3,2377,297,79227,16571,US-EAST
2672,66659,18,ROUTINE,3,37038,2,4674,43,75470,8811,EU-WEST
2673,60438,16,ROUTINE,3,36103,2,3007,62,66547,6109,EU-WEST
2674,25910,7,ROUTINE,2,282141,7,4044,244,37480,11570,EU-WEST
2675,55752,15,ROUTINE,3,28346,2,2551,259,66174,10422,EU-CENTRAL
2676,79472,22,CRITICAL,3,25395,1,1399,142,84657,5185,EU-CENTRAL
2677,56771,15,ROUTINE,3,392174,7,5148,121,76527,19756,US-EAST
2678,87740,24,ROUTINE,2,51073,4,5438,1248,98772,11032,US-EAST
2679,56504,15,ROUTINE,3,12863,2,4801,24,70295,13791,EU-CENTRAL
2680,78925,21,ROUTINE,3,142098,2,2739,32,93818,14893,EU-WEST
2681,32596,9,ROUTINE,1,48683,2,3052,276,46117,13521,US-EAST
2682,49604,13,ROUTINE,2,18566,2,2919,289,53832,4228,EU-WEST
2683,81031,22,CRITICAL,5,10758,2,2511,1261,85478,4447,EU-WEST
2684,66188,18,ROUTINE,1,64253,2,4408,144,80849,14661,US-EAST
2685,34803,9,CRITICAL,4,23466,1,3457,8,38879,4076,EU-WEST
2686,65576,18,ROUTINE,2,30092,1,1796,63,76320,10744,US-EAST
2687,31023,8,CRITICAL,3,215903,4,3339,98,38801,7778,US-EAST
2688,48744,13,ROUTINE,3,191263,4,3733,1417,57320,8576,EU-CENTRAL
2689,63511,17,ROUTINE,2,297551,6,6713,207,83954,20443,EU-CENTRAL
2690,45144,12,ROUTINE,1,255812,8,7417,1767,55340,10196,EU-CENTRAL
2691,63101,17,ROUTINE,3,549105,6,6052,154,81138,18037,US-EAST
2692,49827,13,ROUTINE,3,358377,4,2648,150,67358,17531,EU-WEST
2693,61763,17,ROUTINE,2,68707,3,2497,393,66459,4696,EU-WEST
2694,69513,19,ROUTINE,1,36588,2,2763,36,75461,5948,EU-CENTRAL
2695,28606,7,ROUTINE,1,38812,1,1494,107,33418,4812,US-EAST
2696,68911,19,ROUTINE,3,78163,4,2764,255,75936,7025,EU-CENTRAL
2697,46771,12,ROUTINE,1,28705,1,3528,1229,60782,14011,US-EAST
2698,35687,9,ROUTINE,1,555580,8,5456,1088,51728,16041,EU-WEST
2699,44963,12,ROUTINE,2,13211,2,3368,46,53169,8206,US-EAST
2700,46484,12,ROUTINE,3,179597,4,5061,238,60169,13685,EU-CENTRAL
2701,83886,23,CRITICAL,3,101508,3,4418,213,88574,4688,US-EAST
2702,50142,13,ROUTINE,2,186065,7,6236,295,57440,7298,EU-WEST
2703,80856,22,ROUTINE,3,112125,2,2050,173,92788,11932,EU-CENTRAL
2704,71365,19,ROUTINE,2,8624,1,1297,34,86479,15114,EU-WEST
2705,38635,10,CRITICAL,4,176268,7,6430,59,43662,5027,EU-WEST
2706,62037,17,ROUTINE,2,260893,4,2385,482,81478,19441,EU-WEST
2707,49394,13,ROUTINE,2,6919,2,2469,300,55378,5984,EU-CENTRAL
2708,75416,20,ROUTINE,3,21133,1,2381,275,88433,13017,EU-WEST
2709,53452,14,ROUTINE,3,57157,3,3615,282,67593,14141,EU-WEST
2710,76754,21,ROUTINE,1,20798,1,2050,69,82917,6163,EU-WEST
2711,74050,20,ROUTINE,2,85258,3,4936,252,85151,11101,EU-CENTRAL
2712,85335,23,CRITICAL,3,36432,2,2748,266,86905,1570,EU-WEST
2713,77885,21,ROUTINE,3,214825,6,4690,293,94207,16322,US-EAST
2714,25702,7,CRITICAL,3,225585,7,5066,124,33336,7634,EU-WEST
2715,29849,8,ROUTINE,2,187293,6,3773,295,42472,12623,US-EAST
2716,32158,8,ROUTINE,2,147204,2,4421,243,43044,10886,EU-WEST
2717,41053,11,ROUTINE,1,46402,3,3303,81,52635,11582,EU-WEST
2718,36738,10,CRITICAL,4,31896,1,1750,250,40971,4233,EU-WEST
2719,58794,16,CRITICAL,4,20849,1,839,261,60526,1732,US-EAST
2720,83937,23,ROUTINE,2,403061,6,6849,846,95035,11098,US-EAST
2721,75674,21,ROUTINE,2,35633,2,2222,36,79796,4122,US-EAST
2722,38258,10,CRITICAL,4,7634,1,2540,305,40076,1818,EU-CENTRAL
2723,25783,7,ROUTINE,3,556418,5,3419,92,44825,19042,EU-WEST
2724,27852,7,ROUTINE,1,385985,6,4887,1656,39317,11465,EU-CENTRAL
2725,22950,6,ROUTINE,1,84120,4,3447,35,30882,7932,EU-CENTRAL
2726,79388,22,ROUTINE,1,581658,6,4078,1579,98968,19580,US-EAST
2727,38618,10,ROUTINE,2,50160,4,4404,289,46243,7625,EU-CENTRAL
2728,60462,16,ROUTINE,2,73127,4,5742,142,72250,11788,EU-CENTRAL
2729,85289,23,CRITICAL,5,359907,7,4320,157,95983,10694,EU-WEST
2730,66077,18,ROUTINE,1,58950,2,4140,103,71538,5461,EU-CENTRAL
2731,72514,20,ROUTINE,1,55948,3,2241,167,80916,8402,EU-CENTRAL
2732,79016,21,CRITICAL,3,21142,2,2229,183,81714,2698,US-EAST
2733,48903,13,ROUTINE,1,209514,6,3666,146,69109,20206,EU-WEST
2734,40600,11,ROUTINE,2,207775,7,5891,115,48967,8367,US-EAST
2735,76383,21,ROUTINE,2,245102,8,7540,263,98301,21918,EU-WEST
2736,74996,20,ROUTINE,2,187574,7,3995,188,93897,18901,EU-CENTRAL
2737,56235,15,ROUTINE,2,11334,2,3893,90,60814,4579,EU-CENTRAL
2738,79326,22,ROUTINE,3,29824,2,4729,1865,89923,10597,US-EAST
2739,76940,21,ROUTINE,1,227242,6,5982,755,95619,18679,EU-WEST
2740,57654,16,CRITICAL,5,360458,6,4408,187,66168,8514,EU-WEST
2741,28206,7,CRITICAL,3,64596,2,1294,240,33328,5122,EU-CENTRAL
2742,69116,19,ROUTINE,3,12440,2,2494,255,76950,7834,US-EAST
2743,80535,22,ROUTINE,3,58233,3,4464,272,92105,11570,US-EAST
2744,51669,14,CRITICAL,4,221770,5,5293,261,59252,7583,US-EAST
2745,82064,22,ROUTINE,3,22818,2,4118,631,91619,9555,US-EAST
2746,61208,17,ROUTINE,1,98050,4,3666,73,73271,12063,EU-WEST
2747,49342,13,ROUTINE,1,544571,8,7900,1915,71224,21882,EU-CENTRAL
2748,59486,16,ROUTINE,2,440606,8,7641,77,69406,9920,EU-WEST
2749,48342,13,ROUTINE,1,184195,6,3355,43,67586,19244,EU-WEST
2750,37847,10,ROUTINE,2,59849,3,5369,964,54998,17151,EU-CENTRAL
2751,49310,13,ROUTINE,3,111968,2,3622,165,65582,16272,EU-CENTRAL
2752,52057,14,ROUTINE,2,44183,3,4160,99,57287,5230,EU-WEST
2753,27584,7,ROUTINE,3,14932,1,1658,229,41392,13808,US-EAST
2754,78837,21,ROUTINE,3,336434,6,5719,275,95207,16370,EU-CENTRAL
2755,84459,23,ROUTINE,1,8719,2,2244,105,93004,8545,EU-WEST
2756,42122,11,CRITICAL,3,233407,7,6437,186,51248,9126,EU-WEST
2757,37907,10,ROUTINE,1,224446,5,2964,198,46099,8192,EU-CENTRAL
2758,50223,13,ROUTINE,3,104696,3,3461,269,62438,12215,EU-CENTRAL
2759,31965,8,CRITICAL,3,458030,6,3429,103,43586,11621,US-EAST
2760,65606,18,ROUTINE,3,34916,2,2419,206,79230,13624,EU-WEST
2761,33137,9,ROUTINE,3,248936,6,5234,103,48648,15511,US-EAST
2762,77724,21,ROUTINE,2,184633,4,5778,68,88812,11088,EU-WEST
2763,78649,21,ROUTINE,1,57090,2,4120,69,83016,4367,EU-WEST
2764,69987,19,CRITICAL,5,103566,2,3235,289,73437,3450,US-EAST
2765,68702,19,CRITICAL,3,493933,7,3867,192,76871,8169,EU-WEST
2766,61249,17,CRITICAL,4,235407,8,6415,1307,69030,7781,EU-WEST
2767,30388,8,ROUTINE,3,12429,1,2430,205,36691,6303,EU-WEST
2768,56670,15,ROUTINE,2,514650,8,7689,98,76332,19662,US-EAST
2769,27944,7,CRITICAL,4,168746,7,4482,275,35828,7884,US-EAST
2770,31803,8,ROUTINE,2,56979,2,1321,242,43911,12108,EU-CENTRAL
2771,65300,18,ROUTINE,1,14837,1,4338,92,70534,5234,EU-CENTRAL
2772,70977,19,ROUTINE,1,503221,5,5524,34,90768,19791,US-EAST
2773,72242,20,CRITICAL,4,228779,4,2790,241,82253,10011,EU-CENTRAL
2774,46814,13,CRITICAL,5,37624,1,2414,297,51555,4741,US-EAST
2775,50791,14,CRITICAL,4,130180,2,4394,1882,55875,5084,US-EAST
2776,47621,13,ROUTINE,3,320373,7,6534,170,62374,14753,EU-WEST
2777,84988,23,ROUTINE,2,55979,3,2865,136,89864,4876,EU-WEST
2778,41109,11,CRITICAL,5,277167,4,4802,108,52705,11596,EU-WEST
2779,68604,19,ROUTINE,2,58239,3,4706,11,79438,10834,EU-WEST
2780,83324,23,ROUTINE,3,184564,6,3500,187,103253,19929,EU-WEST
2781,28197,7,ROUTINE,2,127377,3,3104,713,46854,18657,EU-WEST
2782,24973,6,ROUTINE,3,49082,2,1301,6,34707,9734,EU-WEST
2783,69866,19,ROUTINE,2,39121,2,1548,196,75114,5248,US-EAST
2784,54228,15,ROUTINE,3,359080,8,6290,189,68904,14676,US-EAST
2785,46276,12,CRITICAL,3,491805,8,6986,17,56140,9864,US-EAST
2786,69935,19,ROUTINE,2,26209,2,3398,354,79055,9120,EU-CENTRAL
2787,34660,9,CRITICAL,5,242816,8,5186,257,44765,10105,US-EAST
2788,42434,11,CRITICAL,5,10501,2,2694,30,44652,2218,EU-WEST
2789,73945,20,ROUTINE,3,198851,8,5425,212,81980,8035,EU-WEST
2790,73311,20,ROUTINE,1,149517,2,3278,1403,89701,16390,EU-WEST
2791,36510,10,CRITICAL,3,407086,6,4554,209,44466,7956,US-EAST
2792,23144,6,ROUTINE,1,204995,7,6547,108,36875,13731,EU-CENTRAL
2793,51121,14,CRITICAL,5,62776,3,4413,25,56367,5246,US-EAST
2794,65644,18,ROUTINE,3,260772,7,5216,196,76631,10987,EU-CENTRAL
2795,22889,6,ROUTINE,3,97026,4,4401,88,38606,15717,US-EAST
2796,23981,6,ROUTINE,3,395271,7,7257,159,42608,18627,EU-CENTRAL
2797,66865,18,ROUTINE,2,36936,2,3309,438,82441,15576,US-EAST
2798,46954,13,CRITICAL,5,554841,8,7794,13,57926,10972,US-EAST
2799,29855,8,CRITICAL,3,11223,2,4037,36,34368,4513,US-EAST
2800,37720,10,CRITICAL,4,376872,7,6424,241,47280,9560,EU-CENTRAL
2801,73674,20,ROUTINE,2,176341,6,4588,268,88540,14866,EU-WEST
2802,71627,19,ROUTINE,1,77121,3,4694,242,84639,13012,EU-CENTRAL
2803,30108,8,ROUTINE,2,19909,2,2375,817,41906,11798,EU-CENTRAL
2804,28322,7,ROUTINE,1,23528,2,1450,257,39608,11286,US-EAST
2805,46354,12,ROUTINE,2,72671,4,3839,36,60210,13856,US-EAST
2806,78068,21,ROUTINE,3,124751,3,2814,1529,85795,7727,EU-WEST
2807,42627,11,CRITICAL,3,225775,8,7691,14,50400,7773,EU-WEST
2808,67830,18,ROUTINE,1,64719,3,3926,38,84917,17087,EU-CENTRAL
2809,43724,12,CRITICAL,3,54358,3,2252,1951,47521,3797,EU-WEST
2810,74716,20,ROUTINE,1,93102,3,5200,1358,89744,15028,EU-CENTRAL
2811,77998,21,ROUTINE,3,156614,7,4735,243,86445,8447,US-EAST
2812,82726,22,ROUTINE,2,404668,7,4447,224,94665,11939,US-EAST
2813,45287,12,ROUTINE,2,157776,8,5045,1521,54053,8766,EU-WEST
2814,34791,9,ROUTINE,2,534097,4,5091,123,47488,12697,EU-CENTRAL
2815,54412,15,ROUTINE,3,279323,6,4305,62,74496,20084,US-EAST
2816,44193,12,ROUTINE,2,22784,1,3019,294,58306,14113,US-EAST
2817,54597,15,ROUTINE,2,52902,3,4555,231,71365,16768,EU-CENTRAL
2818,59769,16,ROUTINE,3,136676,3,4160,225,67968,8199,EU-WEST
2819,24629,6,CRITICAL,4,265224,4,2446,180,31923,7294,EU-CENTRAL
2820,30651,8,ROUTINE,2,39616,1,1549,199,40940,10289,US-EAST
2821,40083,11,ROUTINE,2,145952,2,3988,196,54697,14614,EU-WEST
2822,56390,15,CRITICAL,4,30075,1,1518,138,61159,4769,EU-WEST
2823,50030,13,CRITICAL,5,162971,8,7919,297,54861,4831,EU-WEST
2824,82256,22,ROUTINE,3,544408,7,6720,184,100199,17943,EU-WEST
2825,21612,6,ROUTINE,1,47407,4,3612,1158,31081,9469,EU-WEST
2826,36306,10,ROUTINE,3,25126,1,2483,111,46446,10140,EU-WEST
2827,56995,15,ROUTINE,3,14961,2,3350,249,62500,5505,EU-WEST
2828,58070,16,ROUTINE,2,42672,3,4943,1369,68082,10012,EU-WEST
2829,55535,15,ROUTINE,1,194644,7,6816,27,64343,8808,EU-CENTRAL
2830,23316,6,ROUTINE,2,41367,3,3230,26,34436,11120,US-EAST
2831,28894,8,ROUTINE,1,45378,2,1412,161,37685,8791,EU-WEST
2832,27109,7,ROUTINE,2,11383,1,1760,11,36602,9493,EU-CENTRAL
2833,43238,12,ROUTINE,3,43827,3,4038,195,57206,13968,EU-WEST
2834,85859,23,CRITICAL,3,396262,4,2569,282,96348,10489,EU-CENTRAL
2835,33203,9,ROUTINE,3,6075,2,4264,80,42189,8986,EU-WEST
2836,28383,7,ROUTINE,1,466151,7,4502,150,50646,22263,EU-WEST
2837,23197,6,ROUTINE,1,36372,1,1989,775,29278,6081,US-EAST
2838,62071,17,CRITICAL,5,342675,7,4265,157,69899,7828,EU-WEST
2839,56987,15,ROUTINE,3,243299,8,7868,163,67947,10960,EU-WEST
2840,46197,12,ROUTINE,2,246302,5,3828,48,66931,20734,US-EAST
2841,47872,13,ROUTINE,1,237327,4,5023,156,63662,15790,EU-CENTRAL
2842,42132,11,ROUTINE,1,126963,3,3676,1900,55422,13290,US-EAST
2843,60502,16,ROUTINE,2,163306,8,5207,193,78038,17536,EU-WEST
2844,58197,16,ROUTINE,1,48177,2,2266,166,65472,7275,US-EAST
2845,66529,18,ROUTINE,3,12963,2,4622,67,75975,9446,EU-WEST
2846,56566,15,CRITICAL,3,21098,1,3444,78,60246,3680,US-EAST
2847,77437,21,ROUTINE,2,38047,1,910,110,87544,10107,EU-CENTRAL
2848,54391,15,ROUTINE,2,417481,7,5610,106,74480,20089,EU-WEST
2849,50129,13,ROUTINE,2,55076,2,3919,62,57710,7581,EU-WEST
2850,83426,23,ROUTINE,3,40479,3,4611,75,95770,12344,US-EAST
2851,46136,12,CRITICAL,4,187320,7,7299,47,51937,5801,US-EAST
2852,63156,17,ROUTINE,3,98044,2,4325,213,81419,18263,US-EAST
2853,45686,12,CRITICAL,3,497383,8,6399,185,53399,7713,US-EAST
2854,83392,23,ROUTINE,3,115453,2,1440,77,93049,9657,EU-CENTRAL
2855,44229,12,ROUTINE,1,28192,1,4273,33,56954,12725,US-EAST
2856,36665,10,CRITICAL,3,539365,8,6339,254,47791,11126,EU-WEST
2857,31506,8,ROUTINE,1,40485,3,3631,197,37173,5667,EU-WEST
2858,31847,8,ROUTINE,1,57683,2,2985,20,38234,6387,EU-WEST
2859,51959,14,ROUTINE,3,21679,1,2051,1029,57031,5072,EU-CENTRAL
2860,55225,15,ROUTINE,3,239921,7,6497,17,68027,12802,EU-CENTRAL
2861,60365,16,ROUTINE,1,138574,4,2794,1887,71456,11091,EU-CENTRAL
2862,35307,9,ROUTINE,2,25985,1,2291,1542,46464,11157,US-EAST
2863,37436,10,ROUTINE,2,20483,2,3688,179,50245,12809,US-EAST
2864,58167,16,ROUTINE,1,7674,1,1927,294,70489,12322,US-EAST
2865,58369,16,ROUTINE,1,47117,3,2453,182,67162,8793,EU-CENTRAL
2866,46232,12,ROUTINE,3,8335,2,3756,286,58284,12052,US-EAST
2867,51327,14,CRITICAL,3,41350,4,5055,102,56086,4759,EU-WEST
2868,54490,15,ROUTINE,3,238807,8,7450,151,69178,14688,US-EAST
2869,75042,20,ROUTINE,3,28662,2,3838,867,84194,9152,US-EAST
2870,38249,10,ROUTINE,1,100204,4,4689,222,49356,11107,EU-WEST
2871,57149,15,ROUTINE,1,137428,3,4141,1853,63560,6411,US-EAST
2872,36387,10,ROUTINE,1,164760,5,4163,62,48831,12444,EU-WEST
2873,84617,23,CRITICAL,3,48104,3,4896,230,90394,5777,EU-WEST
2874,64827,18,ROUTINE,1,238510,5,4416,256,73755,8928,US-EAST
2875,83193,23,CRITICAL,3,130131,3,4585,1883,87128,3935,EU-CENTRAL
2876,55807,15,CRITICAL,4,72566,2,4749,256,60252,4445,US-EAST
2877,27127,7,CRITICAL,3,46371,2,1946,255,29227,2100,EU-CENTRAL
2878,82053,22,ROUTINE,1,275906,8,7535,77,98233,16180,US-EAST
2879,38524,10,ROUTINE,3,5024,1,1551,77,44837,6313,EU-CENTRAL
2880,41843,11,ROUTINE,1,55932,2,3783,134,49215,7372,EU-WEST
2881,88469,24,CRITICAL,4,13076,1,3551,169,92243,3774,US-EAST
2882,52800,14,ROUTINE,2,48883,4,5194,12,68547,15747,US-EAST
2883,81161,22,CRITICAL,4,114492,2,3508,1956,85430,4269,US-EAST
2884,26966,7,CRITICAL,4,138347,3,1904,1811,32978,6012,EU-WEST
2885,22641,6,CRITICAL,3,28766,2,3007,68,24604,1963,EU-WEST
2886,44146,12,ROUTINE,3,246978,7,5335,46,56278,12132,US-EAST
2887,31899,8,ROUTINE,2,25368,1,1066,103,37624,5725,US-EAST
2888,72813,20,ROUTINE,3,307323,5,3838,40,94232,21419,EU-WEST
2889,38875,10,ROUTINE,3,33864,2,1935,376,43655,4780,US-EAST
2890,72399,20,ROUTINE,1,597851,7,3978,135,86688,14289,EU-CENTRAL
2891,28817,8,ROUTINE,2,96578,3,2082,77,38121,9304,EU-WEST
2892,27660,7,ROUTINE,3,49613,4,2633,48,41186,13526,US-EAST
2893,25718,7,CRITICAL,3,13181,1,4136,1166,28282,2564,EU-WEST
2894,52470,14,ROUTINE,2,253660,8,7029,396,66088,13618,US-EAST
2895,52256,14,CRITICAL,5,522409,6,6430,249,63575,11319,EU-CENTRAL
2896,36876,10,CRITICAL,4,227275,4,3267,279,47220,10344,EU-WEST
2897,66690,18,CRITICAL,4,22735,2,4227,1406,70423,3733,EU-WEST
2898,72653,20,ROUTINE,3,551707,4,4108,265,94049,21396,EU-CENTRAL
2899,51288,14,ROUTINE,1,247225,4,2722,95,59936,8648,EU-WEST
2900,72277,20,ROUTINE,2,215752,8,4840,31,92935,20658,EU-CENTRAL
2901,42197,11,ROUTINE,3,7405,2,3863,188,52657,10460,EU-WEST
2902,27301,7,ROUTINE,2,493692,8,5053,286,39127,11826,EU-WEST
2903,50458,14,CRITICAL,3,25990,1,1782,819,53384,2926,EU-WEST
2904,26684,7,CRITICAL,4,50445,3,3601,155,29432,2748,EU-CENTRAL
2905,75964,21,CRITICAL,3,517047,8,5490,146,85505,9541,US-EAST
2906,64034,17,ROUTINE,1,14407,2,3085,44,73563,9529,US-EAST
2907,64466,17,CRITICAL,3,81351,4,4727,59,69355,4889,US-EAST
2908,47716,13,ROUTINE,3,141775,4,4900,201,53709,5993,EU-WEST
2909,30368,8,CRITICAL,5,19899,1,2240,464,34594,4226,US-EAST
2910,68332,18,ROUTINE,2,200839,4,4221,191,83159,14827,US-EAST
2911,50313,13,ROUTINE,1,45200,4,4916,145,56724,6411,US-EAST
2912,40222,11,CRITICAL,5,544457,7,5557,171,49698,9476,EU-WEST
2913,57054,15,ROUTINE,2,140882,2,4026,180,75834,18780,US-EAST
2914,21682,6,CRITICAL,4,12700,1,4163,65,25686,4004,US-EAST
2915,68491,19,CRITICAL,4,149027,4,5460,271,76119,7628,EU-WEST
2916,46783,12,ROUTINE,2,559121,7,6188,75,65238,18455,EU-CENTRAL
2917,53979,14,ROUTINE,3,238751,7,5218,284,69322,15343,EU-WEST
2918,33637,9,CRITICAL,5,175422,7,7335,1453,38699,5062,EU-CENTRAL
2919,89917,24,ROUTINE,3,158285,5,5258,106,98734,8817,US-EAST
2920,36294,10,ROUTINE,1,10912,2,2143,156,47567,11273,EU-WEST
2921,56279,15,ROUTINE,1,293667,7,4160,125,78572,22293,EU-WEST
2922,78637,21,ROUTINE,2,157621,6,5194,180,97233,18596,EU-WEST
2923,44734,12,ROUTINE,2,149560,3,2026,230,60296,15562,US-EAST
2924,52118,14,CRITICAL,5,79539,4,2705,88,57699,5581,US-EAST
2925,58191,16,ROUTINE,1,86867,3,4112,146,75590,17399,EU-WEST
2926,70282,19,ROUTINE,1,55360,2,3967,830,86538,16256,EU-WEST
2927,74451,20,ROUTINE,3,43282,4,5563,271,87763,13312,US-EAST
2928,46824,13,CRITICAL,5,45227,4,4163,175,49346,2522,US-EAST
2929,82123,22,CRITICAL,3,11844,2,2509,88,83641,1518,EU-CENTRAL
2930,60526,16,ROUTINE,2,127747,4,3609,192,74031,13505,US-EAST
2931,42507,11,CRITICAL,5,12826,2,2562,268,46356,3849,EU-WEST
2932,61949,17,CRITICAL,3,170626,6,5263,32,70945,8996,EU-CENTRAL
2933,45128,12,CRITICAL,5,58973,4,2796,92,49676,4548,EU-CENTRAL
2934,35400,9,ROUTINE,2,230029,7,5592,34,45508,10108,US-EAST
2935,88724,24,ROUTINE,1,532222,7,6605,86,103208,14484,US-EAST
2936,70774,19,CRITICAL,5,5684,2,3568,98,75657,4883,EU-CENTRAL
2937,31973,8,ROUTINE,3,25568,1,1259,111,39829,7856,US-EAST
2938,72842,20,ROUTINE,2,91038,4,2945,93,79974,7132,EU-WEST
2939,41122,11,CRITICAL,3,180904,8,6924,268,47478,6356,US-EAST
2940,55823,15,ROUTINE,2,344423,6,5677,106,67249,11426,EU-WEST
2941,43884,12,ROUTINE,2,129961,4,5611,255,54341,10457,US-EAST
2942,80639,22,ROUTINE,3,40304,2,2208,90,94002,13363,EU-CENTRAL
2943,52618,14,ROUTINE,1,9953,2,4669,230,64629,12011,US-EAST
2944,48570,13,ROUTINE,3,183031,4,5654,53,60617,12047,US-EAST
2945,82387,22,CRITICAL,5,44781,2,3525,41,87332,4945,EU-WEST
2946,68224,18,ROUTINE,2,8279,1,1231,195,79412,11188,EU-CENTRAL
2947,84713,23,ROUTINE,2,40079,2,3488,1469,99853,15140,EU-WEST
2948,54678,15,ROUTINE,1,159848,8,7241,295,68261,13583,EU-WEST
2949,46659,12,ROUTINE,1,215780,5,4093,178,64435,17776,US-EAST
2950,31269,8,CRITICAL,3,58390,4,4672,255,35286,4017,EU-WEST
2951,38665,10,CRITICAL,5,235428,6,4491,85,45459,6794,US-EAST
2952,29313,8,ROUTINE,2,450190,6,6666,176,48507,19194,US-EAST
2953,35518,9,CRITICAL,4,148228,4,4201,222,40857,5339,EU-WEST
2954,65770,18,ROUTINE,3,316509,7,4484,45,78887,13117,EU-WEST
2955,86216,23,ROUTINE,2,217256,7,4440,36,96363,10147,EU-WEST
2956,29741,8,CRITICAL,3,36012,2,4008,200,33879,4138,EU-CENTRAL
2957,83877,23,ROUTINE,2,52574,4,5004,1983,96363,12486,US-EAST
2958,41921,11,ROUTINE,3,35560,2,3867,155,53175,11254,EU-WEST
2959,84777,23,CRITICAL,4,577971,6,4394,180,92466,7689,EU-WEST
2960,26606,7,ROUTINE,1,20816,2,2545,40,36305,9699,EU-WEST
2961,33134,9,ROUTINE,3,204867,4,2956,188,50217,17083,EU-WEST
2962,34951,9,ROUTINE,2,22969,1,2242,103,41145,6194,US-EAST
2963,28596,7,ROUTINE,2,17559,2,4192,107,38377,9781,EU-WEST
2964,31844,8,ROUTINE,1,174428,6,6815,81,48610,16766,EU-CENTRAL
2965,22882,6,ROUTINE,2,311553,6,4809,73,43275,20393,US-EAST
2966,78891,21,ROUTINE,2,36068,2,4573,92,87326,8435,EU-CENTRAL
2967,60005,16,CRITICAL,3,229102,7,7235,133,69223,9218,EU-WEST
2968,43041,11,ROUTINE,1,80910,2,1866,198,60571,17530,US-EAST
2969,89650,24,CRITICAL,4,6460,1,785,878,92703,3053,US-EAST
2970,77972,21,ROUTINE,2,56022,4,3710,640,91062,13090,EU-CENTRAL
2971,41031,11,ROUTINE,1,46510,4,2357,1659,49664,8633,US-EAST
2972,83383,23,CRITICAL,4,8746,1,1418,251,86487,3104,EU-WEST
2973,23337,6,CRITICAL,3,131558,4,5544,1080,31240,7903,US-EAST
2974,86209,23,CRITICAL,3,288183,5,3769,71,97260,11051,US-EAST
2975,29488,8,ROUTINE,3,219956,8,6927,162,48965,19477,US-EAST
2976,36114,10,ROUTINE,1,97595,3,3257,64,49722,13608,US-EAST
2977,76736,21,ROUTINE,1,17052,1,2855,210,79843,3107,US-EAST
2978,54414,15,CRITICAL,3,28967,1,3696,63,57746,3332,EU-CENTRAL
2979,48236,13,ROUTINE,1,250305,5,5688,160,63778,15542,US-EAST
2980,49410,13,ROUTINE,1,48664,2,4721,96,57744,8334,EU-WEST
2981,67090,18,CRITICAL,3,19375,2,3939,220,70112,3022,US-EAST
2982,78380,21,ROUTINE,1,121552,3,2294,782,95766,17386,EU-WEST
2983,83701,23,ROUTINE,2,39421,2,2012,186,98355,14654,US-EAST
2984,49336,13,ROUTINE,3,497279,7,6118,1074,71197,21861,EU-WEST
2985,75187,20,ROUTINE,2,49095,2,2217,168,81109,5922,EU-WEST
2986,59428,16,ROUTINE,2,18063,1,1430,228,74144,14716,EU-CENTRAL
2987,47179,13,CRITICAL,3,163124,6,4667,416,55392,8213,EU-CENTRAL
2988,56724,15,CRITICAL,4,49434,3,3626,45,59801,3077,EU-WEST
2989,66717,18,CRITICAL,4,72820,2,4743,201,71839,5122,US-EAST
2990,62572,17,ROUTINE,3,231101,5,5203,151,74302,11730,EU-CENTRAL
2991,36258,10,ROUTINE,1,154960,7,3953,1384,49606,13348,US-EAST
2992,27683,7,ROUTINE,1,135603,4,2892,44,36154,8471,US-EAST
2993,62805,17,ROUTINE,2,159850,7,6414,48,82181,19376,EU-WEST
2994,28354,7,ROUTINE,2,155086,6,5354,194,47374,19020,US-EAST
2995,27209,7,ROUTINE,3,255319,8,7136,100,40751,13542,EU-WEST
2996,81874,22,ROUTINE,1,186215,4,3495,249,98165,16291,EU-CENTRAL
2997,45998,12,CRITICAL,3,240727,6,5696,70,53963,7965,US-EAST
2998,21839,6,ROUTINE,1,137414,2,4092,205,36660,14821,EU-WEST
2999,28033,7,ROUTINE,1,126159,2,3263,38,39281,11248,EU-CENTRAL
3000,42464,11,ROUTINE,1,159275,7,5051,30,62321,19857,US-EAST
3001,41789,11,ROUTINE,1,57310,2,3823,231,49118,7329,US-EAST
3002,43835,12,ROUTINE,2,518562,7,3981,86,66739,22904,EU-CENTRAL
3003,35761,9,ROUTINE,2,197118,4,3951,163,49241,13480,US-EAST
3004,33815,9,ROUTINE,2,22753,2,1411,167,38594,4779,US-EAST
3005,26130,7,CRITICAL,3,11365,1,4164,32,27356,1226,US-EAST
3006,25864,7,CRITICAL,5,243924,8,4773,74,33598,7734,EU-CENTRAL
3007,25618,7,ROUTINE,2,33878,2,3160,687,31626,6008,EU-WEST
3008,57825,16,ROUTINE,1,401353,8,4601,8,79603,21778,US-EAST
3009,76256,21,CRITICAL,3,372645,4,5713,250,86832,10576,EU-CENTRAL
3010,84554,23,ROUTINE,2,70138,3,4897,265,89224,4670,US-EAST
3011,40613,11,CRITICAL,4,415564,4,3594,136,49175,8562,US-EAST
3012,78780,21,CRITICAL,5,245506,8,6064,88,88597,9817,EU-WEST
3013,41055,11,ROUTINE,2,466675,4,5188,1293,60463,19408,US-EAST
3014,33106,9,CRITICAL,4,96261,2,4803,197,37983,4877,US-EAST
3015,46094,12,ROUTINE,1,295566,4,5781,459,55683,9589,EU-WEST
3016,69523,19,CRITICAL,5,24638,1,3204,22,73415,3892,US-EAST
3017,40085,11,ROUTINE,2,28968,1,3674,35,54438,14353,EU-WEST
3018,60551,16,CRITICAL,4,242664,6,3359,484,70782,10231,EU-WEST
3019,27546,7,ROUTINE,3,19380,2,4320,630,39048,11502,EU-CENTRAL
3020,64472,17,ROUTINE,3,42472,3,2228,135,79582,15110,EU-CENTRAL
3021,47056,13,CRITICAL,5,173977,5,6398,176,55965,8909,EU-CENTRAL
3022,55393,15,ROUTINE,1,167839,8,6386,211,74699,19306,EU-WEST
3023,46679,12,ROUTINE,1,51164,2,3378,213,57712,11033,US-EAST
3024,76430,21,ROUTINE,3,158070,5,3235,222,88123,11693,EU-CENTRAL
3025,62856,17,CRITICAL,4,44537,2,2038,49,66854,3998,US-EAST
3026,75522,20,ROUTINE,3,32816,2,3193,56,91893,16371,US-EAST
3027,51645,14,ROUTINE,1,215818,5,4788,146,62961,11316,EU-WEST
3028,53641,14,ROUTINE,3,49198,2,4678,46,57986,4345,US-EAST
3029,36774,10,ROUTINE,3,493908,6,5583,210,48204,11430,EU-WEST
3030,58810,16,CRITICAL,5,140417,4,4755,215,66818,8008,US-EAST
3031,34446,9,ROUTINE,1,14854,1,4112,1652,44594,10148,US-EAST
3032,53573,14,ROUTINE,1,193045,6,5756,1882,69468,15895,EU-WEST
3033,47649,13,CRITICAL,4,5387,2,3782,203,49484,1835,EU-CENTRAL
3034,79894,22,ROUTINE,1,57731,2,3585,1791,85849,5955,EU-CENTRAL
3035,26392,7,ROUTINE,2,36350,2,3250,220,39925,13533,EU-CENTRAL
3036,67041,18,CRITICAL,3,44516,2,3896,148,71728,4687,EU-CENTRAL
3037,69357,19,ROUTINE,1,59716,4,5530,110,78999,9642,US-EAST
3038,56541,15,ROUTINE,1,221989,6,5644,170,66059,9518,EU-CENTRAL
3039,75098,20,ROUTINE,1,398295,8,6427,793,96456,21358,EU-CENTRAL
3040,46308,12,ROUTINE,3,22259,1,3267,1300,52171,5863,EU-WEST
3041,33255,9,CRITICAL,5,15155,2,2018,160,36378,3123,EU-CENTRAL
3042,46287,12,CRITICAL,5,8231,1,2943,162,48134,1847,EU-WEST
3043,57555,15,CRITICAL,5,519322,7,5876,177,68073,10518,EU-WEST
3044,64209,17,ROUTINE,1,244234,8,7360,56,72811,8602,EU-CENTRAL
3045,81469,22,CRITICAL,3,14710,1,2693,228,85506,4037,EU-CENTRAL
3046,67682,18,ROUTINE,2,500973,6,4179,232,80086,12404,EU-WEST
3047,42524,11,CRITICAL,4,220103,8,6043,94,49352,6828,US-EAST
3048,80222,22,CRITICAL,5,73271,3,2165,119,85747,5525,EU-WEST
3049,51230,14,ROUTINE,3,225668,8,6699,7,70884,19654,US-EAST
3050,83169,23,ROUTINE,3,185314,7,4860,1992,96416,13247,US-EAST
3051,67979,18,ROUTINE,2,516087,8,5597,76,82863,14884,EU-WEST
3052,43432,12,ROUTINE,3,28442,1,3249,91,54188,10756,EU-WEST
3053,86335,23,CRITICAL,3,14311,1,3857,9,90127,3792,US-EAST
3054,39528,10,ROUTINE,3,437863,6,3569,208,48936,9408,US-EAST
3055,80636,22,ROUTINE,1,125126,2,4576,268,91132,10496,EU-WEST
3056,25062,6,ROUTINE,3,39386,1,3945,28,36075,11013,EU-WEST
3057,53918,14,ROUTINE,1,32397,2,2373,372,59571,5653,US-EAST
3058,48890,13,CRITICAL,3,27190,1,3835,189,52104,3214,EU-CENTRAL
3059,60200,16,CRITICAL,3,48799,3,2366,39,65204,5004,EU-WEST
3060,70539,19,ROUTINE,1,471964,7,6080,211,89689,19150,EU-CENTRAL
3061,83664,23,ROUTINE,1,22640,2,3617,19,88985,5321,EU-WEST
3062,59464,16,CRITICAL,4,8109,1,3508,51,63220,3756,EU-WEST
3063,82854,23,CRITICAL,4,23290,1,2278,61,87223,4369,US-EAST
3064,87220,24,ROUTINE,2,319655,6,4047,280,102722,15502,EU-WEST
3065,68341,18,ROUTINE,2,478064,6,3755,107,89247,20906,EU-WEST
3066,29050,8,CRITICAL,3,495803,6,3899,163,39658,10608,EU-WEST
3067,48126,13,ROUTINE,2,48531,4,3575,409,53991,5865,US-EAST
3068,22764,6,ROUTINE,1,432514,6,6182,1060,41447,18683,EU-WEST
3069,28902,8,ROUTINE,3,23304,2,3168,25,45254,16352,EU-CENTRAL
3070,28364,7,ROUTINE,2,15373,2,3643,34,34311,5947,EU-CENTRAL
3071,68843,19,ROUTINE,3,402758,8,4728,282,90161,21318,US-EAST
3072,66463,18,ROUTINE,3,15964,1,3183,216,72742,6279,US-EAST
3073,54610,15,ROUTINE,3,291739,7,6685,176,70189,15579,US-EAST
3074,25241,7,CRITICAL,3,582195,7,5232,20,35484,10243,US-EAST
3075,60860,16,ROUTINE,2,39734,1,2486,242,68624,7764,US-EAST
3076,32947,9,ROUTINE,3,534172,6,3725,98,46657,13710,EU-CENTRAL
3077,56077,15,CRITICAL,4,22034,1,4125,1684,57947,1870,EU-WEST
3078,38397,10,ROUTINE,1,40788,4,3072,172,44123,5726,US-EAST
3079,24225,6,CRITICAL,4,39951,2,4362,69,27120,2895,US-EAST
3080,38871,10,ROUTINE,1,194941,6,5088,134,48853,9982,EU-WEST
3081,74987,20,CRITICAL,5,352089,4,3600,688,83633,8646,EU-CENTRAL
3082,47364,13,CRITICAL,5,40144,2,2773,169,50897,3533,EU-WEST
3083,69424,19,ROUTINE,2,26311,2,3993,1894,82471,13047,EU-CENTRAL
3084,34394,9,ROUTINE,1,126490,2,4355,65,47835,13441,EU-WEST
3085,24562,6,ROUTINE,3,417005,6,5834,28,44078,19516,EU-WEST
3086,35066,9,ROUTINE,2,47624,4,2465,1088,39857,4791,EU-CENTRAL
3087,83825,23,ROUTINE,1,41081,4,2567,292,100205,16380,EU-WEST
3088,26081,7,ROUTINE,1,223946,5,4287,133,47506,21425,US-EAST
3089,82035,22,CRITICAL,4,519159,8,6911,290,93824,11789,EU-WEST
3090,50832,14,ROUTINE,3,135008,2,3516,220,70028,19196,EU-CENTRAL
3091,70349,19,CRITICAL,3,118520,2,2706,294,76487,6138,EU-WEST
3092,39696,11,ROUTINE,1,59999,3,3211,91,52642,12946,US-EAST
3093,48984,13,ROUTINE,1,41245,3,3276,134,57221,8237,EU-CENTRAL
3094,38953,10,CRITICAL,3,24373,1,1558,84,42291,3338,EU-WEST
3095,48627,13,CRITICAL,4,15238,1,3332,230,52197,3570,US-EAST
3096,43010,11,CRITICAL,5,95829,2,3641,241,48672,5662,EU-WEST
3097,40971,11,ROUTINE,2,247972,4,5403,252,51633,10662,EU-WEST
3098,33265,9,CRITICAL,5,223816,8,5330,206,42904,9639,EU-WEST
3099,31854,8,ROUTINE,2,40902,4,3460,74,37227,5373,EU-WEST
3100,62552,17,ROUTINE,1,51522,3,3502,995,79265,16713,EU-WEST
3101,74140,20,ROUTINE,1,108874,4,5179,10,85171,11031,EU-CENTRAL
3102,30566,8,ROUTINE,3,59306,4,5514,164,44867,14301,EU-CENTRAL
3103,44281,12,ROUTINE,3,50246,3,3479,439,48255,3974,EU-CENTRAL
3104,54826,15,ROUTINE,3,21929,2,2410,13,69986,15160,EU-WEST
3105,36926,10,ROUTINE,1,20855,2,2643,1342,52011,15085,EU-WEST
3106,68361,18,ROUTINE,2,55731,4,3894,1100,81598,13237,EU-WEST
3107,28427,7,ROUTINE,3,39164,2,1455,60,39781,11354,US-EAST
3108,26921,7,CRITICAL,5,229124,7,6467,1489,35852,8931,US-EAST
3109,25008,6,CRITICAL,3,173865,8,4452,128,31389,6381,US-EAST
3110,37898,10,ROUTINE,3,261355,5,5483,79,58449,20551,US-EAST
3111,51830,14,ROUTINE,1,19782,2,2910,35,60186,8356,US-EAST
3112,36544,10,CRITICAL,3,103683,2,2213,734,40068,3524,US-EAST
3113,69254,19,ROUTINE,2,122136,4,3461,146,83304,14050,EU-CENTRAL
3114,34881,9,CRITICAL,4,26981,2,1442,180,38148,3267,EU-CENTRAL
3115,65083,18,CRITICAL,5,404777,6,4814,58,74166,9083,EU-CENTRAL
3116,51091,14,ROUTINE,2,39123,2,3379,154,65885,14794,US-EAST
3117,56341,15,CRITICAL,3,17241,2,2546,239,61237,4896,EU-WEST
3118,68669,19,CRITICAL,3,6102,2,4614,257,73392,4723,EU-CENTRAL
3119,53887,14,ROUTINE,3,119336,4,3229,277,62066,8179,EU-CENTRAL
3120,27276,7,CRITICAL,4,45091,3,5044,97,30628,3352,EU-WEST
3121,60295,16,ROUTINE,3,53530,3,3113,912,68049,7754,EU-CENTRAL
3122,26771,7,ROUTINE,1,522221,8,7353,245,42344,15573,EU-CENTRAL
3123,28345,7,ROUTINE,2,169119,4,4104,155,36684,8339,EU-CENTRAL
3124,80934,22,ROUTINE,3,78770,2,2408,25,90134,9200,EU-CENTRAL
3125,44680,12,ROUTINE,3,399024,5,3635,237,58784,14104,EU-CENTRAL
3126,72664,20,ROUTINE,2,541252,4,5550,151,87613,14949,EU-WEST
3127,30059,8,ROUTINE,2,122282,2,2128,211,45684,15625,EU-CENTRAL
3128,56817,15,ROUTINE,2,134482,3,2068,276,62949,6132,US-EAST
3129,33584,9,ROUTINE,1,582248,6,6465,1989,56583,22999,EU-WEST
3130,76462,21,ROUTINE,3,248293,7,5102,714,95913,19451,EU-WEST
3131,71945,19,ROUTINE,1,11095,2,3673,234,75484,3539,US-EAST
3132,65690,18,ROUTINE,1,137467,3,4355,59,78599,12909,EU-CENTRAL
3133,51306,14,ROUTINE,3,25086,1,1191,157,65255,13949,US-EAST
3134,58899,16,ROUTINE,2,201360,7,6359,161,76577,17678,US-EAST
3135,50904,14,CRITICAL,5,41276,4,3407,265,55441,4537,EU-CENTRAL
3136,52790,14,CRITICAL,3,106560,2,1977,124,59085,6295,US-EAST
3137,89033,24,ROUTINE,3,17758,2,3425,15,101595,12562,US-EAST
3138,41640,11,ROUTINE,3,59837,4,3779,366,56361,14721,EU-WEST
3139,65620,18,ROUTINE,3,171878,4,3931,750,81333,15713,US-EAST
3140,61417,17,ROUTINE,3,112829,2,2206,200,71019,9602,EU-WEST
3141,86223,23,ROUTINE,3,106466,4,3336,124,94640,8417,EU-WEST
3142,45486,12,CRITICAL,4,358883,7,6251,205,54805,9319,EU-WEST
3143,84916,23,ROUTINE,2,33700,2,4294,292,95939,11023,US-EAST
3144,70048,19,ROUTINE,2,154097,5,5978,54,81161,11113,US-EAST
3145,37032,10,CRITICAL,5,349116,5,3351,99,47759,10727,US-EAST
3146,70396,19,ROUTINE,1,198687,5,4881,26,90977,20581,EU-WEST
3147,61155,16,ROUTINE,2,100087,4,4134,231,68399,7244,US-EAST
3148,80265,22,ROUTINE,3,50214,4,5065,102,84539,4274,US-EAST
3149,50329,13,ROUTINE,1,15340,2,2268,119,56884,6555,US-EAST
3150,71142,19,CRITICAL,5,239985,6,4908,297,81058,9916,EU-CENTRAL
3151,24624,6,ROUTINE,2,131717,3,3883,27,40714,16090,EU-WEST
3152,63596,17,CRITICAL,3,418164,6,4037,169,73464,9868,EU-CENTRAL
3153,38617,10,CRITICAL,3,37474,1,4198,1041,43210,4593,EU-CENTRAL
3154,37228,10,CRITICAL,3,52447,2,4578,267,39618,2390,EU-WEST
3155,36701,10,CRITICAL,3,10465,1,1718,188,37753,1052,EU-CENTRAL
3156,73987,20,ROUTINE,2,32245,1,2919,80,83188,9201,EU-WEST
3157,48659,13,ROUTINE,2,559900,8,5374,10,58207,9548,US-EAST
3158,30988,8,ROUTINE,2,182278,7,5654,144,39086,8098,EU-WEST
3159,75357,20,ROUTINE,2,556353,5,5918,183,95452,20095,US-EAST
3160,65527,18,ROUTINE,1,215439,6,3607,1275,86370,20843,EU-CENTRAL
3161,49416,13,ROUTINE,2,13675,1,1409,274,54787,5371,US-EAST
3162,23911,6,ROUTINE,3,7067,2,4648,156,39024,15113,EU-WEST
3163,81264,22,ROUTINE,3,55886,3,3258,194,86499,5235,US-EAST
3164,73358,20,ROUTINE,2,39080,2,2921,261,89817,16459,US-EAST
3165,68853,19,ROUTINE,2,46371,3,2180,252,75460,6607,EU-CENTRAL
3166,74682,20,ROUTINE,3,23267,2,2880,140,87187,12505,EU-WEST
3167,32203,8,ROUTINE,2,209965,8,7185,100,53171,20968,US-EAST
3168,41675,11,ROUTINE,3,60928,2,3934,693,46708,5033,US-EAST
3169,79485,22,CRITICAL,5,42495,4,3064,191,81696,2211,EU-WEST
3170,63937,17,ROUTINE,2,497885,6,3795,299,85780,21843,EU-WEST
3171,44925,12,ROUTINE,3,156707,8,5532,1437,60125,15200,US-EAST
3172,62755,17,ROUTINE,3,518308,6,4031,1966,83150,20395,EU-WEST
3173,80263,22,ROUTINE,3,7072,2,4587,157,94668,14405,EU-CENTRAL
3174,83859,23,ROUTINE,2,30977,2,2314,47,91297,7438,EU-WEST
3175,30613,8,CRITICAL,3,131514,4,4985,165,34674,4061,EU-WEST
3176,57235,15,ROUTINE,1,424788,4,5454,39,71546,14311,US-EAST
3177,86539,24,ROUTINE,3,15368,1,4167,79,97128,10589,US-EAST
3178,25070,6,CRITICAL,5,150223,6,5156,1404,30369,5299,EU-WEST
3179,58671,16,ROUTINE,2,18981,2,3082,464,66807,8136,EU-WEST
3180,66941,18,ROUTINE,2,437098,8,5734,207,81286,14345,EU-CENTRAL
3181,37223,10,ROUTINE,1,41332,4,4264,197,52397,15174,EU-WEST
3182,44661,12,ROUTINE,1,26442,1,3159,1921,50747,6086,EU-WEST
3183,73168,20,CRITICAL,5,258229,4,3622,46,80623,7455,US-EAST
3184,44152,12,ROUTINE,3,48184,3,2562,234,55772,11620,EU-WEST
3185,38056,10,ROUTINE,2,56993,2,4480,91,42412,4356,EU-WEST
3186,33078,9,ROUTINE,1,135561,2,4425,985,38994,5916,EU-CENTRAL
3187,65928,18,ROUTINE,3,244308,4,5298,185,86460,20532,EU-WEST
3188,75206,20,ROUTINE,3,276532,8,5395,802,89397,14191,EU-WEST
3189,48916,13,CRITICAL,4,25747,2,3100,878,53563,4647,US-EAST
3190,36965,10,ROUTINE,2,107720,3,4099,81,47897,10932,EU-WEST
3191,40946,11,ROUTINE,1,30958,1,1864,181,50102,9156,US-EAST
3192,83515,23,CRITICAL,3,9248,1,3666,339,87351,3836,EU-WEST
3193,60009,16,CRITICAL,5,45663,4,3282,10,61964,1955,US-EAST
3194,50259,13,ROUTINE,3,299019,7,6507,122,72977,22718,EU-WEST
3195,81704,22,CRITICAL,4,38176,1,2587,287,87071,5367,EU-CENTRAL
3196,54842,15,ROUTINE,1,17560,2,3178,821,61172,6330,EU-WEST
3197,55307,15,CRITICAL,3,5031,1,2463,22,58789,3482,US-EAST
3198,68177,18,CRITICAL,3,70089,4,3879,156,71235,3058,EU-CENTRAL
3199,83540,23,ROUTINE,3,599484,4,4909,5,101955,18415,EU-WEST
3200,71488,19,CRITICAL,3,6223,2,3273,252,72967,1479,EU-CENTRAL
3201,62241,17,CRITICAL,5,146350,3,2686,1552,67121,4880,EU-WEST
3202,85836,23,ROUTINE,3,254449,4,3867,68,99133,13297,US-EAST
3203,48340,13,ROUTINE,2,42164,2,3785,1305,53809,5469,EU-WEST
3204,40353,11,ROUTINE,1,150722,4,2691,215,58753,18400,US-EAST
3205,59934,16,ROUTINE,1,527448,6,4238,1922,75798,15864,EU-WEST
3206,50112,13,CRITICAL,3,54269,4,3412,1701,52473,2361,EU-WEST
3207,58696,16,ROUTINE,2,79977,3,4583,176,71716,13020,US-EAST
3208,59863,16,ROUTINE,2,9826,2,1590,37,66341,6478,US-EAST
3209,54398,15,CRITICAL,5,75915,2,3257,266,57898,3500,EU-WEST
3210,23852,6,CRITICAL,4,37202,2,1853,139,29502,5650,EU-CENTRAL
3211,70028,19,CRITICAL,4,12482,1,2684,228,73251,3223,EU-WEST
3212,48290,13,ROUTINE,1,55230,3,3443,231,54475,6185,EU-CENTRAL
3213,82622,22,CRITICAL,3,49742,3,3829,11,88641,6019,EU-CENTRAL
3214,77927,21,CRITICAL,5,35518,1,4324,187,81732,3805,EU-CENTRAL
3215,22225,6,ROUTINE,2,290359,5,5809,97,38410,16185,EU-WEST
3216,24824,6,ROUTINE,2,273904,4,5439,929,36541,11717,EU-CENTRAL
3217,31511,8,ROUTINE,1,156122,7,6512,121,45847,14336,EU-WEST
3218,52571,14,CRITICAL,5,76574,2,3180,128,57684,5113,EU-WEST
3219,47494,13,CRITICAL,3,18568,2,3048,160,51530,4036,EU-WEST
3220,73735,20,ROUTINE,2,49248,3,2471,203,85414,11679,EU-CENTRAL
3221,75838,21,CRITICAL,5,595162,4,2970,111,83574,7736,EU-CENTRAL
3222,48187,13,ROUTINE,3,8885,2,2328,7,52207,4020,US-EAST
3223,36488,10,CRITICAL,4,25679,1,3353,34,39201,2713,EU-CENTRAL
3224,66991,18,ROUTINE,1,348247,6,6560,1071,84743,17752,US-EAST
3225,53285,14,ROUTINE,1,210030,5,6126,34,72737,19452,EU-WEST
3226,47489,13,ROUTINE,3,264652,7,5091,207,67927,20438,US-EAST
3227,72308,20,CRITICAL,5,226793,7,5685,88,79823,7515,EU-WEST
3228,56871,15,ROUTINE,2,354159,6,5565,291,74114,17243,US-EAST
3229,87018,24,ROUTINE,1,106841,4,5771,230,98381,11363,US-EAST
3230,56477,15,CRITICAL,3,186937,6,4034,168,62476,5999,US-EAST
3231,65821,18,CRITICAL,3,33085,1,2819,1182,68227,2406,EU-WEST
3232,37109,10,ROUTINE,3,49890,2,2683,254,46580,9471,EU-CENTRAL
3233,43186,11,ROUTINE,1,164998,8,7718,213,55215,12029,US-EAST
3234,59056,16,ROUTINE,1,8748,2,1663,85,72813,13757,EU-WEST
3235,36448,10,ROUTINE,1,44317,3,4916,23,48897,12449,US-EAST
3236,83838,23,ROUTINE,2,80436,3,3446,195,91856,8018,EU-CENTRAL
3237,64153,17,CRITICAL,5,30905,1,2486,1201,66632,2479,EU-CENTRAL
3238,24121,6,ROUTINE,2,26180,1,2730,153,36264,12143,EU-WEST
3239,29000,8,ROUTINE,2,589275,7,4915,200,42995,13995,US-EAST
3240,42464,11,CRITICAL,4,369160,4,3739,232,51494,9030,EU-WEST
3241,82322,22,ROUTINE,3,8068,1,1014,11,92800,10478,EU-WEST
3242,45917,12,ROUTINE,1,5256,2,1992,154,54288,8371,US-EAST
3243,43774,12,CRITICAL,5,38578,1,2077,25,47378,3604,US-EAST
3244,40023,11,ROUTINE,1,32204,1,3796,286,53121,13098,US-EAST
3245,49253,13,ROUTINE,2,113149,4,4912,25,58939,9686,US-EAST
3246,37479,10,CRITICAL,4,35521,2,3372,219,42002,4523,EU-CENTRAL
3247,88138,24,ROUTINE,1,243259,8,4382,134,102286,14148,EU-WEST
3248,66795,18,CRITICAL,5,243921,6,6853,293,76138,9343,EU-CENTRAL
3249,28864,8,ROUTINE,1,574642,5,2938,65,40689,11825,EU-WEST
3250,43055,11,CRITICAL,3,58063,3,1965,151,48174,5119,EU-WEST
3251,73471,20,ROUTINE,3,417322,8,7190,297,86098,12627,US-EAST
3252,29972,8,ROUTINE,1,261082,8,5536,172,39209,9237,US-EAST
3253,69155,19,CRITICAL,5,149422,2,1900,424,74824,5669,EU-CENTRAL
3254,41656,11,ROUTINE,3,30009,1,2472,175,53067,11411,US-EAST
3255,88060,24,CRITICAL,3,510887,4,5428,202,97620,9560,US-EAST
3256,32806,9,ROUTINE,2,50783,3,3552,229,44592,11786,US-EAST
3257,67221,18,CRITICAL,5,234157,6,5329,37,74060,6839,EU-WEST
3258,60006,16,ROUTINE,3,32651,2,3745,571,65629,5623,US-EAST
3259,23429,6,ROUTINE,3,18526,1,1403,224,27929,4500,EU-CENTRAL
3260,49206,13,CRITICAL,4,21916,1,2244,444,53091,3885,US-EAST
3261,35568,9,ROUTINE,3,25387,2,4428,73,48981,13413,US-EAST
3262,73994,20,ROUTINE,3,523988,7,7254,147,96336,22342,EU-CENTRAL
3263,53732,14,ROUTINE,3,51526,4,2848,93,67897,14165,US-EAST
3264,35408,9,ROUTINE,2,449349,6,4936,166,56990,21582,US-EAST
3265,24981,6,CRITICAL,4,6065,1,2564,79,29875,4894,EU-WEST
3266,24104,6,ROUTINE,1,304881,7,3958,778,40324,16220,US-EAST
3267,86254,23,ROUTINE,2,526351,4,5073,8,107853,21599,US-EAST
3268,51134,14,CRITICAL,4,59567,3,3136,267,56698,5564,EU-WEST
3269,64944,18,CRITICAL,3,564594,6,5165,18,74091,9147,EU-WEST
3270,76687,21,ROUTINE,3,128361,3,3246,237,94022,17335,EU-CENTRAL
3271,48188,13,CRITICAL,5,8111,1,2598,209,53084,4896,EU-WEST
3272,76458,21,CRITICAL,4,40407,2,1971,25,81975,5517,EU-WEST
3273,43415,12,CRITICAL,5,26423,1,2133,1105,45985,2570,EU-WEST
3274,45249,12,ROUTINE,2,128710,3,2392,176,61902,16653,EU-CENTRAL
3275,65494,18,CRITICAL,4,41859,4,3919,83,69531,4037,EU-WEST
3276,57086,15,ROUTINE,3,508650,4,4494,133,72894,15808,EU-CENTRAL
3277,54596,15,ROUTINE,3,95405,3,5112,826,60666,6070,US-EAST
3278,85746,23,ROUTINE,1,25972,1,3466,96,100352,14606,US-EAST
3279,56519,15,ROUTINE,2,174856,8,6465,168,74204,17685,US-EAST
3280,57497,15,ROUTINE,1,178818,7,7177,90,71595,14098,EU-CENTRAL
3281,26352,7,ROUTINE,3,517894,8,4747,270,39192,12840,EU-WEST
3282,58272,16,ROUTINE,3,20640,1,4056,58,62234,3962,EU-WEST
3283,61968,17,ROUTINE,3,17388,1,2784,178,77676,15708,US-EAST
3284,79118,21,ROUTINE,3,38421,2,4418,138,83952,4834,EU-CENTRAL
3285,26070,7,CRITICAL,3,45971,3,2128,185,28402,2332,EU-WEST
3286,51173,14,CRITICAL,3,174947,4,4347,97,58508,7335,EU-CENTRAL
3287,29142,8,ROUTINE,3,102820,4,3695,1653,43822,14680,EU-CENTRAL
3288,37143,10,ROUTINE,2,5035,2,3382,231,51765,14622,US-EAST
3289,86636,24,ROUTINE,3,450144,4,2427,163,103881,17245,EU-WEST
3290,58579,16,CRITICAL,3,43678,4,2847,219,63717,5138,US-EAST
3291,85853,23,ROUTINE,3,11607,2,4553,241,100651,14798,US-EAST
3292,88337,24,ROUTINE,3,134988,4,4161,1051,104883,16546,EU-CENTRAL
3293,39460,10,ROUTINE,2,31647,1,4292,857,50498,11038,EU-CENTRAL
3294,23895,6,ROUTINE,3,90974,2,3260,963,39843,15948,US-EAST
3295,85925,23,ROUTINE,3,6742,2,4793,293,100824,14899,EU-WEST
3296,45785,12,ROUTINE,3,54378,2,3351,98,50415,4630,EU-CENTRAL
3297,81776,22,ROUTINE,1,242503,6,4759,816,94288,12512,EU-CENTRAL
3298,81591,22,CRITICAL,5,235317,4,4854,202,88827,7236,EU-WEST
3299,69708,19,CRITICAL,5,142870,4,3010,260,74945,5237,EU-CENTRAL
3300,37944,10,ROUTINE,1,115007,3,3605,87,54965,17021,US-EAST
3301,38206,10,ROUTINE,1,26564,1,3934,195,50935,12729,US-EAST
3302,67595,18,ROUTINE,1,18949,1,2769,592,75110,7515,US-EAST
3303,51935,14,CRITICAL,5,593240,6,5036,253,62437,10502,EU-WEST
3304,26930,7,CRITICAL,3,177308,8,7235,16,32424,5494,EU-WEST
3305,45298,12,CRITICAL,4,192858,6,5812,12,54294,8996,US-EAST
3306,57629,16,ROUTINE,2,416635,5,4008,278,70823,13194,EU-WEST
3307,68706,19,ROUTINE,1,227134,6,5419,1094,82556,13850,US-EAST
3308,55843,15,ROUTINE,3,18140,2,4460,240,64280,8437,US-EAST
3309,47381,13,CRITICAL,4,12460,1,1140,272,49664,2283,EU-CENTRAL
3310,61727,17,ROUTINE,2,16208,2,3016,268,77110,15383,EU-WEST
3311,31811,8,ROUTINE,1,496287,5,3697,158,46418,14607,EU-CENTRAL
3312,40365,11,ROUTINE,1,85439,4,3962,224,48378,8013,EU-CENTRAL
3313,81440,22,CRITICAL,4,13776,1,3168,64,82684,1244,EU-WEST
3314,88308,24,CRITICAL,3,305286,6,6607,181,97404,9096,EU-CENTRAL
3315,27270,7,CRITICAL,4,54928,3,4465,271,30165,2895,EU-WEST
3316,27427,7,ROUTINE,3,412574,5,5381,1054,43905,16478,EU-WEST
3317,29850,8,CRITICAL,5,246944,8,6328,43,37024,7174,US-EAST
3318,29563,8,ROUTINE,1,41701,4,2953,155,42055,12492,US-EAST
3319,88327,24,ROUTINE,2,591711,8,6231,187,99085,10758,EU-CENTRAL
3320,40733,11,ROUTINE,3,594789,8,5430,1156,54603,13870,EU-CENTRAL
3321,72586,20,CRITICAL,3,182407,4,5618,115,78175,5589,US-EAST
3322,32975,9,ROUTINE,1,228944,4,4992,188,45746,12771,EU-WEST
3323,78457,21,ROUTINE,1,12899,1,1301,233,84030,5573,EU-WEST
3324,89867,24,ROUTINE,1,565220,8,6902,215,107359,17492,US-EAST
3325,83929,23,CRITICAL,5,478871,8,6935,104,92962,9033,US-EAST
3326,75595,20,ROUTINE,2,5053,2,4825,48,87343,11748,EU-WEST
3327,46571,12,ROUTINE,1,450151,4,4216,412,59086,12515,US-EAST
3328,46894,13,CRITICAL,3,25869,2,1765,1512,49504,2610,US-EAST
3329,47933,13,ROUTINE,1,324917,8,5640,15,60887,12954,EU-WEST
3330,40389,11,CRITICAL,3,565663,4,5260,173,49803,9414,US-EAST
3331,83079,23,ROUTINE,2,5548,2,3374,1672,94563,11484,US-EAST
3332,30109,8,CRITICAL,5,24724,2,1662,272,34603,4494,EU-WEST
3333,59471,16,CRITICAL,3,217729,4,3687,12,68924,9453,US-EAST
3334,31753,8,ROUTINE,2,21015,2,2764,209,42539,10786,EU-WEST
3335,54020,15,ROUTINE,3,30898,1,1688,24,58025,4005,US-EAST
3336,32623,9,CRITICAL,4,93989,2,4342,244,38031,5408,US-EAST
3337,76819,21,ROUTINE,3,14238,1,3480,201,87628,10809,EU-WEST
3338,28040,7,ROUTINE,3,126654,2,2941,97,41552,13512,EU-WEST
3339,45397,12,CRITICAL,3,504507,8,6958,276,53995,8598,EU-WEST
3340,75526,20,CRITICAL,4,158100,6,6232,283,81530,6004,EU-WEST
3341,62208,17,CRITICAL,4,47486,4,4140,35,65524,3316,US-EAST
3342,68039,18,ROUTINE,3,198967,6,4175,223,85388,17349,US-EAST
3343,34518,9,ROUTINE,1,167181,4,4014,75,42006,7488,US-EAST
3344,86847,24,ROUTINE,2,488773,4,5066,274,99636,12789,EU-CENTRAL
3345,68978,19,CRITICAL,3,88535,3,2418,606,72890,3912,EU-WEST
3346,40519,11,CRITICAL,5,469109,6,6085,232,51642,11123,US-EAST
3347,29870,8,ROUTINE,3,259599,8,7756,886,48892,19022,EU-CENTRAL
3348,71352,19,ROUTINE,3,19882,1,2529,1154,77614,6262,EU-WEST
3349,47697,13,ROUTINE,3,6457,2,4708,1792,57091,9394,EU-WEST
3350,41532,11,CRITICAL,5,234478,5,6324,242,50062,8530,EU-CENTRAL
3351,63727,17,ROUTINE,3,141782,3,3240,36,83023,19296,EU-WEST
3352,38827,10,ROUTINE,3,143927,4,2434,726,52700,13873,EU-CENTRAL
3353,61926,17,ROUTINE,2,29132,2,2844,80,66181,4255,EU-WEST
3354,56937,15,ROUTINE,3,15292,2,4575,1067,70062,13125,EU-WEST
3355,37795,10,ROUTINE,2,95950,2,1310,83,43952,6157,US-EAST
3356,32799,9,CRITICAL,3,208246,8,7913,57,38783,5984,EU-WEST
3357,27494,7,ROUTINE,2,155999,7,7099,115,45316,17822,US-EAST
3358,75122,20,ROUTINE,3,73299,4,2570,250,79591,4469,US-EAST
3359,82442,22,CRITICAL,4,26673,1,3700,97,85873,3431,EU-CENTRAL
3360,43747,12,CRITICAL,3,57880,4,5564,857,48431,4684,EU-CENTRAL
3361,25345,7,ROUTINE,3,419975,8,4877,1608,35435,10090,US-EAST
3362,44880,12,CRITICAL,4,6900,2,2988,837,48205,3325,EU-WEST
3363,26816,7,ROUTINE,3,43133,2,1790,286,36239,9423,US-EAST
3364,32789,9,ROUTINE,2,42863,4,4125,258,49503,16714,US-EAST
3365,29955,8,ROUTINE,1,195824,5,4356,211,50270,20315,US-EAST
3366,62366,17,ROUTINE,1,33439,2,2210,214,72941,10575,EU-WEST
3367,32142,8,ROUTINE,3,98858,4,2848,268,39431,7289,EU-WEST
3368,36613,10,ROUTINE,1,29868,1,2704,110,40985,4372,EU-WEST
3369,57804,16,ROUTINE,1,198194,6,5155,105,74765,16961,US-EAST
3370,32827,9,ROUTINE,1,56874,4,4797,225,40775,7948,EU-CENTRAL
3371,47211,13,ROUTINE,1,126507,4,5291,236,64425,17214,EU-CENTRAL
3372,48956,13,ROUTINE,3,530315,5,3908,95,59358,10402,US-EAST
3373,79549,22,CRITICAL,3,15453,2,2419,142,81541,1992,EU-WEST
3374,67912,18,CRITICAL,3,15933,1,1332,121,71912,4000,US-EAST
3375,86267,23,ROUTINE,3,163080,8,6686,225,96708,10441,US-EAST
3376,42900,11,ROUTINE,2,53560,3,2031,145,59224,16324,EU-WEST
3377,85223,23,ROUTINE,3,109440,2,2698,293,93299,8076,EU-WEST
3378,65667,18,CRITICAL,4,147959,4,2318,64,71054,5387,US-EAST
3379,82251,22,ROUTINE,2,596607,8,7163,267,92210,9959,EU-WEST
3380,39872,11,ROUTINE,3,115507,3,3278,286,49994,10122,US-EAST
3381,43575,12,ROUTINE,1,89791,3,3013,1232,54874,11299,US-EAST
3382,42546,11,ROUTINE,3,21076,1,4318,238,52870,10324,EU-WEST
3383,67610,18,ROUTINE,3,486092,4,3837,222,78862,11252,EU-WEST
3384,56148,15,CRITICAL,5,407750,5,3053,221,66799,10651,EU-WEST
3385,41545,11,CRITICAL,5,249498,7,6218,1760,49359,7814,US-EAST
3386,56512,15,CRITICAL,3,231814,5,4544,1500,64375,7863,EU-WEST
3387,26770,7,CRITICAL,3,91965,2,4347,723,31768,4998,EU-CENTRAL
3388,44399,12,ROUTINE,2,226084,7,4175,114,53515,9116,EU-CENTRAL
3389,72846,20,ROUTINE,3,69969,2,3259,69,77854,5008,EU-CENTRAL
3390,43553,12,ROUTINE,1,41565,2,2314,292,53618,10065,EU-CENTRAL
3391,31350,8,ROUTINE,3,34999,2,1367,270,36905,5555,EU-WEST
3392,62346,17,ROUTINE,2,26477,1,2036,165,69110,6764,EU-CENTRAL
3393,89729,24,ROUTINE,1,18453,1,2507,144,102314,12585,EU-CENTRAL
3394,37325,10,CRITICAL,4,53651,4,3371,895,42865,5540,US-EAST
3395,27842,7,ROUTINE,1,43871,2,3554,224,39985,12143,EU-WEST
3396,76283,21,ROUTINE,3,55380,4,3713,493,84742,8459,EU-WEST
3397,29320,8,ROUTINE,1,353080,6,3635,227,42898,13578,US-EAST
3398,21603,6,ROUTINE,2,66806,3,4021,1293,39127,17524,EU-CENTRAL
3399,78810,21,ROUTINE,1,202374,8,5263,6,95516,16706,EU-WEST
3400,72825,20,ROUTINE,3,7034,2,2141,1939,79537,6712,EU-WEST
3401,60409,16,ROUTINE,2,63352,2,4746,157,73929,13520,EU-WEST
3402,37747,10,ROUTINE,3,369207,8,6809,104,47558,9811,US-EAST
3403,30423,8,ROUTINE,1,507111,4,2316,17,51804,21381,US-EAST
3404,38084,10,ROUTINE,2,138132,2,2381,21,46910,8826,EU-WEST
3405,84189,23,ROUTINE,3,40218,3,3278,197,89467,5278,EU-WEST
3406,70886,19,CRITICAL,4,49449,3,2997,253,75324,4438,US-EAST
3407,53417,14,ROUTINE,2,54827,4,2462,26,65280,11863,EU-CENTRAL
3408,28904,8,ROUTINE,3,137688,2,4238,58,43032,14128,US-EAST
3409,30295,8,ROUTINE,1,21855,2,1856,175,36672,6377,EU-WEST
3410,81457,22,ROUTINE,1,50770,4,2608,159,90700,9243,US-EAST
3411,26970,7,ROUTINE,1,192502,7,4532,166,42039,15069,US-EAST
3412,81964,22,ROUTINE,3,159365,7,6462,153,94622,12658,EU-WEST
3413,38737,10,CRITICAL,5,181046,8,4477,155,47719,8982,EU-WEST
3414,45632,12,ROUTINE,1,420962,4,4418,53,55993,10361,EU-CENTRAL
3415,52232,14,CRITICAL,3,50284,3,4621,34,56829,4597,EU-CENTRAL
3416,36487,10,CRITICAL,4,161553,4,3067,135,42945,6458,EU-CENTRAL
3417,76744,21,ROUTINE,3,216087,5,6056,282,86416,9672,EU-WEST
3418,45126,12,ROUTINE,2,28659,2,3243,951,58415,13289,EU-CENTRAL
3419,83052,23,ROUTINE,2,168861,8,7400,144,91894,8842,EU-WEST
3420,75003,20,CRITICAL,3,9876,1,1050,201,77856,2853,US-EAST
3421,38556,10,ROUTINE,1,261056,4,4907,71,59537,20981,EU-CENTRAL
3422,51123,14,ROUTINE,3,9799,1,2608,267,55664,4541,EU-CENTRAL
3423,30494,8,ROUTINE,2,45843,4,4198,72,38953,8459,EU-CENTRAL
3424,46719,12,CRITICAL,5,232874,8,5489,135,55661,8942,EU-WEST
3425,56200,15,ROUTINE,3,592581,8,6044,275,76711,20511,US-EAST
3426,74730,20,CRITICAL,3,34912,2,4040,134,77371,2641,EU-WEST
3427,79691,22,CRITICAL,4,49364,2,4552,634,83676,3985,EU-CENTRAL
3428,53440,14,CRITICAL,5,62016,4,3096,35,58534,5094,EU-WEST
3429,38247,10,CRITICAL,5,46208,4,3129,165,40046,1799,US-EAST
3430,78628,21,ROUTINE,2,90661,4,5621,86,89885,11257,EU-CENTRAL
3431,60895,16,CRITICAL,4,45335,2,2314,259,64551,3656,US-EAST
3432,56211,15,ROUTINE,2,524115,6,3329,47,72821,16610,EU-CENTRAL
3433,43178,11,ROUTINE,3,270598,5,4673,40,57805,14627,EU-WEST
3434,41242,11,ROUTINE,1,43963,2,3172,97,53665,12423,EU-WEST
3435,51937,14,CRITICAL,5,176102,8,6032,253,60863,8926,US-EAST
3436,61613,17,CRITICAL,5,36483,2,4739,88,66583,4970,EU-WEST
3437,37767,10,ROUTINE,1,27505,1,3557,73,44477,6710,EU-WEST
3438,64108,17,ROUTINE,3,15679,2,4826,154,71219,7111,US-EAST
3439,54702,15,ROUTINE,3,57584,4,3460,1963,67006,12304,EU-CENTRAL
3440,66402,18,ROUTINE,3,23915,2,2810,211,75122,8720,EU-CENTRAL
3441,35702,9,ROUTINE,2,552961,8,7232,53,49840,14138,EU-WEST
3442,80382,22,ROUTINE,2,551395,5,5144,141,97753,17371,EU-CENTRAL
3443,45608,12,CRITICAL,3,214642,6,4131,11,52799,7191,EU-WEST
3444,85402,23,ROUTINE,1,13653,1,980,99,96732,11330,US-EAST
3445,83422,23,ROUTINE,1,208799,4,4162,73,100216,16794,US-EAST
3446,67786,18,ROUTINE,1,29411,1,3771,160,79186,11400,US-EAST
3447,25586,7,ROUTINE,1,7873,1,3021,107,41612,16026,US-EAST
3448,58606,16,ROUTINE,1,61387,3,4005,196,63792,5186,EU-WEST
3449,30232,8,CRITICAL,5,162983,5,4338,488,38611,8379,EU-WEST
3450,64930,18,ROUTINE,2,274498,7,4567,920,74633,9703,EU-WEST
3451,59617,16,ROUTINE,2,17739,1,2692,182,71952,12335,EU-CENTRAL
3452,44225,12,ROUTINE,2,12105,2,2238,1288,49178,4953,EU-WEST
3453,36965,10,ROUTINE,2,144355,3,4251,217,49046,12081,US-EAST
3454,34363,9,CRITICAL,3,58061,4,4429,141,38847,4484,EU-CENTRAL
3455,37518,10,ROUTINE,2,433591,5,5343,25,51212,13694,EU-WEST
3456,75896,21,ROUTINE,1,78003,4,3575,24,81767,5871,EU-WEST
3457,26566,7,ROUTINE,2,235817,8,6730,62,48058,21492,EU-WEST
3458,58153,16,ROUTINE,2,245929,6,5135,1496,73509,15356,US-EAST
3459,81542,22,ROUTINE,2,33115,1,3763,274,95816,14274,US-EAST
3460,41223,11,CRITICAL,5,89199,4,5522,20,46522,5299,US-EAST
3461,34700,9,ROUTINE,3,563896,8,6620,10,55487,20787,US-EAST
3462,71652,19,ROUTINE,1,49852,2,3715,699,86380,14728,EU-WEST
3463,43437,12,ROUTINE,3,247543,7,5364,63,55248,11811,US-EAST
3464,37237,10,ROUTINE,1,44405,2,4575,277,48012,10775,EU-WEST
3465,73331,20,ROUTINE,3,59148,4,3720,256,81807,8476,EU-WEST
3466,50646,14,CRITICAL,5,251285,5,6042,323,61650,11004,US-EAST
3467,73891,20,ROUTINE,1,23794,2,1775,11,87662,13771,US-EAST
3468,31197,8,ROUTINE,2,54452,4,5364,1567,37905,6708,EU-WEST
3469,29915,8,ROUTINE,2,55861,3,3114,262,43333,13418,EU-CENTRAL
3470,88112,24,ROUTINE,3,19909,2,4446,204,96182,8070,EU-CENTRAL
3471,72535,20,ROUTINE,3,186132,8,5296,1380,91876,19341,EU-WEST
3472,76929,21,ROUTINE,1,200577,7,5886,906,88604,11675,EU-WEST
3473,76687,21,CRITICAL,3,138625,2,4171,86,82084,5397,EU-CENTRAL
3474,38814,10,ROUTINE,1,437015,7,5736,166,52982,14168,EU-WEST
3475,84937,23,CRITICAL,3,180006,6,4007,189,93854,8917,EU-WEST
3476,35237,9,ROUTINE,3,6795,2,3810,6,47567,12330,US-EAST
3477,48770,13,CRITICAL,3,248537,6,6040,159,56079,7309,US-EAST
3478,57058,15,ROUTINE,1,36044,1,3779,293,65922,8864,US-EAST
3479,41003,11,CRITICAL,5,17888,1,897,518,45689,4686,US-EAST
3480,26075,7,CRITICAL,4,176509,4,2702,1135,32826,6751,US-EAST
3481,49813,13,ROUTINE,2,21886,2,1859,183,63018,13205,US-EAST
3482,82583,22,ROUTINE,3,21048,2,4574,182,94777,12194,US-EAST
3483,72554,20,CRITICAL,5,178400,7,5989,108,80615,8061,US-EAST
3484,61903,17,ROUTINE,2,20062,2,2738,59,67436,5533,EU-WEST
3485,73880,20,CRITICAL,5,182446,6,5578,670,79839,5959,EU-WEST
3486,23783,6,ROUTINE,2,454061,7,4823,282,38306,14523,EU-WEST
3487,51947,14,CRITICAL,4,15334,2,2249,289,53377,1430,EU-CENTRAL
3488,23854,6,ROUTINE,2,87414,2,4160,939,28972,5118,EU-CENTRAL
3489,74199,20,ROUTINE,1,31516,1,4021,179,89432,15233,US-EAST
3490,55415,15,ROUTINE,1,76601,4,4142,196,66486,11071,EU-CENTRAL
3491,58553,16,ROUTINE,2,153898,5,5403,42,69960,11407,EU-CENTRAL
3492,57038,15,CRITICAL,4,165551,7,4349,295,64288,7250,US-EAST
3493,39950,11,CRITICAL,3,40438,3,2686,1957,45464,5514,EU-CENTRAL
3494,46879,13,ROUTINE,1,43868,2,1559,109,58707,11828,EU-CENTRAL
3495,89403,24,CRITICAL,5,272251,8,4862,60,97163,7760,EU-WEST
3496,60335,16,ROUTINE,1,80183,2,4731,154,73381,13046,EU-CENTRAL
3497,30375,8,CRITICAL,3,126535,3,4311,52,34245,3870,EU-CENTRAL
3498,51526,14,ROUTINE,2,79394,2,4762,841,58136,6610,EU-WEST
3499,85136,23,ROUTINE,1,66124,2,4534,165,101132,15996,EU-WEST
3500,74090,20,CRITICAL,5,13903,1,1629,1172,75270,1180,EU-WEST
3501,43329,12,ROUTINE,1,453978,7,6864,1532,60548,17219,US-EAST
3502,52514,14,ROUTINE,3,33568,2,2312,282,65515,13001,EU-CENTRAL
3503,56928,15,CRITICAL,3,213553,6,5661,1783,64638,7710,US-EAST
3504,28699,7,ROUTINE,3,43599,2,4556,169,34237,5538,US-EAST
3505,33140,9,CRITICAL,3,19115,1,1033,246,34754,1614,EU-CENTRAL
3506,50564,14,ROUTINE,3,186874,5,3838,264,70649,20085,EU-WEST
3507,74492,20,ROUTINE,2,28165,2,2593,100,81057,6565,EU-CENTRAL
3508,64871,18,CRITICAL,3,26572,2,1451,1966,69000,4129,EU-WEST
3509,60481,16,ROUTINE,2,47638,4,3967,214,64479,3998,EU-WEST
3510,59585,16,ROUTINE,3,105756,3,5157,102,71561,11976,EU-WEST
3511,76889,21,ROUTINE,3,212812,8,5847,234,90628,13739,EU-CENTRAL
3512,84683,23,ROUTINE,3,54502,4,4450,19,88486,3803,EU-WEST
3513,51004,14,ROUTINE,3,170687,4,4481,934,64949,13945,US-EAST
3514,79778,22,CRITICAL,3,124612,3,4396,297,84325,4547,EU-CENTRAL
3515,28170,7,CRITICAL,3,28604,2,2909,1492,30593,2423,EU-CENTRAL
3516,55373,15,ROUTINE,3,28763,1,1893,159,62883,7510,EU-CENTRAL
3517,52569,14,ROUTINE,2,20072,2,2896,75,57639,5070,EU-CENTRAL
3518,30960,8,ROUTINE,2,178615,7,5526,11,44963,14003,EU-WEST
3519,60245,16,ROUTINE,3,41494,3,1935,103,70661,10416,US-EAST
3520,41332,11,ROUTINE,3,54616,4,2619,1767,46860,5528,US-EAST
3521,34826,9,ROUTINE,2,96455,4,3507,19,46036,11210,US-EAST
3522,85651,23,CRITICAL,3,38997,2,4632,54,89961,4310,EU-CENTRAL
3523,81904,22,ROUTINE,1,576508,7,4691,1479,93601,11697,EU-WEST
3524,70637,19,CRITICAL,4,18650,1,1055,412,74202,3565,EU-WEST
3525,25662,7,ROUTINE,2,48677,4,5009,177,31666,6004,US-EAST
3526,74508,20,ROUTINE,1,186849,6,6504,225,91559,17051,EU-WEST
3527,45583,12,ROUTINE,3,73088,2,4070,37,52353,6770,EU-WEST
3528,25334,7,ROUTINE,2,116667,2,2337,157,42659,17325,EU-WEST
3529,43470,12,CRITICAL,3,17804,2,3701,19,46074,2604,EU-CENTRAL
3530,86034,23,CRITICAL,5,233239,7,4889,273,93060,7026,US-EAST
3531,79968,22,ROUTINE,1,53757,3,3912,156,93613,13645,EU-CENTRAL
3532,30167,8,ROUTINE,3,80854,4,4103,82,47195,17028,EU-WEST
3533,56001,15,CRITICAL,4,18174,1,1832,128,57594,1593,US-EAST
3534,43936,12,ROUTINE,2,550822,6,5110,96,57824,13888,EU-CENTRAL
3535,66307,18,CRITICAL,3,327213,7,7120,992,74546,8239,EU-CENTRAL
3536,46197,12,CRITICAL,3,76664,3,4032,93,51810,5613,US-EAST
3537,21604,6,ROUTINE,1,284741,4,3868,1819,37928,16324,EU-WEST
3538,47991,13,ROUTINE,2,76642,3,3716,193,58149,10158,EU-CENTRAL
3539,64365,17,CRITICAL,4,101019,4,2852,135,69724,5359,EU-CENTRAL
3540,42926,11,ROUTINE,3,393060,4,3763,21,59130,16204,EU-CENTRAL
3541,63374,17,ROUTINE,2,47847,2,3765,113,77473,14099,EU-CENTRAL
3542,63679,17,ROUTINE,2,5234,1,2838,186,75713,12034,US-EAST
3543,38372,10,ROUTINE,3,40079,3,4934,622,47659,9287,EU-CENTRAL
3544,51839,14,ROUTINE,3,76218,2,2021,122,64098,12259,US-EAST
3545,83645,23,ROUTINE,1,252093,7,6166,145,97654,14009,US-EAST
3546,54545,15,ROUTINE,2,73435,2,4074,260,62507,7962,US-EAST
3547,30714,8,CRITICAL,3,11531,1,1076,119,34679,3965,US-EAST
3548,31565,8,ROUTINE,1,292548,6,4062,10,50112,18547,EU-WEST
3549,84537,23,CRITICAL,4,51409,4,3740,127,87301,2764,US-EAST
3550,58558,16,ROUTINE,3,498659,5,5038,29,80723,22165,EU-WEST
3551,71462,19,ROUTINE,2,331447,5,3925,282,81082,9620,EU-CENTRAL
3552,72946,20,CRITICAL,3,18703,2,3235,282,75062,2116,EU-WEST
3553,56144,15,CRITICAL,4,28699,2,1830,277,59685,3541,EU-CENTRAL
3554,72959,20,ROUTINE,1,46233,2,4225,173,87314,14355,US-EAST
3555,57939,16,ROUTINE,3,19659,2,2249,41,72668,14729,EU-CENTRAL
3556,46966,13,ROUTINE,1,6035,2,3534,774,57821,10855,US-EAST
3557,79388,22,CRITICAL,5,111942,3,2544,250,85661,6273,EU-WEST
3558,37258,10,CRITICAL,5,249070,4,3320,259,46940,9682,EU-CENTRAL
3559,26442,7,ROUTINE,2,18868,2,2885,68,30580,4138,EU-CENTRAL
3560,69751,19,ROUTINE,3,29306,2,3888,243,84628,14877,EU-WEST
3561,37207,10,ROUTINE,1,93220,4,3152,260,46747,9540,US-EAST
3562,81300,22,ROUTINE,1,475556,8,7436,238,93191,11891,US-EAST
3563,75639,21,ROUTINE,3,189633,7,4371,132,83820,8181,US-EAST
3564,44361,12,ROUTINE,1,222887,6,3803,30,53147,8786,EU-WEST
3565,82713,22,ROUTINE,2,65495,4,5327,229,94145,11432,US-EAST
3566,38661,10,ROUTINE,1,54628,2,2497,172,43751,5090,EU-CENTRAL
3567,52679,14,ROUTINE,3,307029,8,6460,193,70235,17556,US-EAST
3568,83541,23,ROUTINE,1,142246,4,2966,1678,100890,17349,EU-CENTRAL
3569,82500,22,ROUTINE,1,48542,3,2753,75,88568,6068,EU-WEST
3570,74588,20,ROUTINE,3,52708,3,2752,281,80532,5944,US-EAST
3571,23062,6,CRITICAL,5,13502,2,4574,1962,24956,1894,EU-WEST
3572,23818,6,ROUTINE,3,244983,7,6234,1060,41996,18178,EU-WEST
3573,41992,11,ROUTINE,3,252504,6,5923,57,56341,14349,EU-WEST
3574,57025,15,ROUTINE,3,209730,8,7229,197,77835,20810,US-EAST
3575,26180,7,ROUTINE,2,247661,4,5069,858,47392,21212,US-EAST
3576,24546,6,ROUTINE,3,26269,2,3941,1811,29791,5245,US-EAST
3577,64211,17,ROUTINE,3,18406,1,3731,532,76892,12681,EU-WEST
3578,40685,11,CRITICAL,5,559118,7,6608,141,49169,8484,US-EAST
3579,44546,12,CRITICAL,5,57732,4,3294,52,49460,4914,EU-WEST
3580,79915,22,ROUTINE,1,55198,2,2186,244,95998,16083,EU-WEST
3581,55733,15,ROUTINE,1,49122,4,4446,175,69541,13808,US-EAST
3582,48223,13,CRITICAL,5,17899,2,3139,115,51356,3133,EU-CENTRAL
3583,40179,11,ROUTINE,2,41951,4,5878,151,44784,4605,US-EAST
3584,51546,14,ROUTINE,2,343396,7,5068,687,72293,20747,US-EAST
3585,33518,9,ROUTINE,3,50630,3,3599,134,39136,5618,US-EAST
3586,55630,15,ROUTINE,1,107133,4,4750,196,73625,17995,US-EAST
3587,42433,11,ROUTINE,1,588420,6,6287,207,56522,14089,EU-CENTRAL
3588,37825,10,CRITICAL,5,418151,4,2985,232,48353,10528,US-EAST
3589,55792,15,CRITICAL,3,241990,8,6680,167,64557,8765,EU-CENTRAL
3590,68115,18,CRITICAL,3,48903,3,2944,204,73160,5045,EU-CENTRAL
3591,65747,18,ROUTINE,2,33792,1,2608,102,69304,3557,US-EAST
3592,79638,22,CRITICAL,3,152523,5,3359,743,86105,6467,EU-WEST
3593,76508,21,CRITICAL,5,563242,8,6102,200,85639,9131,EU-WEST
3594,26295,7,ROUTINE,2,45968,2,2753,18,32749,6454,US-EAST
3595,81516,22,ROUTINE,1,264477,6,5489,949,97371,15855,EU-WEST
3596,79175,21,ROUTINE,2,146589,2,2980,255,94312,15137,EU-WEST
3597,70596,19,ROUTINE,3,53888,3,5028,76,83836,13240,US-EAST
3598,60953,16,ROUTINE,1,528337,4,3636,49,82618,21665,EU-CENTRAL
3599,40025,11,ROUTINE,1,153883,5,3066,248,47015,6990,EU-WEST
3600,42811,11,CRITICAL,3,239680,7,6823,53,52879,10068,EU-WEST
3601,81276,22,ROUTINE,1,249339,4,4668,150,93004,11728,EU-CENTRAL
3602,44504,12,ROUTINE,3,22373,1,3018,63,60992,16488,EU-WEST
3603,47443,13,ROUTINE,3,384409,6,6448,229,59157,11714,EU-CENTRAL
3604,36097,10,ROUTINE,2,36953,1,1877,111,43701,7604,EU-WEST
3605,34557,9,ROUTINE,2,10333,1,1006,255,46731,12174,EU-WEST
3606,38797,10,ROUTINE,1,74957,4,4983,64,43819,5022,US-EAST
3607,74160,20,CRITICAL,5,185702,8,6627,1274,80999,6839,EU-CENTRAL
3608,37061,10,ROUTINE,1,218163,8,6182,222,55215,18154,EU-WEST
3609,29906,8,ROUTINE,2,38225,2,2503,294,33681,3775,EU-WEST
3610,56300,15,ROUTINE,3,39217,1,2700,139,59994,3694,EU-CENTRAL
3611,42974,11,CRITICAL,3,49217,2,2853,180,46708,3734,EU-WEST
3612,56879,15,CRITICAL,4,13110,2,4126,27,60898,4019,US-EAST
3613,66597,18,ROUTINE,3,381206,8,5719,34,84582,17985,EU-CENTRAL
3614,54533,15,ROUTINE,1,30983,2,3564,106,59597,5064,EU-WEST
3615,37585,10,ROUTINE,3,20992,2,1817,282,50536,12951,EU-WEST
3616,22995,6,ROUTINE,1,57580,4,5074,251,29215,6220,US-EAST
3617,57616,16,CRITICAL,4,195985,7,5629,286,67012,9396,US-EAST
3618,37423,10,ROUTINE,1,118892,2,2691,15,46062,8639,EU-WEST
3619,44855,12,ROUTINE,2,162641,6,3583,44,61953,17098,EU-CENTRAL
3620,55363,15,ROUTINE,3,103558,2,3778,116,68863,13500,US-EAST
3621,34344,9,ROUTINE,2,545412,8,5743,90,55096,20752,US-EAST
3622,45012,12,CRITICAL,4,28471,1,1801,1685,47939,2927,EU-CENTRAL
3623,23598,6,ROUTINE,1,593083,6,5747,718,35055,11457,US-EAST
3624,72793,20,ROUTINE,1,81315,2,4296,155,78796,6003,EU-WEST
3625,57901,16,ROUTINE,3,19533,2,4171,1716,63572,5671,EU-CENTRAL
3626,75496,20,ROUTINE,2,411186,4,3936,259,94881,19385,EU-CENTRAL
3627,25611,7,CRITICAL,4,243696,5,5615,34,33291,7680,EU-WEST
3628,67554,18,CRITICAL,4,579757,5,3886,20,78497,10943,EU-CENTRAL
3629,27491,7,CRITICAL,5,592883,6,5518,237,36090,8599,US-EAST
3630,56327,15,ROUTINE,2,207575,6,5802,145,75433,19106,EU-WEST
3631,24536,6,CRITICAL,4,242801,4,2822,19,32302,7766,EU-WEST
3632,54554,15,ROUTINE,2,40726,3,2452,157,69688,15134,EU-CENTRAL
3633,30815,8,CRITICAL,3,85242,4,5718,166,34848,4033,EU-WEST
3634,27249,7,ROUTINE,2,109083,3,2052,163,44259,17010,US-EAST
3635,81826,22,ROUTINE,1,201186,7,6418,137,94053,12227,EU-WEST
3636,22971,6,ROUTINE,2,145256,2,1873,240,30471,7500,EU-WEST
3637,80697,22,ROUTINE,3,10249,2,4667,556,90209,9512,EU-WEST
3638,81698,22,ROUTINE,3,52889,2,2478,24,86563,4865,EU-WEST
3639,84903,23,ROUTINE,3,455305,4,4453,64,101835,16932,US-EAST
3640,55717,15,ROUTINE,1,40250,4,4503,181,67456,11739,US-EAST
3641,64498,17,ROUTINE,1,39399,2,1623,91,69409,4911,EU-WEST
3642,30415,8,ROUTINE,3,193433,5,5311,1515,38718,8303,EU-WEST
3643,69067,19,ROUTINE,2,255774,5,3746,46,81343,12276,US-EAST
3644,60037,16,ROUTINE,2,7615,1,819,138,64192,4155,EU-WEST
3645,37459,10,ROUTINE,2,36233,1,2622,1475,42022,4563,US-EAST
3646,42845,11,ROUTINE,1,27659,2,3592,161,52717,9872,EU-WEST
3647,36246,10,ROUTINE,2,78113,3,4971,243,50453,14207,EU-WEST
3648,79888,22,ROUTINE,1,441320,5,5980,484,100096,20208,EU-WEST
3649,33854,9,ROUTINE,2,463800,8,6763,299,48448,14594,US-EAST
3650,85489,23,ROUTINE,1,42150,3,3126,1184,93737,8248,EU-WEST
3651,51052,14,ROUTINE,1,516628,7,5972,283,68546,17494,EU-CENTRAL
3652,85486,23,CRITICAL,3,39852,2,1387,1269,89738,4252,EU-CENTRAL
3653,29509,8,ROUTINE,3,299938,4,3490,240,44239,14730,EU-WEST
3654,38208,10,ROUTINE,2,247123,6,3924,256,48799,10591,EU-WEST
3655,48715,13,ROUTINE,3,93940,3,5189,174,59975,11260,US-EAST
3656,27051,7,ROUTINE,3,333081,6,3896,66,42732,15681,US-EAST
3657,64923,18,ROUTINE,2,41302,3,3795,167,79630,14707,US-EAST
3658,35457,9,CRITICAL,4,234639,7,6337,173,45712,10255,EU-WEST
3659,83399,23,ROUTINE,1,424700,8,6847,35,95874,12475,EU-WEST
3660,34194,9,ROUTINE,3,69759,4,3698,26,40586,6392,EU-WEST
3661,28857,8,ROUTINE,3,18885,1,3597,967,34772,5915,EU-CENTRAL
3662,80420,22,CRITICAL,5,214990,5,3182,262,89697,9277,EU-WEST
3663,26933,7,CRITICAL,5,44048,4,5281,1249,31783,4850,US-EAST
3664,64246,17,CRITICAL,5,197087,6,4176,30,71241,6995,EU-CENTRAL
3665,67557,18,ROUTINE,3,94026,2,2383,803,73179,5622,EU-CENTRAL
3666,45029,12,CRITICAL,3,49241,2,4826,47,48439,3410,EU-CENTRAL
3667,81769,22,CRITICAL,3,18980,2,4655,24,85890,4121,US-EAST
3668,48519,13,CRITICAL,3,194126,7,5804,275,56005,7486,US-EAST
3669,83939,23,ROUTINE,1,133721,3,3639,1305,90625,6686,EU-WEST
3670,44113,12,ROUTINE,3,18501,1,3737,169,51009,6896,US-EAST
3671,52913,14,ROUTINE,1,107410,2,1603,151,62510,9597,EU-WEST
3672,47769,13,ROUTINE,3,252313,8,6239,130,63151,15382,EU-WEST
3673,51936,14,CRITICAL,5,560706,5,4850,31,62873,10937,US-EAST
3674,69094,19,ROUTINE,3,33907,1,3052,8,81448,12354,EU-CENTRAL
3675,82106,22,ROUTINE,1,33218,1,2559,1995,95304,13198,US-EAST
3676,43757,12,CRITICAL,5,282079,4,2856,125,51656,7899,US-EAST
3677,79604,22,ROUTINE,1,10021,2,3005,25,94321,14717,EU-CENTRAL
3678,44329,12,ROUTINE,1,259502,8,4644,1314,57035,12706,EU-WEST
3679,67392,18,CRITICAL,4,84483,3,4843,84,73732,6340,US-EAST
3680,64665,17,ROUTINE,3,51372,3,4018,852,74017,9352,EU-WEST
3681,60781,16,ROUTINE,2,49104,3,3632,73,77687,16906,EU-WEST
3682,85544,23,ROUTINE,3,113578,2,2661,40,99275,13731,EU-WEST
3683,46657,12,ROUTINE,3,367685,7,7327,1429,67912,21255,EU-WEST
3684,76949,21,CRITICAL,5,249235,4,2607,304,86984,10035,US-EAST
3685,80104,22,ROUTINE,3,229346,4,3609,169,92345,12241,EU-CENTRAL
3686,64444,17,ROUTINE,1,8009,2,1888,81,72288,7844,EU-WEST
3687,47151,13,ROUTINE,1,560785,4,4026,218,68785,21634,EU-WEST
3688,78456,21,ROUTINE,3,202213,6,6902,79,96098,17642,EU-WEST
3689,72383,20,ROUTINE,2,377461,5,6226,9,87433,15050,EU-WEST
3690,65294,18,CRITICAL,3,41459,2,3516,260,70734,5440,EU-CENTRAL
3691,71835,19,ROUTINE,3,290666,5,4056,399,92763,20928,US-EAST
3692,73873,20,ROUTINE,3,199927,6,6801,92,91861,17988,US-EAST
3693,30781,8,ROUTINE,3,19526,2,2385,130,38145,7364,EU-CENTRAL
3694,36184,10,CRITICAL,4,8757,1,3784,243,37354,1170,EU-WEST
3695,67379,18,ROUTINE,2,89455,4,4248,915,83089,15710,EU-WEST
3696,41109,11,CRITICAL,4,38605,2,2640,225,44408,3299,EU-WEST
3697,71035,19,ROUTINE,1,90430,3,2354,121,85857,14822,US-EAST
3698,30070,8,CRITICAL,3,19581,2,4335,233,32978,2908,EU-CENTRAL
3699,82238,22,CRITICAL,5,20698,1,1321,1900,86290,4052,EU-WEST
3700,75811,21,ROUTINE,3,39417,1,1546,47,84688,8877,US-EAST
3701,85888,23,ROUTINE,3,46012,3,4256,23,99992,14104,EU-CENTRAL
3702,45826,12,CRITICAL,4,182021,7,7109,66,52031,6205,EU-WEST
3703,72918,20,ROUTINE,3,16647,1,3407,172,84596,11678,US-EAST
3704,43079,11,CRITICAL,3,54587,2,1868,294,48596,5517,US-EAST
3705,33618,9,ROUTINE,1,52538,2,4643,133,38805,5187,EU-WEST
3706,49758,13,ROUTINE,1,191330,7,4819,195,67774,18016,US-EAST
3707,80056,22,ROUTINE,1,27548,1,1042,52,90251,10195,EU-WEST
3708,38206,10,ROUTINE,2,219288,8,7345,61,50740,12534,EU-CENTRAL
3709,40324,11,ROUTINE,1,238912,5,4306,241,55160,14836,EU-WEST
3710,36002,10,ROUTINE,1,178784,7,5583,14,56286,20284,US-EAST
3711,35668,9,CRITICAL,3,16222,2,4758,272,37223,1555,EU-WEST
3712,40517,11,ROUTINE,1,98677,4,3662,1810,48421,7904,EU-CENTRAL
3713,52998,14,ROUTINE,2,8330,1,2860,111,66687,13689,EU-WEST
3714,59572,16,CRITICAL,3,9699,2,1994,113,62045,2473,US-EAST
3715,28821,8,ROUTINE,3,39278,2,3140,66,40430,11609,EU-WEST
3716,60470,16,ROUTINE,1,419577,6,3536,133,70630,10160,EU-WEST
3717,65663,18,ROUTINE,2,10644,1,4173,102,69660,3997,US-EAST
3718,47454,13,CRITICAL,3,6860,1,2049,616,49879,2425,EU-WEST
3719,42794,11,CRITICAL,5,236940,5,3535,61,52884,10090,EU-WEST
3720,31632,8,ROUTINE,2,58650,3,4741,248,36721,5089,EU-CENTRAL
3721,33970,9,ROUTINE,1,57432,4,5421,238,48060,14090,EU-WEST
3722,40009,11,ROUTINE,3,41186,3,5324,173,53177,13168,EU-WEST
3723,46495,12,ROUTINE,2,7625,1,2116,238,53699,7204,US-EAST
3724,25067,6,CRITICAL,5,196050,7,6739,112,33839,8772,EU-CENTRAL
3725,69029,19,CRITICAL,3,23577,2,3197,1082,72111,3082,US-EAST
3726,82582,22,CRITICAL,5,52477,3,3692,1315,86816,4234,EU-CENTRAL
3727,84993,23,ROUTINE,1,35752,1,3946,6,93415,8422,US-EAST
3728,30797,8,ROUTINE,3,163965,7,5436,219,45239,14442,EU-WEST
3729,36665,10,CRITICAL,4,46398,3,2291,1144,41235,4570,EU-CENTRAL
3730,84180,23,ROUTINE,1,27060,1,2203,164,89098,4918,EU-WEST
3731,37996,10,ROUTINE,3,30500,2,3586,247,48200,10204,US-EAST
3732,70788,19,ROUTINE,2,118098,4,4653,405,84926,14138,EU-WEST
3733,59875,16,ROUTINE,1,112902,3,2748,1632,65681,5806,EU-WEST
3734,38562,10,CRITICAL,5,446871,7,6623,28,46338,7776,EU-CENTRAL
3735,62532,17,ROUTINE,2,105015,3,2798,43,71537,9005,US-EAST
3736,58914,16,ROUTINE,3,455148,5,4095,125,75102,16188,EU-CENTRAL
3737,25024,6,ROUTINE,3,48336,3,3566,270,32587,7563,US-EAST
3738,73803,20,ROUTINE,2,40251,2,2531,124,89510,15707,EU-WEST
3739,34867,9,ROUTINE,1,418289,8,6657,208,50765,15898,US-EAST
3740,60502,16,CRITICAL,4,172006,6,6124,1471,66609,6107,US-EAST
3741,60408,16,ROUTINE,2,56855,3,5340,417,76932,16524,US-EAST
3742,42899,11,ROUTINE,3,232689,6,5087,90,63809,20910,EU-WEST
3743,45560,12,CRITICAL,3,167845,7,6396,260,50936,5376,EU-CENTRAL
3744,48020,13,CRITICAL,5,34391,1,1815,43,53241,5221,EU-WEST
3745,72995,20,ROUTINE,2,177042,4,4554,292,84326,11331,US-EAST
3746,28053,7,ROUTINE,1,42138,2,2620,103,35553,7500,EU-CENTRAL
3747,61241,17,CRITICAL,5,219997,7,6769,300,67364,6123,EU-WEST
3748,46465,12,ROUTINE,1,41315,2,2267,229,62663,16198,EU-CENTRAL
3749,48281,13,ROUTINE,3,15648,2,2057,183,52191,3910,EU-CENTRAL
3750,30220,8,ROUTINE,2,189505,4,2852,1093,39307,9087,EU-CENTRAL
3751,48862,13,CRITICAL,4,240790,6,4200,20,58394,9532,EU-CENTRAL
3752,26298,7,ROUTINE,1,10792,2,1893,1718,32037,5739,EU-WEST
3753,72769,20,ROUTINE,3,49132,4,4297,33,81039,8270,EU-CENTRAL
3754,78347,21,CRITICAL,4,544098,6,6275,1361,87455,9108,EU-WEST
3755,30478,8,ROUTINE,1,7088,2,1984,169,42985,12507,EU-CENTRAL
3756,74239,20,ROUTINE,1,242566,5,6308,278,88719,14480,US-EAST
3757,29793,8,ROUTINE,2,47909,4,5043,32,44328,14535,EU-WEST
3758,28701,7,ROUTINE,2,173553,7,4472,265,44097,15396,EU-CENTRAL
3759,79720,22,CRITICAL,5,546493,4,4642,83,89384,9664,US-EAST
3760,75326,20,ROUTINE,2,392524,7,6196,17,87925,12599,EU-CENTRAL
3761,32635,9,ROUTINE,2,45110,2,3346,1492,43636,11001,US-EAST
3762,57272,15,ROUTINE,2,195932,4,5714,729,69322,12050,EU-CENTRAL
3763,58538,16,ROUTINE,3,57727,2,3716,45,65522,6984,EU-WEST
3764,76735,21,CRITICAL,3,42970,4,4114,217,82168,5433,EU-WEST
3765,50531,14,CRITICAL,3,218939,4,5213,275,60442,9911,EU-WEST
3766,72878,20,ROUTINE,3,127588,2,4168,266,91239,18361,US-EAST
3767,33721,9,CRITICAL,3,162495,4,4644,84,39128,5407,EU-CENTRAL
3768,43868,12,CRITICAL,3,7151,1,2722,1555,46996,3128,US-EAST
3769,85604,23,ROUTINE,1,26496,2,4090,205,98467,12863,US-EAST
3770,46463,12,CRITICAL,3,373663,7,5464,1881,58229,11766,US-EAST
3771,53639,14,ROUTINE,3,124217,2,3427,688,71831,18192,EU-WEST
3772,22420,6,ROUTINE,2,121543,4,2401,44,29470,7050,EU-CENTRAL
3773,64245,17,ROUTINE,3,533869,5,5215,20,73751,9506,EU-WEST
3774,30602,8,ROUTINE,2,237769,7,6918,148,44992,14390,US-EAST
3775,43562,12,ROUTINE,1,242917,8,7452,936,53867,10305,EU-WEST
3776,42169,11,ROUTINE,2,18028,1,2410,964,57882,15713,EU-WEST
3777,48014,13,ROUTINE,1,36597,1,2295,40,54768,6754,EU-WEST
3778,43661,12,CRITICAL,4,148876,2,3637,127,49275,5614,US-EAST
3779,79071,21,ROUTINE,3,24204,1,2120,288,82261,3190,US-EAST
3780,53833,14,ROUTINE,2,16846,2,4502,86,60240,6407,EU-CENTRAL
3781,65362,18,ROUTINE,1,95175,2,4489,141,75687,10325,US-EAST
3782,39491,10,ROUTINE,2,35370,1,1235,107,49190,9699,US-EAST
3783,33883,9,ROUTINE,3,61417,3,3992,566,41520,7637,EU-CENTRAL
3784,53858,14,ROUTINE,2,61967,2,2080,278,67749,13891,US-EAST
3785,36541,10,ROUTINE,3,91525,4,3427,194,49754,13213,EU-WEST
3786,75459,20,ROUTINE,1,156961,5,5523,559,83505,8046,EU-CENTRAL
3787,83822,23,ROUTINE,2,219787,8,6645,92,92201,8379,EU-WEST
3788,41305,11,CRITICAL,4,228899,7,4313,249,48099,6794,EU-WEST
3789,44261,12,CRITICAL,3,498148,8,5838,111,52509,8248,EU-WEST
3790,47273,13,ROUTINE,2,59830,3,2603,1321,62491,15218,US-EAST
3791,79676,22,ROUTINE,1,8457,1,2246,107,86342,6666,US-EAST
3792,26590,7,ROUTINE,3,247390,4,3194,179,42817,16227,EU-WEST
3793,63518,17,CRITICAL,5,14107,2,2969,1652,65435,1917,EU-CENTRAL
3794,35504,9,CRITICAL,3,378304,4,4706,110,46479,10975,US-EAST
3795,70992,19,CRITICAL,4,162928,7,6456,287,78007,7015,US-EAST
3796,28278,7,ROUTINE,1,167806,8,5732,27,41634,13356,US-EAST
3797,31002,8,ROUTINE,3,229261,7,5627,137,45949,14947,EU-WEST
3798,84045,23,CRITICAL,3,12470,1,1606,1686,86146,2101,EU-CENTRAL
3799,42564,11,ROUTINE,2,509236,7,4915,55,56926,14362,EU-WEST
3800,53347,14,ROUTINE,3,20230,2,3217,1173,66237,12890,EU-WEST
3801,83617,23,ROUTINE,3,67491,3,2937,275,100547,16930,EU-WEST
3802,49333,13,ROUTINE,3,53492,2,4595,138,65970,16637,EU-CENTRAL
3803,42156,11,ROUTINE,2,57063,3,2013,173,50505,8349,EU-WEST
3804,42489,11,ROUTINE,1,395968,8,7616,261,54588,12099,US-EAST
3805,44809,12,ROUTINE,1,128661,4,3700,256,54480,9671,EU-CENTRAL
3806,62440,17,ROUTINE,2,22759,1,3655,148,69095,6655,US-EAST
3807,43129,11,ROUTINE,2,585412,4,5792,50,63179,20050,EU-WEST
3808,77784,21,ROUTINE,2,410111,8,5419,189,90803,13019,EU-CENTRAL
3809,67859,18,ROUTINE,3,592362,4,3121,225,81111,13252,US-EAST
3810,29303,8,ROUTINE,3,23553,2,2495,224,37972,8669,US-EAST
3811,48470,13,CRITICAL,4,18458,1,2209,136,50331,1861,US-EAST
3812,34438,9,ROUTINE,3,7846,2,4626,201,42906,8468,EU-WEST
3813,30226,8,CRITICAL,5,28563,1,2759,542,35201,4975,EU-CENTRAL
3814,36437,10,ROUTINE,1,250473,5,6120,166,55081,18644,US-EAST
3815,48940,13,ROUTINE,2,235791,8,6731,62,67228,18288,EU-WEST
3816,52810,14,CRITICAL,5,101344,2,1405,1721,57560,4750,EU-CENTRAL
3817,56370,15,ROUTINE,2,58546,4,5294,1590,66702,10332,EU-CENTRAL
3818,55348,15,CRITICAL,3,146483,3,2649,216,63348,8000,EU-WEST
3819,48069,13,ROUTINE,3,288007,5,4589,309,64645,16576,EU-WEST
3820,84930,23,ROUTINE,3,15635,1,806,193,99716,14786,US-EAST
3821,24872,6,CRITICAL,5,47572,4,3942,86,30012,5140,EU-WEST
3822,43085,11,CRITICAL,4,41253,4,5471,221,48882,5797,EU-WEST
3823,62234,17,ROUTINE,3,514896,4,3639,179,80462,18228,EU-WEST
3824,58694,16,CRITICAL,3,183648,8,7890,65,66960,8266,EU-WEST
3825,47975,13,CRITICAL,3,188816,6,3561,55,55632,7657,US-EAST
3826,22311,6,ROUTINE,2,21927,1,3093,120,34225,11914,US-EAST
3827,83103,23,ROUTINE,2,29451,2,2788,230,92011,8908,EU-WEST
3828,79932,22,ROUTINE,3,14724,1,2804,214,87845,7913,EU-WEST
3829,76582,21,ROUTINE,1,309138,5,5131,112,86982,10400,EU-WEST
3830,30850,8,ROUTINE,3,31053,1,2509,735,44707,13857,US-EAST
3831,48827,13,ROUTINE,1,35535,2,2422,216,54501,5674,EU-CENTRAL
3832,58335,16,ROUTINE,1,370669,7,4017,160,78351,20016,US-EAST
3833,47297,13,ROUTINE,1,52867,2,3721,199,51799,4502,EU-WEST
3834,83156,23,ROUTINE,3,306582,7,6028,16,100766,17610,EU-WEST
3835,47286,13,CRITICAL,3,38448,1,1126,1722,50718,3432,EU-WEST
3836,71728,19,CRITICAL,3,75764,2,4344,168,77782,6054,EU-WEST
3837,68856,19,ROUTINE,2,10441,1,2931,39,79412,10556,EU-CENTRAL
3838,71397,19,ROUTINE,3,45004,3,2363,220,83168,11771,EU-CENTRAL
3839,37225,10,ROUTINE,1,235229,4,3618,467,51833,14608,EU-CENTRAL
3840,75642,21,CRITICAL,5,80617,4,3986,291,79469,3827,EU-CENTRAL
3841,63039,17,CRITICAL,4,176695,4,2638,63,70379,7340,EU-CENTRAL
3842,41976,11,ROUTINE,2,160486,7,5510,293,59241,17265,US-EAST
3843,49063,13,ROUTINE,2,21251,1,3244,1559,55251,6188,US-EAST
3844,60980,16,ROUTINE,1,20265,1,2879,244,70920,9940,US-EAST
3845,35167,9,ROUTINE,2,31255,1,1819,115,44531,9364,EU-WEST
3846,58273,16,ROUTINE,2,261867,5,5634,255,67480,9207,EU-CENTRAL
3847,70856,19,ROUTINE,3,100484,2,2209,181,81364,10508,US-EAST
3848,42626,11,ROUTINE,1,199530,6,5132,279,53788,11162,US-EAST
3849,83901,23,ROUTINE,2,374752,6,5225,1518,95576,11675,EU-CENTRAL
3850,76972,21,ROUTINE,3,67889,4,3793,930,85736,8764,EU-CENTRAL
3851,51934,14,CRITICAL,3,88142,3,5123,231,55517,3583,US-EAST
3852,68350,18,ROUTINE,2,59802,4,2357,67,76886,8536,US-EAST
3853,51450,14,ROUTINE,3,592141,4,4593,300,64028,12578,EU-WEST
3854,81211,22,ROUTINE,2,179889,6,6597,300,93851,12640,EU-CENTRAL
3855,30399,8,CRITICAL,4,19294,1,2305,139,34976,4577,US-EAST
3856,79339,22,ROUTINE,3,89405,2,4003,121,92105,12766,EU-WEST
3857,51936,14,CRITICAL,4,42890,3,3809,151,54108,2172,US-EAST
3858,85706,23,CRITICAL,5,199161,5,5947,9,92409,6703,US-EAST
3859,32774,9,ROUTINE,3,219913,6,6869,12,44336,11562,EU-CENTRAL
3860,27414,7,ROUTINE,2,34122,1,2966,467,39123,11709,EU-WEST
3861,70162,19,ROUTINE,2,18269,1,2932,1080,83720,13558,EU-CENTRAL
3862,27144,7,ROUTINE,2,46010,3,4078,218,35178,8034,EU-WEST
3863,61511,17,ROUTINE,3,40759,2,4148,284,77668,16157,EU-CENTRAL
3864,57986,16,ROUTINE,2,14297,2,1409,194,67083,9097,EU-WEST
3865,79810,22,CRITICAL,5,8006,1,4275,44,82514,2704,EU-WEST
3866,69720,19,CRITICAL,4,149782,3,3027,297,74225,4505,EU-CENTRAL
3867,72038,20,ROUTINE,2,11824,1,4047,294,75944,3906,EU-WEST
3868,79927,22,CRITICAL,4,121120,4,4702,18,87404,7477,US-EAST
3869,56970,15,CRITICAL,4,23266,2,4748,216,59535,2565,US-EAST
3870,74680,20,CRITICAL,4,97872,3,2911,242,80736,6056,US-EAST
3871,60578,16,ROUTINE,2,44332,2,1602,223,74708,14130,US-EAST
3872,47643,13,ROUTINE,3,25566,2,1703,457,62816,15173,EU-CENTRAL
3873,27183,7,ROUTINE,2,23746,2,3124,46,33237,6054,EU-WEST
3874,69906,19,ROUTINE,1,29571,1,1191,43,86644,16738,US-EAST
3875,65054,18,ROUTINE,1,207510,6,3563,213,74749,9695,EU-CENTRAL
3876,47482,13,CRITICAL,3,14568,1,2627,72,51480,3998,EU-CENTRAL
3877,59893,16,CRITICAL,4,133663,4,5360,246,65538,5645,EU-CENTRAL
3878,49004,13,CRITICAL,3,7601,1,3686,29,49940,936,EU-CENTRAL
3879,65113,18,ROUTINE,3,30116,2,3424,1890,72134,7021,US-EAST
3880,84490,23,ROUTINE,3,36014,2,3866,1841,94801,10311,US-EAST
3881,49278,13,ROUTINE,2,56711,3,4897,1566,62309,13031,EU-WEST
3882,55478,15,ROUTINE,3,95738,3,2310,177,65669,10191,EU-WEST
3883,76846,21,CRITICAL,3,9235,1,4266,95,79309,2463,EU-WEST
3884,89628,24,CRITICAL,3,184477,8,6796,87,95563,5935,US-EAST
3885,29117,8,CRITICAL,4,14605,1,3847,256,32450,3333,EU-WEST
3886,27221,7,CRITICAL,5,48421,2,3181,114,30626,3405,US-EAST
3887,41314,11,CRITICAL,5,464845,5,5751,64,49813,8499,US-EAST
3888,60679,16,CRITICAL,3,38419,2,1712,56,65992,5313,EU-WEST
3889,41607,11,CRITICAL,4,519127,4,3676,1501,51779,10172,EU-CENTRAL
3890,42272,11,ROUTINE,3,72281,2,1591,235,55943,13671,EU-CENTRAL
3891,72217,20,CRITICAL,3,469611,6,4612,211,83809,11592,EU-WEST
3892,81720,22,ROUTINE,3,80862,3,2415,117,89805,8085,EU-CENTRAL
3893,51673,14,CRITICAL,3,27539,2,1916,283,53290,1617,EU-WEST
3894,54363,15,CRITICAL,4,57468,4,4524,108,57371,3008,US-EAST
3895,41752,11,CRITICAL,3,39390,1,3630,61,44845,3093,US-EAST
3896,82004,22,ROUTINE,3,49227,4,2649,34,90186,8182,EU-WEST
3897,28007,7,CRITICAL,3,77196,2,4513,176,31631,3624,US-EAST
3898,80813,22,CRITICAL,3,470094,7,5566,293,91052,10239,EU-WEST
3899,88167,24,ROUTINE,3,84341,3,2539,176,95260,7093,EU-CENTRAL
3900,51302,14,CRITICAL,3,41704,3,3525,91,55065,3763,US-EAST
3901,31139,8,ROUTINE,3,65695,3,4928,187,44794,13655,EU-CENTRAL
3902,35686,9,ROUTINE,1,468928,7,5685,1038,52791,17105,EU-CENTRAL
3903,65272,18,ROUTINE,2,34104,1,1791,211,76027,10755,EU-CENTRAL
3904,67862,18,ROUTINE,2,165664,5,3243,177,77229,9367,US-EAST
3905,42306,11,ROUTINE,2,20869,1,855,66,51552,9246,EU-CENTRAL
3906,55843,15,ROUTINE,3,17440,2,1596,271,62949,7106,EU-WEST
3907,73018,20,ROUTINE,2,191011,6,6100,136,81527,8509,EU-CENTRAL
3908,40895,11,ROUTINE,1,75421,2,2048,233,45601,4706,EU-WEST
3909,49017,13,ROUTINE,1,487481,5,4304,273,58805,9788,EU-WEST
3910,68527,19,ROUTINE,3,16408,2,3909,73,71677,3150,EU-WEST
3911,54621,15,ROUTINE,1,123472,3,2431,245,61234,6613,EU-CENTRAL
3912,75085,20,CRITICAL,3,133804,2,4797,36,82830,7745,EU-CENTRAL
3913,58094,16,ROUTINE,2,5165,1,2879,25,62339,4245,US-EAST
3914,38052,10,ROUTINE,2,16464,2,2983,16,44155,6103,US-EAST
3915,75644,21,CRITICAL,4,25876,2,2057,165,78694,3050,EU-CENTRAL
3916,54016,15,CRITICAL,3,41342,2,2558,152,59362,5346,US-EAST
3917,40417,11,ROUTINE,1,346062,7,4046,97,49835,9418,EU-WEST
3918,70520,19,ROUTINE,1,583413,7,6616,144,83285,12765,EU-WEST
3919,49420,13,ROUTINE,2,213061,4,4653,177,60146,10726,EU-CENTRAL
3920,64172,17,ROUTINE,3,62137,4,3826,1089,70762,6590,EU-CENTRAL
3921,72327,20,ROUTINE,2,190848,8,6278,263,87429,15102,EU-CENTRAL
3922,46145,12,CRITICAL,3,27903,1,2071,290,51323,5178,EU-CENTRAL
3923,59254,16,CRITICAL,3,7592,1,1557,457,62026,2772,EU-WEST
3924,69721,19,CRITICAL,3,567604,4,2889,291,78367,8646,EU-WEST
3925,40196,11,CRITICAL,4,42711,4,4347,162,44433,4237,EU-WEST
3926,40717,11,ROUTINE,3,15623,1,3300,101,43736,3019,US-EAST
3927,52608,14,ROUTINE,2,139429,4,5607,12,71661,19053,US-EAST
3928,85844,23,CRITICAL,3,180424,5,4557,1750,91977,6133,EU-WEST
3929,22586,6,ROUTINE,2,349759,4,4800,922,44274,21688,EU-WEST
3930,71295,19,ROUTINE,3,38720,2,2017,104,84018,12723,EU-CENTRAL
3931,63641,17,CRITICAL,3,92422,2,3276,162,69516,5875,EU-CENTRAL
3932,31899,8,CRITICAL,3,65482,2,3830,163,38239,6340,US-EAST
3933,70146,19,ROUTINE,2,548118,8,4533,1029,81941,11795,US-EAST
3934,77963,21,CRITICAL,4,352076,4,2808,335,89162,11199,EU-CENTRAL
3935,47189,13,CRITICAL,4,96869,3,4522,215,52947,5758,EU-CENTRAL
3936,77374,21,ROUTINE,2,226145,4,3785,235,98885,21511,EU-WEST
3937,66725,18,ROUTINE,3,9427,1,1479,1489,78501,11776,EU-WEST
3938,44802,12,ROUTINE,2,188262,5,4258,196,59070,14268,EU-CENTRAL
3939,88017,24,CRITICAL,3,227417,4,2681,288,96940,8923,EU-WEST
3940,66015,18,ROUTINE,1,88020,4,3311,195,81760,15745,EU-CENTRAL
3941,31119,8,ROUTINE,2,293050,6,3999,260,44718,13599,US-EAST
3942,31112,8,ROUTINE,2,196964,4,5546,7,50243,19131,US-EAST
3943,81736,22,ROUTINE,2,190388,8,5259,119,93714,11978,US-EAST
3944,22320,6,ROUTINE,2,192447,8,6480,58,40569,18249,EU-WEST
3945,35253,9,ROUTINE,2,168532,6,3443,1529,49738,14485,EU-CENTRAL
3946,26979,7,ROUTINE,1,30172,1,2243,249,40226,13247,EU-CENTRAL
3947,36057,10,CRITICAL,5,194450,7,7024,274,44663,8606,US-EAST
3948,50547,14,CRITICAL,5,395231,5,4097,192,60429,9882,US-EAST
3949,50859,14,ROUTINE,3,79469,3,3659,73,68236,17377,EU-WEST
3950,80707,22,ROUTINE,1,32952,1,2489,130,92006,11299,EU-WEST
3951,77849,21,ROUTINE,2,460996,4,2996,1594,87690,9841,EU-WEST
3952,34900,9,ROUTINE,1,20367,2,4747,291,46142,11242,US-EAST
3953,44412,12,CRITICAL,5,114096,4,5827,1767,49090,4678,EU-WEST
3954,74440,20,ROUTINE,2,5149,1,3857,59,82561,8121,EU-WEST
3955,35769,9,CRITICAL,3,249983,6,4004,52,42862,7093,EU-CENTRAL
3956,51824,14,ROUTINE,3,11058,2,3733,90,58755,6931,EU-CENTRAL
3957,47954,13,ROUTINE,3,345982,5,4775,255,61131,13177,US-EAST
3958,27863,7,ROUTINE,1,247295,7,7346,203,46631,18768,EU-WEST
3959,78082,21,ROUTINE,2,178194,5,3912,73,97320,19238,EU-CENTRAL
3960,42357,11,ROUTINE,1,211098,6,4561,1969,62067,19710,EU-WEST
3961,67366,18,ROUTINE,2,127154,2,1633,183,85987,18621,EU-WEST
3962,28571,7,ROUTINE,3,206295,5,3565,251,37665,9094,EU-WEST
3963,29749,8,ROUTINE,1,80402,4,5441,190,34632,4883,US-EAST
3964,64204,17,CRITICAL,3,45185,2,2528,167,66697,2493,EU-CENTRAL
3965,49132,13,ROUTINE,3,391033,5,4702,1681,61826,12694,US-EAST
3966,76308,21,ROUTINE,1,58178,4,5625,124,90600,14292,US-EAST
3967,64548,17,ROUTINE,3,220782,8,5195,39,77122,12574,EU-WEST
3968,64053,17,CRITICAL,4,197849,5,5241,339,70609,6556,EU-CENTRAL
3969,66765,18,CRITICAL,5,16466,1,1886,33,71328,4563,EU-WEST
3970,48436,13,CRITICAL,5,165140,8,7474,117,53340,4904,EU-CENTRAL
3971,50198,13,ROUTINE,2,107935,3,4263,261,59885,9687,US-EAST
3972,44930,12,ROUTINE,1,485834,5,5005,271,62887,17957,EU-WEST
3973,55819,15,ROUTINE,3,279499,8,7247,114,74181,18362,EU-WEST
3974,71898,19,ROUTINE,3,19380,1,830,141,87249,15351,EU-CENTRAL
3975,52919,14,ROUTINE,2,45680,4,5146,272,66132,13213,EU-WEST
3976,33748,9,ROUTINE,3,21648,2,2366,114,41387,7639,EU-CENTRAL
3977,72639,20,ROUTINE,3,10869,2,2753,83,87701,15062,EU-WEST
3978,42672,11,ROUTINE,2,57476,2,2038,28,49078,6406,EU-WEST
3979,40821,11,CRITICAL,3,13121,1,2029,1369,43254,2433,EU-WEST
3980,89138,24,ROUTINE,2,44321,2,4096,219,102157,13019,EU-CENTRAL
3981,47447,13,ROUTINE,1,25898,2,3776,1339,58032,10585,EU-WEST
3982,89277,24,ROUTINE,1,43523,2,2011,124,95604,6327,EU-CENTRAL
3983,83166,23,ROUTINE,1,188715,4,2394,280,101639,18473,US-EAST
3984,52896,14,CRITICAL,4,50793,2,4305,244,56865,3969,US-EAST
3985,68761,19,ROUTINE,3,581027,4,5209,45,91701,22940,EU-CENTRAL
3986,68069,18,ROUTINE,3,29019,2,4690,16,74662,6593,US-EAST
3987,46033,12,ROUTINE,3,146209,2,4519,278,54218,8185,US-EAST
3988,37416,10,ROUTINE,1,29684,1,3454,85,46272,8856,EU-CENTRAL
3989,64093,17,ROUTINE,2,41460,3,3829,108,77715,13622,EU-WEST
3990,42767,11,ROUTINE,1,457522,7,4134,94,54872,12105,EU-WEST
3991,29163,8,ROUTINE,1,115403,3,1938,97,34483,5320,EU-WEST
3992,77891,21,ROUTINE,1,51895,3,4115,86,83272,5381,EU-WEST
3993,52952,14,ROUTINE,3,213614,4,2496,129,67453,14501,EU-WEST
3994,73278,20,ROUTINE,1,173330,4,2735,27,83112,9834,EU-CENTRAL
3995,42541,11,ROUTINE,1,413546,8,5176,207,56497,13956,EU-CENTRAL
3996,64277,17,ROUTINE,1,28076,2,2046,13,70656,6379,EU-WEST
3997,68207,18,CRITICAL,5,445149,5,5137,210,78296,10089,US-EAST
3998,66964,18,ROUTINE,3,498037,7,4997,97,88025,21061,EU-CENTRAL
3999,28956,8,CRITICAL,3,5262,1,4324,24,29898,942,EU-WEST
4000,52439,14,ROUTINE,2,12448,2,4351,186,59988,7549,US-EAST
4001,50214,13,CRITICAL,3,595455,7,6645,64,60081,9867,EU-CENTRAL
4002,73699,20,ROUTINE,2,115951,3,3629,625,89853,16154,US-EAST
4003,26038,7,ROUTINE,1,26248,1,3189,56,34236,8198,US-EAST
4004,22582,6,ROUTINE,2,9411,2,2977,50,35113,12531,EU-WEST
4005,31446,8,ROUTINE,2,146343,4,4665,166,37779,6333,EU-CENTRAL
4006,57976,16,ROUTINE,2,45130,2,2459,108,65662,7686,US-EAST
4007,71329,19,ROUTINE,1,8825,1,2043,1490,85803,14474,US-EAST
4008,45188,12,ROUTINE,2,99378,3,3927,1796,61545,16357,EU-CENTRAL
4009,84814,23,ROUTINE,1,59231,2,4621,321,97942,13128,US-EAST
4010,45417,12,ROUTINE,1,13503,2,4454,187,60103,14686,US-EAST
4011,70921,19,CRITICAL,3,324981,4,3121,254,81783,10862,EU-CENTRAL
4012,52474,14,ROUTINE,2,176545,7,4788,1982,69172,16698,EU-WEST
4013,44299,12,ROUTINE,1,588342,5,5568,180,55618,11319,US-EAST
4014,34187,9,CRITICAL,3,212747,6,3657,289,43443,9256,EU-CENTRAL
4015,25933,7,ROUTINE,3,69024,4,3946,1792,34125,8192,EU-WEST
4016,84481,23,ROUTINE,2,522768,6,4981,603,93958,9477,EU-WEST
4017,29913,8,ROUTINE,1,35953,1,3877,480,39921,10008,EU-CENTRAL
4018,83418,23,ROUTINE,3,245057,6,6447,285,103086,19668,EU-CENTRAL
4019,84192,23,ROUTINE,1,22894,2,3046,200,98542,14350,EU-WEST
4020,49967,13,CRITICAL,3,12199,1,1117,75,50997,1030,US-EAST
4021,55656,15,ROUTINE,1,50994,2,2581,355,66488,10832,EU-WEST
4022,24039,6,ROUTINE,3,163646,4,2606,201,34857,10818,US-EAST
4023,64087,17,ROUTINE,2,47538,2,2950,110,73824,9737,EU-WEST
4024,41874,11,CRITICAL,3,523092,5,3822,105,50054,8180,US-EAST
4025,61217,17,ROUTINE,3,157063,8,7109,124,73503,12286,EU-CENTRAL
4026,80212,22,ROUTINE,3,18511,2,2034,121,90074,9862,US-EAST
4027,54007,15,ROUTINE,2,93427,3,3320,76,65410,11403,US-EAST
4028,70390,19,ROUTINE,3,42975,2,4742,15,76916,6526,US-EAST
4029,30976,8,ROUTINE,3,166756,5,6315,270,38171,7195,EU-CENTRAL
4030,79473,22,ROUTINE,1,39271,1,3496,294,89496,10023,US-EAST
4031,25892,7,ROUTINE,3,474632,4,3900,228,41945,16053,US-EAST
4032,65609,18,ROUTINE,1,73420,4,3342,78,73907,8298,EU-CENTRAL
4033,78827,21,CRITICAL,3,218593,6,4934,27,87824,8997,EU-WEST
4034,86027,23,ROUTINE,2,34831,2,2759,35,95162,9135,EU-WEST
4035,49376,13,ROUTINE,3,369349,6,6817,80,70540,21164,EU-WEST
4036,25159,6,CRITICAL,4,151572,7,4741,1652,33445,8286,US-EAST
4037,84891,23,ROUTINE,3,28024,1,1579,174,89721,4830,EU-CENTRAL
4038,61043,16,CRITICAL,3,44864,2,2944,74,66761,5718,EU-WEST
4039,77759,21,ROUTINE,3,7255,1,2102,121,86592,8833,US-EAST
4040,31808,8,ROUTINE,1,171732,4,4727,232,41663,9855,EU-WEST
4041,38676,10,ROUTINE,1,46014,4,3602,211,55078,16402,US-EAST
4042,43592,12,ROUTINE,2,149768,2,1976,108,54083,10491,EU-CENTRAL
4043,68137,18,CRITICAL,3,364253,7,5945,767,77456,9319,US-EAST
4044,23824,6,ROUTINE,3,59024,2,1673,275,36839,13015,EU-WEST
4045,28975,8,ROUTINE,3,54036,4,4891,275,43081,14106,EU-WEST
4046,84016,23,ROUTINE,2,440011,4,4166,172,97515,13499,EU-CENTRAL
4047,32617,9,ROUTINE,2,47674,2,3525,170,38616,5999,EU-WEST
4048,88080,24,ROUTINE,3,141042,2,2249,277,102653,14573,EU-WEST
4049,34243,9,ROUTINE,1,221536,6,3986,265,53619,19376,EU-WEST
4050,85411,23,CRITICAL,3,177397,5,6236,209,93372,7961,EU-WEST
4051,75908,21,ROUTINE,1,22346,2,4613,160,88116,12208,US-EAST
4052,31267,8,ROUTINE,3,82257,4,5169,1133,44763,13496,EU-WEST
4053,29957,8,CRITICAL,5,134420,3,4767,77,37037,7080,EU-WEST
4054,79103,21,ROUTINE,1,10197,2,1915,81,83228,4125,US-EAST
4055,32629,9,CRITICAL,5,249509,7,5386,1826,41374,8745,US-EAST
4056,45396,12,CRITICAL,5,329551,8,7313,90,55391,9995,US-EAST
4057,45694,12,ROUTINE,1,137367,3,3784,244,58921,13227,EU-WEST
4058,59963,16,CRITICAL,4,532131,5,4848,242,68681,8718,EU-WEST
4059,87254,24,ROUTINE,1,57594,3,2960,281,104603,17349,EU-CENTRAL
4060,35641,9,ROUTINE,2,10600,1,1016,199,49068,13427,US-EAST
4061,83486,23,ROUTINE,2,10505,1,2754,99,92988,9502,US-EAST
4062,29470,8,ROUTINE,3,5062,2,4139,107,43951,14481,EU-CENTRAL
4063,58211,16,ROUTINE,3,241281,6,4376,114,72010,13799,EU-CENTRAL
4064,81173,22,ROUTINE,3,245614,8,7818,274,93373,12200,EU-WEST
4065,51435,14,CRITICAL,3,316796,6,4689,768,63119,11684,US-EAST
4066,79153,21,ROUTINE,2,125573,3,3103,287,87265,8112,EU-WEST
4067,71683,19,ROUTINE,2,35035,1,1345,72,82747,11064,EU-WEST
4068,42946,11,ROUTINE,2,44717,4,5331,1966,48085,5139,EU-WEST
4069,38684,10,CRITICAL,4,141752,2,3142,201,42895,4211,EU-CENTRAL
4070,30874,8,ROUTINE,3,216285,5,2992,263,47965,17091,EU-WEST
4071,60912,16,ROUTINE,3,149244,2,3622,37,79233,18321,US-EAST
4072,41205,11,ROUTINE,2,280814,5,4599,84,53611,12406,EU-WEST
4073,42481,11,ROUTINE,1,20019,2,2000,52,53823,11342,US-EAST
4074,39057,10,ROUTINE,3,241263,8,5200,255,50440,11383,EU-WEST
4075,37531,10,CRITICAL,3,158990,7,4414,113,44488,6957,US-EAST
4076,83689,23,CRITICAL,3,56649,4,5077,125,88589,4900,US-EAST
4077,58890,16,CRITICAL,3,449687,8,4813,71,68563,9673,EU-WEST
4078,46474,12,ROUTINE,3,204456,5,4754,187,64347,17873,EU-WEST
4079,62859,17,CRITICAL,3,13717,1,3824,109,66139,3280,US-EAST
4080,41875,11,ROUTINE,1,10684,1,3563,255,49776,7901,US-EAST
4081,77273,21,CRITICAL,3,97106,4,3717,145,82710,5437,US-EAST
4082,37618,10,ROUTINE,1,239574,5,3068,179,47375,9757,US-EAST
4083,73213,20,ROUTINE,3,134846,3,2124,1285,85238,12025,EU-CENTRAL
4084,74526,20,CRITICAL,4,487588,8,4875,514,83342,8816,EU-CENTRAL
4085,82275,22,ROUTINE,3,203149,4,3310,186,101440,19165,EU-CENTRAL
4086,40007,11,ROUTINE,3,34848,2,1971,20,49144,9137,EU-CENTRAL
4087,67589,18,ROUTINE,2,77242,2,2920,75,81492,13903,EU-WEST
4088,34052,9,ROUTINE,1,31238,1,2513,213,38661,4609,EU-WEST
4089,22832,6,ROUTINE,3,84492,3,4383,116,29458,6626,EU-CENTRAL
4090,81122,22,CRITICAL,3,466777,4,5826,1130,90075,8953,US-EAST
4091,54476,15,ROUTINE,3,37304,1,2874,295,65204,10728,US-EAST
4092,40535,11,ROUTINE,2,57722,2,2863,231,51514,10979,EU-CENTRAL
4093,68178,18,CRITICAL,5,24125,1,1085,128,70662,2484,EU-CENTRAL
4094,87745,24,ROUTINE,2,28460,1,2210,1369,96368,8623,EU-CENTRAL
4095,61945,17,ROUTINE,2,390732,5,2908,154,73097,11152,US-EAST
4096,58619,16,CRITICAL,3,589487,7,3959,25,67116,8497,EU-CENTRAL
4097,23007,6,CRITICAL,4,145266,2,1476,453,29729,6722,US-EAST
4098,24838,6,ROUTINE,3,140281,3,2618,86,40129,15291,US-EAST
4099,49427,13,CRITICAL,4,39378,1,3816,787,55179,5752,EU-WEST
4100,65308,18,ROUTINE,1,24018,2,3840,167,81499,16191,EU-WEST
4101,71523,19,CRITICAL,3,47033,2,4224,268,76288,4765,US-EAST
4102,78115,21,CRITICAL,4,184930,7,4411,246,87347,9232,EU-WEST
4103,50085,13,ROUTINE,2,393036,5,2895,186,62379,12294,US-EAST
4104,53490,14,ROUTINE,1,121988,2,2634,153,62435,8945,EU-WEST
4105,43374,12,ROUTINE,3,40678,2,2785,273,50612,7238,US-EAST
4106,80739,22,ROUTINE,1,69726,2,3186,1803,96316,15577,EU-WEST
4107,56667,15,ROUTINE,1,32235,1,2769,98,68822,12155,EU-CENTRAL
4108,25537,7,ROUTINE,3,591287,8,6725,237,35018,9481,EU-CENTRAL
4109,76234,21,ROUTINE,2,15500,2,1741,117,85931,9697,EU-CENTRAL
4110,46534,12,ROUTINE,1,25186,2,2716,296,49741,3207,US-EAST
4111,82343,22,ROUTINE,3,436945,5,4636,58,101769,19426,US-EAST
4112,31393,8,CRITICAL,5,28779,1,2697,109,35537,4144,US-EAST
4113,30609,8,ROUTINE,1,24034,1,4041,153,39365,8756,US-EAST
4114,82762,22,ROUTINE,3,149207,4,5813,864,92587,9825,EU-WEST
4115,48536,13,ROUTINE,3,8865,1,2448,309,64615,16079,EU-WEST
4116,46510,12,ROUTINE,2,201055,5,4583,141,57929,11419,EU-CENTRAL
4117,63752,17,CRITICAL,4,55454,4,5047,56,66699,2947,EU-WEST
4118,59222,16,ROUTINE,3,515378,4,2584,154,79026,19804,EU-WEST
4119,56735,15,ROUTINE,1,34595,2,3872,118,71353,14618,EU-WEST
4120,77743,21,ROUTINE,1,28285,1,4211,18,87360,9617,US-EAST
4121,67246,18,CRITICAL,3,115068,3,4753,590,73781,6535,EU-WEST
4122,85351,23,CRITICAL,4,13205,2,3738,139,87142,1791,US-EAST
4123,66314,18,ROUTINE,3,162790,6,3337,1073,83691,17377,US-EAST
4124,29087,8,CRITICAL,4,22451,2,3535,1294,33127,4040,US-EAST
4125,49857,13,CRITICAL,3,131436,3,5300,38,56755,6898,EU-CENTRAL
4126,31290,8,ROUTINE,2,110472,2,3861,1238,38979,7689,EU-WEST
4127,50672,14,ROUTINE,2,45833,4,3062,561,62903,12231,EU-CENTRAL
4128,30799,8,ROUTINE,3,58421,3,2711,363,38722,7923,US-EAST
4129,85130,23,ROUTINE,3,13092,2,2588,126,99922,14792,EU-WEST
4130,85538,23,ROUTINE,2,103414,4,4254,1121,93475,7937,EU-WEST
4131,38290,10,CRITICAL,4,17082,1,886,183,42911,4621,EU-WEST
4132,38698,10,ROUTINE,1,48303,2,2213,88,49082,10384,EU-WEST
4133,44571,12,ROUTINE,1,37433,2,1511,629,52950,8379,EU-CENTRAL
4134,34376,9,ROUTINE,2,39022,2,3917,1651,42334,7958,US-EAST
4135,30136,8,ROUTINE,3,533366,6,5132,1893,41503,11367,EU-WEST
4136,43510,12,ROUTINE,1,151248,7,4282,184,54283,10773,EU-CENTRAL
4137,85735,23,ROUTINE,2,243863,8,5562,123,96230,10495,EU-WEST
4138,49788,13,ROUTINE,3,157714,5,3211,181,68947,19159,EU-WEST
4139,30822,8,ROUTINE,1,105538,3,5314,219,42787,11965,US-EAST
4140,40741,11,ROUTINE,1,95266,4,3209,1906,50127,9386,EU-CENTRAL
4141,75711,21,ROUTINE,2,31878,1,2013,83,90471,14760,EU-CENTRAL
4142,56294,15,ROUTINE,2,56437,2,2217,297,72659,16365,EU-WEST
4143,75869,21,ROUTINE,2,135234,4,5056,146,92468,16599,EU-WEST
4144,39869,11,CRITICAL,3,30594,1,958,73,42879,3010,US-EAST
4145,65039,18,ROUTINE,3,38688,1,1880,111,81418,16379,EU-WEST
4146,57164,15,ROUTINE,3,12431,2,3426,63,68969,11805,EU-WEST
4147,84619,23,ROUTINE,3,268933,4,5090,1838,99476,14857,EU-WEST
4148,47904,13,CRITICAL,3,181937,7,5283,164,54529,6625,EU-WEST
4149,35086,9,CRITICAL,3,416309,4,2672,1971,44478,9392,EU-CENTRAL
4150,45932,12,ROUTINE,1,541361,6,5913,105,67105,21173,EU-CENTRAL
4151,50312,13,ROUTINE,1,484167,6,6101,138,59986,9674,EU-CENTRAL
4152,30025,8,ROUTINE,3,45737,3,2511,281,36107,6082,EU-CENTRAL
4153,64591,17,ROUTINE,1,51060,4,3693,479,76083,11492,EU-CENTRAL
4154,35419,9,ROUTINE,1,23388,1,4133,25,50404,14985,EU-CENTRAL
4155,33986,9,ROUTINE,1,5232,1,2210,195,36821,2835,EU-CENTRAL
4156,32603,9,ROUTINE,3,47230,2,2382,1297,40053,7450,EU-CENTRAL
4157,61171,16,ROUTINE,1,587056,5,4225,159,78406,17235,EU-WEST
4158,30395,8,ROUTINE,2,22425,1,1714,46,41143,10748,EU-WEST
4159,71197,19,ROUTINE,3,537388,8,5840,537,83787,12590,US-EAST
4160,67211,18,ROUTINE,2,162785,4,2918,200,80261,13050,US-EAST
4161,40524,11,ROUTINE,2,366876,6,3467,175,56275,15751,US-EAST
4162,63281,17,ROUTINE,3,51003,2,2787,908,68460,5179,EU-CENTRAL
4163,73612,20,ROUTINE,2,5724,1,2421,224,79483,5871,EU-WEST
4164,45815,12,ROUTINE,1,58038,2,4379,166,55778,9963,EU-CENTRAL
4165,51291,14,ROUTINE,1,511977,6,4223,23,73343,22052,EU-WEST
4166,47674,13,CRITICAL,3,458240,6,3394,155,58377,10703,US-EAST
4167,46991,13,ROUTINE,2,298766,8,7063,293,61705,14714,EU-CENTRAL
4168,64055,17,CRITICAL,3,127843,2,3554,245,70572,6517,US-EAST
4169,78978,21,ROUTINE,2,114205,3,4070,123,85437,6459,EU-CENTRAL
4170,28677,7,ROUTINE,2,44492,2,4846,217,39442,10765,US-EAST
4171,63188,17,ROUTINE,2,9498,2,1969,13,75226,12038,EU-CENTRAL
4172,28232,7,CRITICAL,4,206538,6,3757,280,36297,8065,US-EAST
4173,81770,22,ROUTINE,1,56209,4,5727,312,87752,5982,US-EAST
4174,43079,11,CRITICAL,3,50432,2,3122,238,46299,3220,EU-WEST
4175,51608,14,CRITICAL,5,191182,4,3794,174,57239,5631,US-EAST
4176,62094,17,ROUTINE,1,104529,2,3178,33,75870,13776,EU-WEST
4177,84331,23,CRITICAL,3,230433,8,4957,225,91993,7662,US-EAST
4178,29830,8,ROUTINE,2,85533,2,1516,83,42383,12553,EU-CENTRAL
4179,58898,16,CRITICAL,3,7804,1,3046,216,62013,3115,EU-WEST
4180,36577,10,ROUTINE,3,94599,4,3404,244,42060,5483,US-EAST
4181,59102,16,ROUTINE,3,34087,1,4112,1216,72743,13641,US-EAST
4182,69324,19,ROUTINE,1,148665,4,3857,25,87655,18331,EU-CENTRAL
4183,63720,17,ROUTINE,1,160367,7,5543,1381,74667,10947,US-EAST
4184,72778,20,CRITICAL,5,64125,4,4342,237,75992,3214,EU-CENTRAL
4185,22346,6,ROUTINE,2,56616,3,2447,188,39603,17257,EU-CENTRAL
4186,36552,10,ROUTINE,2,243504,4,4585,107,51089,14537,EU-WEST
4187,75197,20,ROUTINE,1,223243,5,3858,84,87052,11855,US-EAST
4188,43773,12,ROUTINE,2,177245,7,4721,1525,50757,6984,US-EAST
4189,29619,8,ROUTINE,2,528317,8,6456,155,46754,17135,EU-CENTRAL
4190,31244,8,CRITICAL,5,123908,3,3837,1982,38640,7396,EU-WEST
4191,52467,14,ROUTINE,1,269696,6,4617,209,67150,14683,EU-WEST
4192,31530,8,ROUTINE,2,5614,1,4325,518,45428,13898,EU-CENTRAL
4193,34540,9,ROUTINE,2,108936,4,3332,9,44315,9775,EU-WEST
4194,48894,13,CRITICAL,4,31300,2,4711,75,53418,4524,EU-WEST
4195,30655,8,ROUTINE,2,23270,2,2646,1033,34702,4047,US-EAST
4196,82447,22,ROUTINE,3,21928,2,3067,220,94926,12479,EU-WEST
4197,45360,12,ROUTINE,3,92227,4,2766,233,57783,12423,EU-WEST
4198,78147,21,CRITICAL,3,561195,5,3528,192,89604,11457,US-EAST
4199,39584,10,ROUTINE,3,154945,7,6850,608,59255,19671,US-EAST
4200,65573,18,ROUTINE,3,7551,1,1612,18,69881,4308,EU-WEST
4201,80465,22,CRITICAL,5,5682,2,2259,1149,85341,4876,US-EAST
4202,72258,20,CRITICAL,4,77841,3,2274,34,77437,5179,EU-CENTRAL
4203,74154,20,ROUTINE,1,229627,4,3714,202,90727,16573,EU-WEST
4204,76554,21,ROUTINE,2,13042,1,2042,83,91527,14973,EU-CENTRAL
4205,50822,14,CRITICAL,3,30484,1,1742,204,53179,2357,US-EAST
4206,24143,6,ROUTINE,2,22119,2,3817,445,27309,3166,US-EAST
4207,80347,22,ROUTINE,3,28773,1,1277,275,93366,13019,EU-WEST
4208,51130,14,ROUTINE,2,141724,2,1364,183,66552,15422,US-EAST
4209,79392,22,ROUTINE,3,28618,2,2380,34,83276,3884,US-EAST
4210,46350,12,CRITICAL,3,107951,4,5550,195,52017,5667,EU-WEST
4211,46478,12,ROUTINE,1,147098,4,3871,96,55913,9435,EU-CENTRAL
4212,85919,23,CRITICAL,3,49754,3,2689,691,87996,2077,US-EAST
4213,71849,19,ROUTINE,2,45165,2,3203,286,86316,14467,EU-CENTRAL
4214,43427,12,ROUTINE,1,178638,7,7101,262,62731,19304,US-EAST
4215,40424,11,CRITICAL,5,336344,8,7162,136,51800,11376,EU-CENTRAL
4216,76844,21,ROUTINE,3,219757,7,5220,108,93759,16915,US-EAST
4217,46439,12,CRITICAL,4,225285,6,3515,200,54958,8519,EU-WEST
4218,67119,18,CRITICAL,5,240515,7,5862,1926,74042,6923,EU-WEST
4219,75445,20,ROUTINE,3,33266,2,1306,285,90156,14711,EU-WEST
4220,28487,7,CRITICAL,5,20578,1,3422,268,33783,5296,EU-WEST
4221,48008,13,ROUTINE,1,41264,2,3889,122,54881,6873,US-EAST
4222,30481,8,CRITICAL,4,473485,8,7482,245,41650,11169,EU-WEST
4223,65044,18,ROUTINE,1,64117,2,2811,87,82618,17574,US-EAST
4224,37474,10,ROUTINE,2,26576,1,3166,215,49270,11796,EU-WEST
4225,27387,7,ROUTINE,3,215367,5,5929,200,40472,13085,EU-CENTRAL
4226,28572,7,CRITICAL,3,108962,2,3623,124,35472,6900,EU-WEST
4227,78122,21,CRITICAL,3,35090,1,2772,148,83153,5031,US-EAST
4228,56297,15,ROUTINE,2,142786,2,4400,68,75675,19378,EU-CENTRAL
4229,87805,24,ROUTINE,3,37308,2,4110,1420,100656,12851,US-EAST
4230,50495,14,ROUTINE,2,136426,4,2304,186,58667,8172,EU-WEST
4231,70496,19,ROUTINE,3,181348,8,5775,292,90630,20134,EU-WEST
4232,42740,11,ROUTINE,1,448908,7,5435,77,60220,17480,EU-WEST
4233,54131,15,ROUTINE,2,92697,3,3768,966,60759,6628,US-EAST
4234,24838,6,ROUTINE,1,38129,2,1886,28,30242,5404,EU-WEST
4235,73382,20,CRITICAL,4,91160,4,4305,134,77082,3700,US-EAST
4236,81826,22,CRITICAL,4,533284,6,6517,124,92018,10192,EU-WEST
4237,85950,23,ROUTINE,3,87261,3,2280,285,94378,8428,EU-WEST
4238,81182,22,CRITICAL,4,503923,4,3879,1314,89568,8386,EU-WEST
4239,62978,17,ROUTINE,2,6474,1,1249,242,72110,9132,EU-CENTRAL
4240,29929,8,ROUTINE,1,46425,4,3616,1582,36121,6192,EU-WEST
4241,53466,14,CRITICAL,3,55582,2,2423,195,56856,3390,US-EAST
4242,82117,22,ROUTINE,3,57319,4,5193,251,95403,13286,EU-WEST
4243,25920,7,ROUTINE,2,173988,6,6269,98,43332,17412,US-EAST
4244,47404,13,ROUTINE,2,195398,8,6242,57,55254,7850,EU-WEST
4245,41276,11,ROUTINE,2,10494,1,1468,39,53327,12051,US-EAST
4246,78882,21,CRITICAL,4,9586,2,2547,27,80399,1517,US-EAST
4247,52705,14,ROUTINE,1,24801,1,2493,805,59737,7032,EU-CENTRAL
4248,83682,23,ROUTINE,1,492339,7,6129,137,102336,18654,EU-WEST
4249,77509,21,ROUTINE,3,206772,8,7073,169,86320,8811,US-EAST
4250,45303,12,ROUTINE,3,178978,5,4415,196,59071,13768,EU-CENTRAL
4251,26611,7,ROUTINE,3,25613,1,3175,237,30328,3717,US-EAST
4252,69972,19,CRITICAL,5,57886,3,3089,19,74808,4836,EU-WEST
4253,65818,18,ROUTINE,3,26951,1,2906,22,73817,7999,US-EAST
4254,53236,14,ROUTINE,3,567175,8,7592,101,75643,22407,EU-CENTRAL
4255,49640,13,ROUTINE,1,180153,6,5566,961,68833,19193,US-EAST
4256,48950,13,CRITICAL,3,25829,1,2419,189,51826,2876,EU-CENTRAL
4257,27817,7,ROUTINE,3,275995,8,7635,1082,40632,12815,US-EAST
4258,42599,11,ROUTINE,3,58963,4,4084,105,57264,14665,US-EAST
4259,38262,10,ROUTINE,1,25904,2,3016,242,43334,5072,US-EAST
4260,53913,14,ROUTINE,3,23830,2,3652,151,61387,7474,EU-CENTRAL
4261,30581,8,ROUTINE,3,8705,2,3783,93,40297,9716,US-EAST
4262,44780,12,ROUTINE,2,12823,2,4752,276,53738,8958,EU-WEST
4263,29092,8,ROUTINE,3,28127,1,4134,852,39554,10462,US-EAST
4264,51218,14,ROUTINE,3,156405,5,5834,765,65870,14652,US-EAST
4265,45337,12,CRITICAL,5,147253,2,3541,471,50312,4975,EU-WEST
4266,48081,13,ROUTINE,1,11163,2,2825,75,54027,5946,EU-WEST
4267,40896,11,ROUTINE,3,292600,7,3921,206,60450,19554,EU-CENTRAL
4268,22423,6,CRITICAL,5,157218,8,7060,142,29628,7205,EU-WEST
4269,53880,14,CRITICAL,4,11224,1,3725,15,55668,1788,EU-WEST
4270,47198,13,ROUTINE,3,56481,2,2671,41,62502,15304,EU-CENTRAL
4271,66340,18,ROUTINE,1,101291,3,4746,100,78706,12366,US-EAST
4272,38902,10,ROUTINE,3,26150,1,829,195,49735,10833,US-EAST
4273,70096,19,ROUTINE,2,394471,4,4486,255,80873,10777,US-EAST
4274,38143,10,ROUTINE,2,61734,3,5228,681,47592,9449,US-EAST
4275,59753,16,ROUTINE,1,71538,3,4865,49,69927,10174,EU-WEST
4276,40878,11,ROUTINE,2,408235,8,7829,197,50325,9447,EU-WEST
4277,83615,23,ROUTINE,3,31025,1,1475,180,93110,9495,US-EAST
4278,38305,10,ROUTINE,2,21718,1,2306,297,46404,8099,EU-WEST
4279,48815,13,ROUTINE,3,377693,4,5620,74,67651,18836,EU-WEST
4280,87225,24,CRITICAL,5,262030,8,6364,136,95238,8013,US-EAST
4281,37541,10,CRITICAL,5,59020,4,4637,101,41854,4313,EU-CENTRAL
4282,41882,11,ROUTINE,2,163395,6,6149,211,51853,9971,EU-WEST
4283,46696,12,ROUTINE,2,45787,2,1651,67,55025,8329,US-EAST
4284,57429,15,ROUTINE,3,81845,3,4159,279,74699,17270,US-EAST
4285,34675,9,CRITICAL,4,27947,1,2958,802,37238,2563,EU-WEST
4286,80172,22,ROUTINE,2,13208,2,3517,67,95992,15820,EU-CENTRAL
4287,38462,10,ROUTINE,1,137901,4,2592,272,56041,17579,EU-WEST
4288,86944,24,ROUTINE,3,44200,3,2544,120,97304,10360,EU-WEST
4289,52040,14,CRITICAL,5,133260,4,4206,298,59072,7032,US-EAST
4290,64168,17,ROUTINE,2,35843,1,1537,98,80059,15891,EU-CENTRAL
4291,68054,18,ROUTINE,1,162570,4,4512,18,86931,18877,EU-CENTRAL
4292,65151,18,ROUTINE,3,8191,2,1549,119,68083,2932,EU-CENTRAL
4293,79105,21,ROUTINE,1,192845,4,5374,1982,87972,8867,US-EAST
4294,45257,12,CRITICAL,3,60803,3,4010,99,50235,4978,US-EAST
4295,30173,8,ROUTINE,2,76785,2,3772,62,41368,11195,EU-WEST
4296,53452,14,ROUTINE,2,38010,2,4229,292,61907,8455,EU-WEST
4297,70453,19,CRITICAL,3,205941,5,5393,207,78145,7692,EU-WEST
4298,53465,14,ROUTINE,3,59122,2,2919,184,63658,10193,US-EAST
4299,25433,7,CRITICAL,3,41651,2,4554,211,30170,4737,EU-CENTRAL
4300,40131,11,ROUTINE,2,43075,2,3564,1599,55624,15493,EU-WEST
4301,54443,15,CRITICAL,5,26731,1,2765,164,56866,2423,EU-CENTRAL
4302,45206,12,CRITICAL,4,51226,4,2678,1409,47498,2292,EU-CENTRAL
4303,47972,13,ROUTINE,1,534903,6,6540,7,58828,10856,US-EAST
4304,38562,10,ROUTINE,1,561307,5,5375,189,57990,19428,EU-CENTRAL
4305,73277,20,CRITICAL,5,117219,2,4399,298,79653,6376,EU-CENTRAL
4306,52366,14,ROUTINE,1,15047,2,3954,79,64069,11703,US-EAST
4307,74135,20,ROUTINE,3,138741,2,1495,264,82881,8746,EU-CENTRAL
4308,33315,9,CRITICAL,5,120527,3,3041,90,37746,4431,EU-WEST
4309,57627,16,ROUTINE,3,86291,4,3828,116,66314,8687,EU-CENTRAL
4310,84243,23,ROUTINE,3,7404,1,2118,159,92101,7858,EU-CENTRAL
4311,25644,7,ROUTINE,2,23379,1,3849,389,30110,4466,US-EAST
4312,76467,21,ROUTINE,3,582815,6,5837,13,92657,16190,US-EAST
4313,82761,22,CRITICAL,3,217478,5,4202,1740,89088,6327,US-EAST
4314,28115,7,CRITICAL,3,45786,3,3042,1939,32781,4666,US-EAST
4315,67785,18,ROUTINE,3,49562,4,3145,154,74690,6905,US-EAST
4316,56620,15,ROUTINE,1,31530,2,3699,226,72427,15807,EU-CENTRAL
4317,78982,21,ROUTINE,2,14988,2,4184,168,83558,4576,US-EAST
4318,58114,16,ROUTINE,1,28794,2,4082,250,70726,12612,US-EAST
4319,64816,18,CRITICAL,3,50668,4,3798,1977,69437,4621,EU-CENTRAL
4320,47768,13,ROUTINE,3,38673,1,3070,167,58892,11124,US-EAST
4321,41133,11,ROUTINE,1,52039,3,3421,290,50826,9693,US-EAST
4322,41012,11,ROUTINE,1,22805,2,4240,696,55894,14882,EU-WEST
4323,59608,16,ROUTINE,1,109856,2,3562,98,72095,12487,EU-CENTRAL
4324,86399,23,CRITICAL,3,57045,3,4317,226,89018,2619,EU-WEST
4325,43346,12,ROUTINE,1,52950,3,3413,34,54526,11180,EU-CENTRAL
4326,47500,13,ROUTINE,2,49805,4,3300,161,52501,5001,US-EAST
4327,77443,21,ROUTINE,3,177749,8,4586,649,90496,13053,EU-WEST
4328,32833,9,ROUTINE,1,424158,5,5656,55,42351,9518,US-EAST
4329,66340,18,CRITICAL,3,215010,4,3245,273,72398,6058,EU-CENTRAL
4330,56052,15,ROUTINE,3,535241,4,5735,180,72370,16318,US-EAST
4331,64135,17,CRITICAL,3,9453,2,1782,167,69170,5035,US-EAST
4332,58808,16,ROUTINE,3,55864,2,3478,216,72113,13305,EU-WEST
4333,21607,6,ROUTINE,1,341488,5,5978,95,32532,10925,EU-WEST
4334,66047,18,CRITICAL,3,32088,2,2337,203,68757,2710,EU-WEST
4335,55697,15,CRITICAL,3,48447,4,2889,203,60865,5168,EU-CENTRAL
4336,70775,19,ROUTINE,3,45331,4,4630,209,85317,14542,EU-CENTRAL
4337,75598,20,ROUTINE,2,38721,1,2400,261,89823,14225,US-EAST
4338,25670,7,ROUTINE,2,196839,8,5443,367,45495,19825,EU-CENTRAL
4339,63246,17,ROUTINE,2,164413,8,5808,1969,77672,14426,EU-WEST
4340,53222,14,CRITICAL,5,562725,8,5780,78,60886,7664,EU-WEST
4341,73404,20,CRITICAL,3,33841,2,2165,219,75216,1812,US-EAST
4342,53273,14,ROUTINE,1,49684,3,5037,18,60288,7015,EU-CENTRAL
4343,38936,10,ROUTINE,3,119405,4,5186,10,44624,5688,US-EAST
4344,77939,21,ROUTINE,2,144507,4,4548,346,90261,12322,US-EAST
4345,27648,7,ROUTINE,2,38443,2,4369,263,37685,10037,EU-WEST
4346,29957,8,ROUTINE,3,158715,4,3180,207,48023,18066,EU-WEST
4347,37956,10,ROUTINE,1,244195,6,4607,30,52522,14566,US-EAST
4348,62317,17,CRITICAL,5,51552,2,4311,38,65236,2919,EU-WEST
4349,46371,12,ROUTINE,3,206361,8,6528,285,55101,8730,EU-CENTRAL
4350,57187,15,ROUTINE,1,130762,2,2164,690,75229,18042,EU-WEST
4351,22384,6,CRITICAL,5,440129,6,3881,144,31929,9545,EU-WEST
4352,74395,20,CRITICAL,4,245775,8,5809,48,84536,10141,EU-CENTRAL
4353,27078,7,ROUTINE,2,29849,2,3493,7,38740,11662,EU-WEST
4354,53440,14,ROUTINE,1,9728,2,2269,204,57554,4114,EU-WEST
4355,22198,6,ROUTINE,3,18027,1,2235,192,26750,4552,US-EAST
4356,24907,6,CRITICAL,4,411455,4,2872,299,32516,7609,EU-WEST
4357,42687,11,ROUTINE,3,105424,4,3664,243,61246,18559,EU-CENTRAL
4358,83280,23,ROUTINE,1,247433,4,2571,22,99196,15916,EU-WEST
4359,32666,9,ROUTINE,1,201073,4,5025,1238,50760,18094,EU-CENTRAL
4360,50907,14,ROUTINE,1,40959,2,1298,322,65092,14185,EU-CENTRAL
4361,42706,11,ROUTINE,1,113678,2,2150,238,53758,11052,EU-CENTRAL
4362,86339,23,CRITICAL,3,240770,6,4222,299,94847,8508,EU-CENTRAL
4363,69835,19,CRITICAL,3,22338,1,2207,49,73479,3644,EU-WEST
4364,62910,17,CRITICAL,4,54566,3,4791,256,66687,3777,EU-WEST
4365,61785,17,CRITICAL,3,559205,4,4340,304,72451,10666,US-EAST
4366,23726,6,CRITICAL,3,73688,4,4545,567,28889,5163,US-EAST
4367,47622,13,ROUTINE,1,36173,2,3674,76,54783,7161,EU-CENTRAL
4368,52564,14,ROUTINE,2,31198,2,1333,1708,60127,7563,EU-CENTRAL
4369,27371,7,CRITICAL,4,16922,2,2479,1475,30974,3603,US-EAST
4370,41336,11,CRITICAL,5,135887,3,2605,959,46721,5385,EU-WEST
4371,27730,7,ROUTINE,1,366222,6,3420,181,40643,12913,EU-WEST
4372,33745,9,ROUTINE,1,416605,5,4678,241,55048,21303,EU-CENTRAL
4373,71180,19,ROUTINE,1,56641,4,2982,191,80602,9422,EU-CENTRAL
4374,64151,17,CRITICAL,3,82415,3,3528,297,70174,6023,EU-CENTRAL
4375,47177,13,ROUTINE,3,573234,6,3859,199,63271,16094,EU-CENTRAL
4376,62395,17,ROUTINE,1,89408,3,2314,125,76503,14108,EU-CENTRAL
4377,44676,12,ROUTINE,3,217143,5,4720,247,61883,17207,US-EAST
4378,68430,19,ROUTINE,2,28379,1,3912,526,76834,8404,EU-CENTRAL
4379,29325,8,ROUTINE,2,71958,2,3272,298,43088,13763,US-EAST
4380,83298,23,CRITICAL,3,97283,3,1842,196,88796,5498,EU-CENTRAL
4381,22870,6,ROUTINE,2,42383,3,3708,66,39269,16399,EU-WEST
4382,31162,8,CRITICAL,4,231675,5,4975,251,40169,9007,US-EAST
4383,51242,14,ROUTINE,2,213856,6,3482,30,68727,17485,EU-WEST
4384,22827,6,ROUTINE,3,598240,5,4886,1732,40807,17980,EU-CENTRAL
4385,71850,19,ROUTINE,1,185082,7,4804,94,88503,16653,EU-CENTRAL
4386,42004,11,ROUTINE,3,5292,1,2766,284,48266,6262,EU-WEST
4387,87245,24,ROUTINE,3,22539,2,4852,151,97456,10211,EU-CENTRAL
4388,43421,12,ROUTINE,1,48804,2,2977,1524,60289,16868,EU-WEST
4389,65994,18,CRITICAL,3,16271,2,3634,129,71055,5061,EU-CENTRAL
4390,82219,22,ROUTINE,1,57232,3,4075,75,92331,10112,EU-CENTRAL
4391,79384,22,ROUTINE,1,217773,8,6632,1213,90299,10915,US-EAST
4392,45574,12,ROUTINE,2,150584,5,3286,118,63135,17561,EU-WEST
4393,37913,10,CRITICAL,3,38158,1,1158,248,42607,4694,EU-WEST
4394,83178,23,CRITICAL,4,210015,7,5735,254,91532,8354,EU-WEST
4395,24384,6,ROUTINE,3,15491,2,4066,158,33199,8815,US-EAST
4396,33745,9,ROUTINE,3,220984,7,6961,258,42795,9050,EU-WEST
4397,39091,10,ROUTINE,3,51290,3,3351,104,44886,5795,US-EAST
4398,68175,18,ROUTINE,3,164076,8,6108,98,87538,19363,US-EAST
4399,28293,7,ROUTINE,3,545105,6,6793,37,45577,17284,EU-WEST
4400,25003,6,ROUTINE,2,45548,4,5551,241,34987,9984,EU-WEST
4401,29607,8,ROUTINE,1,179096,8,4602,193,42984,13377,EU-WEST
4402,38056,10,ROUTINE,2,451074,4,4133,274,54907,16851,US-EAST
4403,40549,11,ROUTINE,3,18981,1,3675,111,44733,4184,EU-WEST
4404,71196,19,CRITICAL,4,245536,7,6297,46,82008,10812,US-EAST
4405,41735,11,CRITICAL,4,110578,3,3724,226,48812,7077,EU-CENTRAL
4406,31361,8,CRITICAL,3,19526,2,2786,15,33312,1951,EU-CENTRAL
4407,70106,19,CRITICAL,4,48233,2,2060,19,74424,4318,US-EAST
4408,40455,11,ROUTINE,3,190951,8,4381,1829,55212,14757,EU-WEST
4409,67882,18,CRITICAL,5,574408,7,7398,186,77531,9649,US-EAST
4410,37409,10,ROUTINE,1,502111,8,7175,281,58739,21330,EU-WEST
4411,49145,13,ROUTINE,1,148931,3,2743,288,59935,10790,EU-WEST
4412,70891,19,CRITICAL,3,242595,5,4934,1348,80648,9757,EU-CENTRAL
4413,53066,14,ROUTINE,3,40797,4,3953,287,58286,5220,EU-CENTRAL
4414,61572,17,ROUTINE,3,10929,2,1596,86,68753,7181,EU-CENTRAL
4415,31090,8,ROUTINE,3,56392,3,3012,195,42711,11621,EU-CENTRAL
4416,70254,19,ROUTINE,2,188017,7,7270,46,79285,9031,US-EAST
4417,32099,8,ROUTINE,3,81306,3,2428,62,42382,10283,EU-CENTRAL
4418,85013,23,ROUTINE,2,116997,2,4120,95,98677,13664,US-EAST
4419,56204,15,CRITICAL,3,91590,3,4835,182,62633,6429,US-EAST
4420,29636,8,ROUTINE,2,51893,2,4207,36,34461,4825,EU-CENTRAL
4421,68297,18,ROUTINE,3,183924,4,5642,220,83142,14845,US-EAST
4422,63961,17,CRITICAL,4,208375,5,5968,865,73892,9931,EU-WEST
4423,70989,19,ROUTINE,2,174130,8,6887,140,91199,20210,EU-CENTRAL
4424,47680,13,CRITICAL,4,179778,6,4183,15,56816,9136,EU-WEST
4425,45284,12,CRITICAL,5,212836,6,4088,70,55305,10021,EU-WEST
4426,83072,23,ROUTINE,2,14228,1,907,134,89309,6237,US-EAST
4427,44526,12,ROUTINE,3,46809,2,2810,199,55511,10985,EU-CENTRAL
4428,47161,13,CRITICAL,3,16269,2,3999,577,49965,2804,EU-WEST
4429,33080,9,ROUTINE,3,98076,4,3304,64,45198,12118,EU-WEST
4430,67239,18,ROUTINE,2,17105,1,3150,9,79617,12378,EU-WEST
4431,33911,9,ROUTINE,2,51372,3,3049,486,39956,6045,EU-WEST
4432,28330,7,CRITICAL,5,133686,3,4295,98,35406,7076,EU-WEST
4433,80646,22,CRITICAL,4,29328,2,2196,270,83640,2994,US-EAST
4434,30747,8,ROUTINE,2,24571,1,1449,166,36650,5903,EU-WEST
4435,50246,13,CRITICAL,4,237210,4,5705,1887,60644,10398,US-EAST
4436,70609,19,ROUTINE,1,389495,5,2899,179,92650,22041,US-EAST
4437,51039,14,ROUTINE,2,12500,2,4018,298,62518,11479,EU-CENTRAL
4438,43776,12,ROUTINE,3,183416,6,5969,175,55551,11775,EU-WEST
4439,32723,9,ROUTINE,3,123947,2,1527,249,40872,8149,EU-WEST
4440,86337,23,ROUTINE,1,247018,6,4665,410,100681,14344,EU-CENTRAL
4441,80967,22,ROUTINE,2,178797,5,5900,255,98550,17583,EU-WEST
4442,37155,10,ROUTINE,2,25478,2,4023,139,44449,7294,US-EAST
4443,82092,22,ROUTINE,3,12501,1,3329,251,92126,10034,EU-CENTRAL
4444,32163,8,CRITICAL,4,112214,2,4548,273,38633,6470,EU-CENTRAL
4445,36686,10,CRITICAL,5,40436,3,3429,136,42382,5696,US-EAST
4446,46899,13,ROUTINE,1,288635,8,6517,241,58150,11251,EU-WEST
4447,33463,9,ROUTINE,3,21255,2,3035,246,45157,11694,US-EAST
4448,47120,13,ROUTINE,3,119137,4,5395,266,64164,17044,US-EAST
4449,69411,19,ROUTINE,2,44266,3,2359,508,74368,4957,US-EAST
4450,32337,8,ROUTINE,1,42994,3,3708,234,46404,14067,EU-WEST
4451,76905,21,CRITICAL,3,50990,2,3835,214,79161,2256,EU-WEST
4452,36033,10,CRITICAL,5,225648,7,6648,282,45097,9064,EU-CENTRAL
4453,29193,8,CRITICAL,4,145839,4,3280,316,33628,4435,US-EAST
4454,28264,7,CRITICAL,3,539576,7,5260,280,38090,9826,US-EAST
4455,80015,22,ROUTINE,1,45634,4,4501,178,84279,4264,EU-WEST
4456,55366,15,ROUTINE,1,108426,3,4768,280,63546,8180,EU-CENTRAL
4457,73589,20,CRITICAL,3,43195,3,4471,146,78406,4817,US-EAST
4458,76527,21,ROUTINE,3,8792,2,3279,687,81189,4662,US-EAST
4459,50322,13,CRITICAL,3,7992,1,3505,888,54673,4351,EU-CENTRAL
4460,48341,13,ROUTINE,3,262638,6,6734,92,65303,16962,EU-CENTRAL
4461,66832,18,CRITICAL,3,26813,2,4180,196,69437,2605,US-EAST
4462,35052,9,ROUTINE,1,554878,8,7335,74,46720,11668,US-EAST
4463,49305,13,ROUTINE,1,188028,5,5059,136,69238,19933,US-EAST
4464,26055,7,ROUTINE,2,63276,3,4369,217,32802,6747,EU-WEST
4465,49186,13,ROUTINE,3,14931,2,4464,274,63740,14554,EU-CENTRAL
4466,86464,24,ROUTINE,1,13770,1,3561,208,91766,5302,EU-WEST
4467,53125,14,ROUTINE,1,361536,4,3385,193,72268,19143,US-EAST
4468,29375,8,CRITICAL,4,32749,2,1350,53,32583,3208,EU-WEST
4469,77770,21,ROUTINE,3,193292,8,5528,88,97697,19927,EU-CENTRAL
4470,34777,9,ROUTINE,2,121546,2,3524,1211,45139,10362,EU-WEST
4471,34676,9,ROUTINE,2,53618,3,3229,211,47410,12734,EU-WEST
4472,22443,6,CRITICAL,5,387190,4,4841,54,31701,9258,EU-WEST
4473,26249,7,CRITICAL,4,178838,4,3190,200,34074,7825,US-EAST
4474,49661,13,ROUTINE,2,174499,5,6195,254,62896,13235,EU-CENTRAL
4475,89911,24,ROUTINE,3,7730,2,2369,273,103714,13803,EU-CENTRAL
4476,32388,8,ROUTINE,3,83501,2,1320,274,45462,13074,EU-WEST
4477,52979,14,ROUTINE,3,32091,1,3074,18,67445,14466,US-EAST
4478,53270,14,CRITICAL,5,44002,4,2532,287,56527,3257,US-EAST
4479,43051,11,ROUTINE,1,6999,1,1690,300,54590,11539,EU-WEST
4480,33855,9,ROUTINE,3,53448,2,2482,281,37967,4112,US-EAST
4481,88629,24,ROUTINE,2,13695,2,1429,207,104702,16073,EU-WEST
4482,51276,14,ROUTINE,2,23957,1,1450,755,59142,7866,EU-WEST
4483,72740,20,CRITICAL,3,39565,1,2235,136,77427,4687,EU-CENTRAL
4484,56807,15,CRITICAL,5,245092,7,4159,1668,67131,10324,US-EAST
4485,52837,14,CRITICAL,4,38352,1,3182,1740,57108,4271,US-EAST
4486,78039,21,ROUTINE,1,400169,5,4416,253,97492,19453,EU-CENTRAL
4487,38672,10,ROUTINE,1,14226,1,1604,34,42309,3637,EU-WEST
4488,56715,15,CRITICAL,4,53362,2,3534,41,62096,5381,US-EAST
4489,40876,11,ROUTINE,1,197746,7,5918,120,57683,16807,EU-CENTRAL
4490,49363,13,ROUTINE,2,238018,5,4200,105,66165,16802,US-EAST
4491,51678,14,ROUTINE,1,32896,1,3421,1794,67444,15766,EU-WEST
4492,43302,12,ROUTINE,1,165381,6,5356,98,61148,17846,EU-WEST
4493,52537,14,CRITICAL,3,41431,3,2916,823,55238,2701,EU-WEST
4494,22914,6,ROUTINE,2,322490,7,5336,64,36926,14012,US-EAST
4495,61554,17,ROUTINE,2,11806,1,3445,222,66806,5252,US-EAST
4496,80525,22,ROUTINE,2,113314,4,4059,52,96205,15680,US-EAST
4497,36628,10,ROUTINE,1,11466,1,2166,139,44416,7788,EU-CENTRAL
4498,38715,10,ROUTINE,2,70096,3,5263,90,44532,5817,EU-CENTRAL
4499,48322,13,CRITICAL,3,288541,7,5831,101,57484,9162,US-EAST
4500,49706,13,ROUTINE,1,454853,4,3924,53,72400,22694,EU-WEST
4501,51676,14,ROUTINE,2,444416,4,5594,288,66155,14479,EU-WEST
4502,41951,11,ROUTINE,1,45160,2,2308,184,52700,10749,EU-CENTRAL
4503,50482,14,CRITICAL,4,56929,3,3045,17,54351,3869,US-EAST
4504,26723,7,CRITICAL,3,49941,3,2885,223,31647,4924,EU-WEST
4505,51273,14,ROUTINE,3,49789,3,4296,268,64390,13117,EU-WEST
4506,29175,8,ROUTINE,1,115044,4,4225,1768,44740,15565,EU-WEST
4507,53928,14,ROUTINE,2,16011,2,4305,55,65148,11220,EU-WEST
4508,39352,10,ROUTINE,1,70102,2,1590,91,45687,6335,EU-WEST
4509,38671,10,ROUTINE,1,55857,4,4974,161,49912,11241,EU-WEST
4510,72603,20,ROUTINE,2,554302,7,6172,22,92468,19865,EU-WEST
4511,45371,12,CRITICAL,5,27882,1,1733,35,49984,4613,EU-WEST
4512,33392,9,ROUTINE,2,35466,2,1994,1658,41527,8135,EU-WEST
4513,44699,12,ROUTINE,3,105798,2,3479,169,61175,16476,US-EAST
4514,76998,21,ROUTINE,2,22283,1,3396,116,88878,11880,EU-CENTRAL
4515,59076,16,CRITICAL,3,21754,1,3173,1664,60656,1580,US-EAST
4516,53079,14,ROUTINE,1,64243,3,3146,163,65314,12235,EU-CENTRAL
4517,69156,19,ROUTINE,2,56878,2,1319,192,83462,14306,EU-CENTRAL
4518,30633,8,ROUTINE,1,222203,5,5648,124,49472,18839,EU-WEST
4519,65137,18,ROUTINE,3,423809,4,5096,41,80903,15766,US-EAST
4520,72276,20,ROUTINE,3,6137,1,2750,21,77733,5457,EU-WEST
4521,83981,23,ROUTINE,1,166693,7,5221,280,93710,9729,US-EAST
4522,56730,15,ROUTINE,3,27017,2,4237,64,69560,12830,EU-CENTRAL
4523,40795,11,CRITICAL,4,36872,2,3915,288,43632,2837,EU-CENTRAL
4524,51751,14,ROUTINE,1,165118,5,2870,54,67322,15571,US-EAST
4525,65244,18,ROUTINE,1,31772,2,2611,88,80576,15332,EU-WEST
4526,49802,13,CRITICAL,4,74252,2,4601,196,55260,5458,EU-WEST
4527,36628,10,ROUTINE,3,25670,2,1662,368,47033,10405,EU-CENTRAL
4528,86277,23,ROUTINE,1,18803,1,3994,225,99173,12896,EU-CENTRAL
4529,31015,8,ROUTINE,3,8924,2,2436,63,38350,7335,US-EAST
4530,32055,8,ROUTINE,1,33487,2,3331,34,40151,8096,EU-CENTRAL
4531,73752,20,CRITICAL,4,319727,4,5120,1254,85527,11775,EU-WEST
4532,52502,14,CRITICAL,3,201762,4,4935,109,60310,7808,EU-CENTRAL
4533,34663,9,ROUTINE,2,22399,1,1720,22,48060,13397,EU-WEST
4534,60728,16,ROUTINE,3,565633,5,2934,297,74589,13861,EU-WEST
4535,70280,19,CRITICAL,5,569937,8,5605,144,79769,9489,EU-CENTRAL
4536,65589,18,ROUTINE,2,5086,1,2914,6,73135,7546,EU-WEST
4537,61504,17,ROUTINE,2,15478,1,3295,630,66321,4817,EU-WEST
4538,35435,9,ROUTINE,2,34679,2,1598,245,45004,9569,EU-CENTRAL
4539,81219,22,CRITICAL,4,162719,5,5091,167,86758,5539,US-EAST
4540,36387,10,ROUTINE,1,131400,4,2835,241,52209,15822,US-EAST
4541,73774,20,ROUTINE,1,14730,1,3864,1478,78259,4485,EU-CENTRAL
4542,49782,13,CRITICAL,4,69650,2,3270,505,55703,5921,US-EAST
4543,22241,6,ROUTINE,1,121285,4,4837,407,29999,7758,EU-CENTRAL
4544,73326,20,CRITICAL,5,362328,7,4079,605,82372,9046,EU-CENTRAL
4545,65802,18,ROUTINE,2,159709,4,3170,178,73679,7877,EU-CENTRAL
4546,64446,17,ROUTINE,1,74880,4,2838,1123,70684,6238,EU-CENTRAL
4547,83953,23,ROUTINE,1,41253,2,3530,131,95697,11744,EU-WEST
4548,34576,9,ROUTINE,3,237255,8,4692,260,53431,18855,EU-WEST
4549,66783,18,ROUTINE,2,239610,5,4937,1607,81121,14338,EU-WEST
4550,53828,14,CRITICAL,3,173274,6,5162,61,59835,6007,EU-CENTRAL
4551,83798,23,ROUTINE,2,228483,6,5153,184,104012,20214,EU-WEST
4552,62295,17,ROUTINE,2,395367,5,2981,275,75032,12737,US-EAST
4553,47625,13,CRITICAL,4,22588,2,2397,240,50109,2484,EU-CENTRAL
4554,57351,15,ROUTINE,2,55331,4,2953,26,65938,8587,US-EAST
4555,25024,6,ROUTINE,2,332526,4,3639,119,37736,12712,EU-WEST
4556,31813,8,CRITICAL,5,33687,1,1780,145,36725,4912,EU-CENTRAL
4557,47998,13,ROUTINE,1,5491,2,2387,1641,63064,15066,US-EAST
4558,43146,11,ROUTINE,2,79618,2,2516,28,53352,10206,US-EAST
4559,72059,20,ROUTINE,3,48727,2,4525,17,80220,8161,EU-WEST
4560,79360,22,CRITICAL,3,38472,2,4378,26,83318,3958,EU-CENTRAL
4561,81934,22,ROUTINE,2,6322,2,3517,290,84630,2696,EU-CENTRAL
4562,75138,20,ROUTINE,3,411310,5,5007,337,84688,9550,EU-WEST
4563,63739,17,ROUTINE,2,306953,5,3067,91,86164,22425,US-EAST
4564,60154,16,CRITICAL,4,246351,6,5969,1139,67444,7290,EU-CENTRAL
4565,26526,7,ROUTINE,3,439113,6,5720,1746,36216,9690,EU-CENTRAL
4566,52805,14,ROUTINE,2,209100,4,3123,109,73253,20448,US-EAST
4567,36675,10,ROUTINE,3,6868,2,1488,1493,46755,10080,US-EAST
4568,29855,8,ROUTINE,3,29286,1,1707,273,36643,6788,EU-WEST
4569,35874,9,ROUTINE,3,48154,4,4086,95,40355,4481,EU-WEST
4570,65533,18,ROUTINE,3,532265,4,3850,261,84595,19062,US-EAST
4571,82385,22,CRITICAL,3,28281,2,2127,256,83887,1502,EU-WEST
4572,78324,21,ROUTINE,3,430794,7,6836,1752,93113,14789,US-EAST
4573,80060,22,ROUTINE,2,16663,1,1009,274,92610,12550,EU-WEST
4574,30523,8,ROUTINE,1,14773,2,2280,764,39548,9025,US-EAST
4575,79143,21,CRITICAL,4,26898,1,888,189,83588,4445,US-EAST
4576,88630,24,ROUTINE,3,15543,2,4475,153,98262,9632,EU-CENTRAL
4577,70783,19,ROUTINE,3,233944,5,3048,287,90997,20214,US-EAST
4578,27669,7,ROUTINE,1,131272,3,2535,1421,39149,11480,EU-WEST
4579,64489,17,CRITICAL,3,238763,6,5174,204,72657,8168,EU-CENTRAL
4580,77534,21,ROUTINE,3,179715,8,4531,775,85998,8464,EU-WEST
4581,60867,16,ROUTINE,3,16634,2,4714,95,69489,8622,US-EAST
4582,55268,15,ROUTINE,2,9983,2,4099,22,60109,4841,EU-WEST
4583,84454,23,ROUTINE,2,241484,7,6766,188,94075,9621,US-EAST
4584,64227,17,ROUTINE,2,10301,1,1898,186,71668,7441,EU-CENTRAL
4585,40911,11,CRITICAL,3,325217,6,3349,29,49574,8663,EU-WEST
4586,74899,20,ROUTINE,1,174428,6,4535,1847,81961,7062,US-EAST
4587,60674,16,ROUTINE,1,335453,4,3613,81,82694,22020,US-EAST
4588,73944,20,ROUTINE,3,193014,4,4320,153,87273,13329,US-EAST
4589,89698,24,ROUTINE,2,94938,4,2388,209,101198,11500,EU-WEST
4590,22358,6,ROUTINE,1,196886,5,6263,1822,30122,7764,US-EAST
4591,24919,6,CRITICAL,3,54305,3,5244,42,28292,3373,EU-CENTRAL
4592,68872,19,ROUTINE,3,369734,5,4701,267,80093,11221,EU-WEST
4593,76174,21,ROUTINE,1,19442,1,1861,263,79687,3513,US-EAST
4594,46504,12,CRITICAL,3,52921,4,4974,52,48614,2110,EU-WEST
4595,27929,7,ROUTINE,2,5283,2,2707,1009,35472,7543,EU-WEST
4596,28660,7,ROUTINE,2,59265,4,4118,906,33306,4646,EU-WEST
4597,62504,17,CRITICAL,3,43796,4,5790,1350,66802,4298,US-EAST
4598,72780,20,ROUTINE,2,103335,2,4789,244,84957,12177,EU-WEST
4599,80339,22,ROUTINE,2,25256,1,1584,143,95094,14755,EU-WEST
4600,44584,12,CRITICAL,4,239567,6,4156,171,54767,10183,EU-WEST
4601,35372,9,ROUTINE,2,404472,4,4014,132,47713,12341,EU-CENTRAL
4602,41809,11,CRITICAL,3,199495,4,5494,1740,49358,7549,EU-CENTRAL
4603,48552,13,ROUTINE,3,283929,6,4552,124,70398,21846,US-EAST
4604,29937,8,ROUTINE,3,195787,4,4101,241,47585,17648,EU-WEST
4605,67573,18,CRITICAL,3,327430,4,4200,1342,78793,11220,EU-CENTRAL
4606,45613,12,ROUTINE,2,16245,2,3159,232,50503,4890,EU-WEST
4607,33623,9,ROUTINE,3,231437,4,2905,234,50707,17084,EU-WEST
4608,53389,14,ROUTINE,2,132196,4,3196,140,59947,6558,EU-CENTRAL
4609,75335,20,ROUTINE,1,10884,2,4266,225,91404,16069,EU-CENTRAL
4610,85744,23,ROUTINE,3,518488,8,7175,6,105346,19602,US-EAST
4611,33472,9,ROUTINE,2,390490,8,4697,40,46197,12725,US-EAST
4612,60756,16,ROUTINE,1,10558,2,4060,363,68595,7839,US-EAST
4613,72245,20,ROUTINE,2,411424,6,6678,146,81800,9555,US-EAST
4614,79831,22,ROUTINE,2,136556,3,2224,40,89088,9257,EU-WEST
4615,83419,23,ROUTINE,3,56254,2,2431,224,95598,12179,EU-WEST
4616,31410,8,ROUTINE,2,40929,2,2083,985,38038,6628,US-EAST
4617,49373,13,ROUTINE,1,461328,4,2316,107,67063,17690,EU-CENTRAL
4618,24956,6,ROUTINE,2,34452,2,3089,1899,28600,3644,EU-WEST
4619,64887,18,ROUTINE,3,125555,3,5103,112,77853,12966,US-EAST
4620,70099,19,CRITICAL,3,15726,1,1408,92,72546,2447,US-EAST
4621,80227,22,ROUTINE,2,90390,2,2105,40,97365,17138,EU-WEST
4622,64790,17,ROUTINE,2,185455,4,4608,1113,75897,11107,EU-WEST
4623,61188,16,ROUTINE,3,62029,3,4660,856,75900,14712,EU-WEST
4624,70131,19,ROUTINE,2,53560,4,5169,358,74053,3922,US-EAST
4625,55204,15,ROUTINE,2,158553,5,3575,25,63786,8582,US-EAST
4626,41197,11,ROUTINE,2,98482,4,5811,1202,48948,7751,EU-WEST
4627,30721,8,ROUTINE,1,480033,8,7935,536,45146,14425,EU-CENTRAL
4628,48641,13,ROUTINE,2,52940,3,5240,100,59592,10951,EU-WEST
4629,47411,13,ROUTINE,1,106200,3,4236,225,64476,17065,EU-CENTRAL
4630,22608,6,ROUTINE,1,21683,2,1819,103,29546,6938,EU-CENTRAL
4631,27877,7,CRITICAL,3,45777,3,3940,1512,33417,5540,EU-WEST
4632,39658,11,ROUTINE,2,236511,7,4943,621,51690,12032,EU-CENTRAL
4633,34331,9,CRITICAL,5,48423,4,2419,158,38386,4055,EU-WEST
4634,59419,16,CRITICAL,4,58362,2,4787,48,64300,4881,EU-CENTRAL
4635,51735,14,ROUTINE,2,97060,2,1719,277,57946,6211,US-EAST
4636,33117,9,ROUTINE,1,17711,1,2701,1633,41815,8698,EU-CENTRAL
4637,77927,21,ROUTINE,3,345022,6,4256,1424,99931,22004,EU-WEST
4638,63663,17,CRITICAL,4,67351,2,2434,1272,69736,6073,US-EAST
4639,46767,12,CRITICAL,5,43834,2,2629,149,50997,4230,EU-WEST
4640,74776,20,ROUTINE,2,36418,2,3205,207,90715,15939,US-EAST
4641,49408,13,ROUTINE,3,252140,8,4447,262,59752,10344,EU-WEST
4642,76286,21,ROUTINE,2,82465,2,2762,168,83737,7451,EU-WEST
4643,62796,17,ROUTINE,2,56485,2,4038,130,74475,11679,EU-CENTRAL
4644,56402,15,ROUTINE,2,412282,5,5063,212,78063,21661,EU-WEST
4645,31821,8,ROUTINE,1,29144,2,2371,150,44677,12856,EU-WEST
4646,40015,11,ROUTINE,3,193935,8,4536,129,58830,18815,US-EAST
4647,75557,20,ROUTINE,3,189826,7,4816,54,96275,20718,US-EAST
4648,42523,11,CRITICAL,4,225688,5,3982,191,52689,10166,US-EAST
4649,57599,15,ROUTINE,2,20657,2,3315,102,70717,13118,US-EAST
4650,36983,10,ROUTINE,3,50853,3,3731,234,44017,7034,US-EAST
4651,55057,15,ROUTINE,3,57221,4,2872,85,69069,14012,US-EAST
4652,71014,19,ROUTINE,1,383963,6,3522,440,82683,11669,EU-CENTRAL
4653,55504,15,ROUTINE,3,40584,2,4263,73,71239,15735,EU-WEST
4654,78991,21,CRITICAL,4,98152,3,2223,284,85529,6538,EU-WEST
4655,51393,14,CRITICAL,5,233908,4,3702,274,59241,7848,EU-WEST
4656,73465,20,ROUTINE,2,57760,3,3521,138,88683,15218,EU-WEST
4657,89354,24,ROUTINE,1,135008,2,2525,45,96046,6692,EU-WEST
4658,25174,6,ROUTINE,1,57371,3,4022,215,34059,8885,EU-WEST
4659,86442,24,ROUTINE,2,84626,2,3929,60,92816,6374,US-EAST
4660,32686,9,CRITICAL,4,156196,8,7533,280,37217,4531,US-EAST
4661,30037,8,CRITICAL,4,193351,6,4194,24,39206,9169,EU-CENTRAL
4662,79231,22,ROUTINE,3,327136,5,4039,164,99741,20510,EU-CENTRAL
4663,79136,21,ROUTINE,2,195338,4,4824,297,92242,13106,EU-WEST
4664,47264,13,ROUTINE,1,51982,3,3789,264,52877,5613,EU-CENTRAL
4665,74991,20,CRITICAL,3,186408,6,6201,165,82762,7771,EU-CENTRAL
4666,53601,14,CRITICAL,4,128713,3,4290,154,58944,5343,EU-WEST
4667,58707,16,ROUTINE,1,19788,1,4088,191,67801,9094,EU-CENTRAL
4668,56403,15,ROUTINE,2,39417,2,1815,97,71480,15077,EU-CENTRAL
4669,83646,23,CRITICAL,3,209052,4,2581,151,91314,7668,EU-WEST
4670,61823,17,ROUTINE,3,178308,6,4441,248,76603,14780,US-EAST
4671,48389,13,ROUTINE,2,316289,5,3473,255,64691,16302,US-EAST
4672,33426,9,ROUTINE,2,50167,2,3580,226,50384,16958,EU-WEST
4673,73066,20,ROUTINE,1,19806,1,1795,220,86259,13193,EU-CENTRAL
4674,51101,14,ROUTINE,3,56748,2,3277,773,66171,15070,US-EAST
4675,77163,21,ROUTINE,1,72814,3,2868,285,83577,6414,EU-CENTRAL
4676,48342,13,ROUTINE,2,192675,8,6772,1921,61784,13442,EU-WEST
4677,45955,12,CRITICAL,3,36509,2,4015,195,51656,5701,EU-CENTRAL
4678,29536,8,CRITICAL,4,188785,8,5687,237,37890,8354,EU-CENTRAL
4679,57505,15,CRITICAL,4,111625,3,4612,181,61165,3660,US-EAST
4680,69471,19,ROUTINE,1,33631,1,3138,152,79379,9908,US-EAST
4681,65007,18,ROUTINE,2,21253,1,2703,72,71347,6340,EU-WEST
4682,35763,9,ROUTINE,1,361070,7,3903,27,54108,18345,EU-WEST
4683,25734,7,ROUTINE,2,207163,8,4379,176,44318,18584,US-EAST
4684,49558,13,CRITICAL,3,39088,2,2030,62,52993,3435,EU-WEST
4685,64068,17,ROUTINE,1,593326,7,4333,49,77463,13395,EU-WEST
4686,62448,17,CRITICAL,4,102993,3,4239,1826,65640,3192,EU-WEST
4687,53708,14,ROUTINE,3,7949,2,2662,77,64426,10718,EU-CENTRAL
4688,58299,16,ROUTINE,2,455629,5,3641,7,79095,20796,US-EAST
4689,58022,16,ROUTINE,3,588921,8,6503,672,70048,12026,EU-CENTRAL
4690,28007,7,CRITICAL,5,203935,7,4243,47,33781,5774,EU-WEST
4691,68941,19,CRITICAL,3,82442,3,4793,206,73203,4262,EU-WEST
4692,47607,13,CRITICAL,3,398449,7,5085,72,55421,7814,EU-WEST
4693,24638,6,CRITICAL,3,166447,8,5125,138,30689,6051,US-EAST
4694,78332,21,ROUTINE,3,5144,2,1718,171,85689,7357,US-EAST
4695,51559,14,ROUTINE,1,586283,8,6369,176,74537,22978,US-EAST
4696,34326,9,CRITICAL,5,187037,8,5603,1906,43393,9067,EU-CENTRAL
4697,43288,12,ROUTINE,1,28739,1,3186,244,53564,10276,EU-WEST
4698,66153,18,CRITICAL,5,322726,5,2959,1803,75336,9183,US-EAST
4699,63131,17,ROUTINE,2,6167,2,2658,33,73078,9947,EU-WEST
4700,72007,20,CRITICAL,5,50852,2,3347,229,76473,4466,EU-WEST
4701,77168,21,CRITICAL,4,201595,4,2799,108,84929,7761,US-EAST
4702,24615,6,ROUTINE,3,28629,1,1927,133,35084,10469,US-EAST
4703,45795,12,CRITICAL,3,47570,2,3829,957,50978,5183,EU-WEST
4704,74839,20,ROUTINE,3,56290,4,5186,223,90634,15795,EU-WEST
4705,26245,7,ROUTINE,2,73420,4,3272,92,37461,11216,US-EAST
4706,25842,7,ROUTINE,1,231211,4,3719,187,36159,10317,EU-CENTRAL
4707,38871,10,ROUTINE,1,548644,7,3955,16,55648,16777,EU-WEST
4708,78684,21,ROUTINE,2,240522,5,6118,172,87743,9059,EU-CENTRAL
4709,46122,12,ROUTINE,2,93910,2,2612,50,64155,18033,EU-CENTRAL
4710,38767,10,CRITICAL,3,18472,2,4084,662,40112,1345,US-EAST
4711,31674,8,ROUTINE,1,18887,1,3254,280,34621,2947,EU-WEST
4712,51454,14,ROUTINE,3,236353,6,3981,1303,61609,10155,US-EAST
4713,41317,11,ROUTINE,2,216085,6,5312,138,58697,17380,US-EAST
4714,81793,22,ROUTINE,3,550654,7,6640,87,104522,22729,EU-CENTRAL
4715,37813,10,ROUTINE,2,40069,2,4187,235,52710,14897,EU-WEST
4716,44974,12,ROUTINE,1,372377,5,5620,254,57261,12287,EU-CENTRAL
4717,77528,21,ROUTINE,3,6114,2,1598,315,80745,3217,EU-CENTRAL
4718,27098,7,CRITICAL,5,50769,3,3243,292,30796,3698,EU-WEST
4719,35019,9,ROUTINE,2,27427,1,3311,55,45987,10968,EU-WEST
4720,26080,7,ROUTINE,2,14732,2,1423,204,41123,15043,EU-CENTRAL
4721,29702,8,ROUTINE,2,205632,7,7010,914,41985,12283,EU-CENTRAL
4722,35235,9,ROUTINE,3,301776,5,3758,81,53113,17878,US-EAST
4723,78609,21,CRITICAL,4,515195,5,2915,60,88325,9716,EU-WEST
4724,51419,14,ROUTINE,3,12432,2,3200,1048,64124,12705,US-EAST
4725,31932,8,ROUTINE,3,212965,8,7286,1641,43830,11898,US-EAST
4726,50393,13,ROUTINE,2,42042,3,4639,294,58944,8551,EU-WEST
4727,67784,18,ROUTINE,1,93709,2,3943,115,75410,7626,EU-WEST
4728,45426,12,ROUTINE,3,183013,6,5847,286,55511,10085,US-EAST
4729,26281,7,ROUTINE,3,513129,7,4467,22,47976,21695,EU-CENTRAL
4730,35954,9,ROUTINE,2,139963,3,5317,246,50818,14864,EU-WEST
4731,46074,12,ROUTINE,3,421218,7,6094,11,58484,12410,EU-WEST
4732,45340,12,CRITICAL,5,59057,3,1830,290,48791,3451,EU-WEST
4733,50555,14,ROUTINE,2,23476,1,1899,802,56008,5453,EU-WEST
4734,77413,21,ROUTINE,3,13426,1,4280,220,83602,6189,EU-WEST
4735,32843,9,ROUTINE,1,521091,6,6867,1296,49519,16676,EU-WEST
4736,36270,10,CRITICAL,3,501332,5,3567,1758,46478,10208,EU-CENTRAL
4737,36654,10,ROUTINE,1,44593,2,1448,88,48455,11801,US-EAST
4738,49081,13,ROUTINE,1,424393,6,4428,26,58494,9413,US-EAST
4739,67943,18,ROUTINE,3,6893,2,2640,113,82174,14231,EU-CENTRAL
4740,44296,12,CRITICAL,5,14156,2,1709,87,49197,4901,US-EAST
4741,80016,22,ROUTINE,1,75165,3,2734,42,84526,4510,US-EAST
4742,75608,21,ROUTINE,1,119510,3,2137,72,84770,9162,EU-WEST
4743,72695,20,ROUTINE,1,78654,2,1788,50,80524,7829,EU-WEST
4744,74619,20,CRITICAL,3,378900,7,5194,175,84231,9612,EU-WEST
4745,62256,17,ROUTINE,1,497326,8,4513,109,74797,12541,US-EAST
4746,52889,14,ROUTINE,2,540641,4,4686,276,64752,11863,US-EAST
4747,48605,13,CRITICAL,3,70851,3,4761,14,52410,3805,EU-WEST
4748,26715,7,ROUTINE,2,16719,2,2974,30,36686,9971,US-EAST
4749,66476,18,CRITICAL,3,51127,4,4896,103,70692,4216,US-EAST
4750,74101,20,ROUTINE,1,130016,2,3770,180,79800,5699,US-EAST
4751,52072,14,ROUTINE,1,36874,1,3969,59,66990,14918,US-EAST
4752,66467,18,ROUTINE,1,57392,4,4613,44,77878,11411,US-EAST
4753,40491,11,CRITICAL,3,334000,8,7337,127,52158,11667,US-EAST
4754,80618,22,ROUTINE,1,58587,2,1287,1686,87985,7367,EU-WEST
4755,54101,15,ROUTINE,2,59008,3,5347,275,67299,13198,US-EAST
4756,43205,12,ROUTINE,2,33070,1,1389,177,47563,4358,US-EAST
4757,73288,20,ROUTINE,2,47183,3,3116,248,86310,13022,US-EAST
4758,37658,10,ROUTINE,3,245493,6,3665,63,52295,14637,EU-WEST
4759,75440,20,ROUTINE,1,10091,1,2925,49,89661,14221,EU-CENTRAL
4760,36075,10,ROUTINE,1,53903,4,5774,253,50595,14520,EU-WEST
4761,34226,9,ROUTINE,1,18498,2,3669,214,37837,3611,EU-WEST
4762,51758,14,ROUTINE,3,24486,1,4337,1243,59939,8181,EU-WEST
4763,27828,7,ROUTINE,1,9398,1,2000,244,41701,13873,US-EAST
4764,82315,22,ROUTINE,1,54479,2,4153,106,96523,14208,EU-CENTRAL
4765,52936,14,CRITICAL,3,418199,8,4856,734,64031,11095,US-EAST
4766,77830,21,CRITICAL,5,245571,5,2926,58,85587,7757,US-EAST
4767,40383,11,CRITICAL,4,37137,1,3387,98,43950,3567,US-EAST
4768,87719,24,ROUTINE,3,44492,4,4028,143,104497,16778,US-EAST
4769,60714,16,ROUTINE,3,44068,2,3611,1515,71851,11137,US-EAST
4770,38790,10,ROUTINE,3,44127,2,1566,201,45465,6675,EU-CENTRAL
4771,47935,13,ROUTINE,2,177001,5,5046,99,58981,11046,EU-WEST
4772,26138,7,CRITICAL,3,201377,5,5795,54,35863,9725,EU-CENTRAL
4773,25010,6,ROUTINE,3,52900,4,4461,273,35185,10175,US-EAST
4774,80023,22,ROUTINE,2,181719,6,3681,231,94395,14372,US-EAST
4775,35453,9,ROUTINE,3,16317,1,2813,119,46942,11489,US-EAST
4776,31020,8,ROUTINE,3,26657,1,3317,51,35086,4066,EU-WEST
4777,77361,21,CRITICAL,4,316719,4,2315,1804,88149,10788,EU-WEST
4778,55330,15,ROUTINE,3,598711,5,3759,1210,70390,15060,EU-CENTRAL
4779,37084,10,ROUTINE,3,201115,6,4238,1091,47307,10223,EU-WEST
4780,32145,8,ROUTINE,3,172240,6,6005,106,43112,10967,US-EAST
4781,22931,6,ROUTINE,2,229443,7,5407,267,33162,10231,EU-CENTRAL
4782,33543,9,ROUTINE,1,473607,7,6893,126,44263,10720,US-EAST
4783,78566,21,ROUTINE,2,451810,5,4724,26,92919,14353,EU-CENTRAL
4784,77190,21,ROUTINE,2,45952,3,3495,767,86677,9487,EU-WEST
4785,42031,11,ROUTINE,2,529666,6,5881,1897,57589,15558,US-EAST
4786,78392,21,ROUTINE,3,50478,3,1822,63,84731,6339,EU-WEST
4787,41327,11,ROUTINE,1,124302,2,3149,212,48696,7369,EU-WEST
4788,35424,9,CRITICAL,5,564642,4,4783,1668,43145,7721,EU-WEST
4789,51944,14,ROUTINE,2,23247,2,3625,103,60231,8287,US-EAST
4790,41062,11,ROUTINE,1,50351,2,1495,1703,54156,13094,EU-WEST
4791,40513,11,ROUTINE,2,69089,3,4697,32,47674,7161,US-EAST
4792,34268,9,CRITICAL,3,411131,4,3903,214,45094,10826,EU-WEST
4793,42820,11,ROUTINE,3,154990,7,6127,105,54607,11787,EU-WEST
4794,75129,20,ROUTINE,3,54594,4,3175,186,79086,3957,US-EAST
4795,84894,23,ROUTINE,2,135202,4,3048,1365,96726,11832,EU-WEST
4796,41174,11,ROUTINE,3,55104,3,2145,77,56200,15026,US-EAST
4797,42905,11,CRITICAL,4,242674,7,6617,206,52901,9996,EU-CENTRAL
4798,66765,18,ROUTINE,1,25938,2,3676,208,75724,8959,EU-WEST
4799,31948,8,CRITICAL,4,88865,2,4693,215,38230,6282,EU-WEST
4800,52048,14,CRITICAL,3,26334,1,3836,232,55823,3775,US-EAST
4801,48552,13,ROUTINE,2,545685,6,4540,221,65761,17209,US-EAST
4802,70434,19,ROUTINE,2,54296,3,5007,658,85280,14846,EU-WEST
4803,78953,21,ROUTINE,1,23667,2,2612,227,90715,11762,EU-CENTRAL
4804,66027,18,CRITICAL,5,21466,2,3958,86,69570,3543,EU-WEST
4805,27177,7,ROUTINE,1,39190,1,3628,174,36779,9602,EU-CENTRAL
4806,36716,10,CRITICAL,3,50061,3,3205,227,40599,3883,US-EAST
4807,64994,18,ROUTINE,2,104388,4,3150,248,76502,11508,US-EAST
4808,24325,6,ROUTINE,3,187091,5,5833,186,41313,16988,US-EAST
4809,25834,7,ROUTINE,1,200903,7,5682,297,35431,9597,EU-CENTRAL
4810,27925,7,ROUTINE,3,9445,1,820,194,34600,6675,US-EAST
4811,25970,7,ROUTINE,1,38595,2,2551,1191,32761,6791,EU-CENTRAL
4812,27667,7,ROUTINE,3,99005,3,3567,156,39363,11696,EU-CENTRAL
4813,30221,8,CRITICAL,5,48294,3,3755,166,34333,4112,US-EAST
4814,81805,22,CRITICAL,5,126783,4,4627,264,87612,5807,US-EAST
4815,71010,19,ROUTINE,2,99006,2,2238,150,82799,11789,US-EAST
4816,45678,12,CRITICAL,4,22462,1,3532,87,46935,1257,US-EAST
4817,85488,23,ROUTINE,2,161384,4,5659,1791,92468,6980,EU-WEST
4818,51226,14,ROUTINE,3,18981,1,4156,165,64750,13524,EU-WEST
4819,59522,16,ROUTINE,2,39520,2,2429,159,75110,15588,EU-CENTRAL
4820,55239,15,ROUTINE,3,56462,2,4414,271,65697,10458,EU-WEST
4821,28830,8,ROUTINE,2,25415,2,1317,178,36355,7525,EU-WEST
4822,44210,12,CRITICAL,3,245874,8,7662,203,52177,7967,EU-CENTRAL
4823,45819,12,ROUTINE,3,180258,4,3697,227,61332,15513,EU-CENTRAL
4824,39907,11,ROUTINE,2,144488,3,4571,234,56631,16724,US-EAST
4825,27509,7,CRITICAL,4,120138,4,5751,73,35126,7617,EU-CENTRAL
4826,43438,12,ROUTINE,2,62316,3,4783,185,59797,16359,US-EAST
4827,34326,9,ROUTINE,3,581531,6,4520,87,49335,15009,US-EAST
4828,80712,22,CRITICAL,4,530766,4,3053,14,89196,8484,EU-WEST
4829,73675,20,ROUTINE,2,141092,3,3805,297,83724,10049,EU-WEST
4830,65013,18,ROUTINE,3,82242,4,4798,1410,76688,11675,US-EAST
4831,61122,16,ROUTINE,3,497648,7,4455,261,81149,20027,EU-CENTRAL
4832,55752,15,ROUTINE,1,52886,4,3356,298,72017,16265,EU-WEST
4833,41356,11,CRITICAL,3,82809,4,5503,139,46269,4913,EU-WEST
4834,30909,8,ROUTINE,3,31503,1,1918,75,46520,15611,US-EAST
4835,53110,14,ROUTINE,3,355160,8,6093,73,73510,20400,EU-WEST
4836,28132,7,ROUTINE,3,45611,3,2321,62,37101,8969,US-EAST
4837,75299,20,CRITICAL,3,12607,2,2541,68,78273,2974,EU-CENTRAL
4838,52670,14,ROUTINE,3,28098,1,1258,61,62068,9398,US-EAST
4839,26594,7,ROUTINE,2,177337,6,3985,296,41350,14756,EU-WEST
4840,89623,24,ROUTINE,1,224210,4,4330,269,105830,16207,EU-CENTRAL
4841,62367,17,ROUTINE,2,93027,3,1969,1194,77820,15453,EU-WEST
4842,72225,20,ROUTINE,1,99950,2,2638,58,90563,18338,EU-CENTRAL
4843,58625,16,ROUTINE,1,197623,8,6951,35,78120,19495,EU-CENTRAL
4844,39775,11,ROUTINE,1,41522,3,5186,496,54693,14918,EU-WEST
4845,44429,12,ROUTINE,3,17710,2,1762,78,57541,13112,EU-CENTRAL
4846,28619,7,ROUTINE,2,517979,5,4186,68,44107,15488,EU-CENTRAL
4847,74323,20,ROUTINE,1,24577,1,1628,152,82238,7915,EU-WEST
4848,80057,22,CRITICAL,5,110040,3,3043,11,84063,4006,EU-WEST
4849,49930,13,ROUTINE,1,29636,1,2421,150,54156,4226,US-EAST
4850,31659,8,ROUTINE,2,109324,2,2992,80,42414,10755,US-EAST
4851,80910,22,ROUTINE,1,201009,4,5316,114,93350,12440,EU-WEST
4852,56243,15,ROUTINE,1,85798,4,3947,1219,73577,17334,EU-CENTRAL
4853,40156,11,CRITICAL,5,44340,2,2224,370,45504,5348,US-EAST
4854,22377,6,ROUTINE,2,279290,5,4060,197,40188,17811,US-EAST
4855,70119,19,ROUTINE,3,22181,1,3038,1665,83363,13244,EU-WEST
4856,69100,19,ROUTINE,3,149540,4,5578,77,76830,7730,EU-WEST
4857,53870,14,ROUTINE,3,43209,4,4485,179,69937,16067,US-EAST
4858,30967,8,ROUTINE,1,25800,2,2607,64,42373,11406,US-EAST
4859,82262,22,ROUTINE,1,12570,2,3518,94,86098,3836,US-EAST
4860,49544,13,ROUTINE,2,197746,8,7161,54,62954,13410,EU-WEST
4861,73619,20,CRITICAL,5,13888,2,2526,218,76061,2442,US-EAST
4862,58956,16,ROUTINE,1,83740,4,5203,953,71580,12624,US-EAST
4863,83097,23,ROUTINE,3,172882,6,4451,176,97129,14032,EU-WEST
4864,78833,21,CRITICAL,3,40761,2,4644,125,84088,5255,EU-WEST
4865,64202,17,CRITICAL,5,91379,2,2658,13,67767,3565,EU-CENTRAL
4866,55701,15,ROUTINE,3,517410,8,5083,178,66745,11044,EU-WEST
4867,25324,7,CRITICAL,3,49981,4,3282,93,31035,5711,US-EAST
4868,45786,12,ROUTINE,2,13714,1,1709,143,56831,11045,US-EAST
4869,24115,6,CRITICAL,3,19238,2,3000,394,28394,4279,EU-WEST
4870,69151,19,CRITICAL,4,557143,6,4731,202,78404,9253,EU-CENTRAL
4871,24787,6,CRITICAL,4,16292,2,2192,251,28160,3373,US-EAST
4872,56007,15,ROUTINE,1,145370,3,4989,276,62994,6987,EU-WEST
4873,67355,18,ROUTINE,2,6874,1,2631,230,73724,6369,EU-CENTRAL
4874,68134,18,ROUTINE,3,117635,3,3577,251,79858,11724,EU-CENTRAL
4875,88602,24,CRITICAL,3,20198,2,2470,7,92676,4074,US-EAST
4876,73556,20,ROUTINE,1,93487,4,2316,1303,80877,7321,US-EAST
4877,56573,15,CRITICAL,3,593634,8,4941,158,67774,11201,EU-CENTRAL
4878,58647,16,ROUTINE,3,322943,5,5716,277,72272,13625,EU-CENTRAL
4879,27179,7,ROUTINE,1,15430,2,4003,86,40911,13732,EU-WEST
4880,35017,9,ROUTINE,3,413586,6,3937,1368,45194,10177,EU-CENTRAL
4881,71778,19,ROUTINE,2,173283,6,6332,132,79265,7487,EU-WEST
4882,40716,11,ROUTINE,3,19682,1,3596,160,53395,12679,EU-WEST
4883,28228,7,ROUTINE,2,352742,8,5611,185,48039,19811,EU-WEST
4884,47642,13,ROUTINE,1,23600,2,2768,52,51211,3569,EU-WEST
4885,61232,17,ROUTINE,1,22938,2,4080,220,67551,6319,US-EAST
4886,54282,15,CRITICAL,3,187692,4,4223,245,60883,6601,EU-CENTRAL
4887,36101,10,ROUTINE,3,167150,5,3928,1946,45057,8956,EU-CENTRAL
4888,35867,9,ROUTINE,1,121051,4,5131,186,48396,12529,EU-WEST
4889,49986,13,CRITICAL,3,26104,2,1952,233,53418,3432,EU-WEST
4890,32052,8,CRITICAL,4,167879,6,6208,251,38150,6098,US-EAST
4891,30376,8,ROUTINE,2,26123,1,4109,74,43944,13568,EU-WEST
4892,25223,7,ROUTINE,1,165883,6,6605,1305,38606,13383,EU-CENTRAL
4893,79020,21,ROUTINE,3,55418,4,3048,226,87686,8666,US-EAST
4894,78563,21,ROUTINE,2,495690,5,4925,153,88039,9476,EU-WEST
4895,42670,11,CRITICAL,5,55193,4,3843,36,48825,6155,US-EAST
4896,53564,14,ROUTINE,1,217693,7,5354,135,69942,16378,EU-CENTRAL
4897,57619,16,ROUTINE,2,190161,8,7162,284,77053,19434,EU-WEST
4898,65263,18,ROUTINE,2,42371,4,3392,214,72038,6775,US-EAST
4899,60004,16,ROUTINE,1,566590,5,4381,219,80625,20621,US-EAST
4900,54268,15,ROUTINE,3,440726,5,5375,160,64825,10557,US-EAST
4901,34770,9,ROUTINE,3,53039,2,3524,79,49557,14787,EU-WEST
4902,27661,7,ROUTINE,3,52485,4,4927,269,39447,11786,US-EAST
4903,60803,16,CRITICAL,3,59585,2,3971,170,63022,2219,EU-WEST
4904,56230,15,CRITICAL,5,68025,4,3530,107,59044,2814,US-EAST
4905,80417,22,CRITICAL,3,83309,3,4315,152,83552,3135,US-EAST
4906,33747,9,CRITICAL,4,244582,8,4725,13,41093,7346,EU-WEST
4907,78578,21,CRITICAL,3,6176,1,3537,237,80893,2315,US-EAST
4908,87351,24,ROUTINE,2,500444,6,4628,60,97238,9887,EU-CENTRAL
4909,28652,7,CRITICAL,3,43084,3,3839,264,33344,4692,EU-WEST
4910,60996,16,ROUTINE,3,22930,2,4005,191,66814,5818,US-EAST
4911,27692,7,CRITICAL,5,201701,4,5424,157,35658,7966,US-EAST
4912,33612,9,ROUTINE,2,48658,2,3535,140,48350,14738,EU-CENTRAL
4913,22518,6,CRITICAL,4,8490,1,3797,9,25109,2591,EU-WEST
4914,83576,23,ROUTINE,2,49855,2,1650,211,95279,11703,EU-WEST
4915,56615,15,CRITICAL,3,50271,3,4113,1626,58717,2102,US-EAST
4916,45964,12,ROUTINE,3,13354,2,4224,127,49582,3618,US-EAST
4917,39599,10,ROUTINE,3,9691,2,4837,185,51090,11491,US-EAST
4918,82701,22,ROUTINE,3,55226,2,4071,139,92871,10170,EU-WEST
4919,38909,10,ROUTINE,1,28528,2,3997,1067,42090,3181,US-EAST
4920,51097,14,ROUTINE,2,22704,1,2191,244,54677,3580,EU-CENTRAL
4921,89035,24,ROUTINE,3,227311,5,2961,396,109879,20844,EU-CENTRAL
4922,43140,11,CRITICAL,5,188574,4,2832,118,49696,6556,US-EAST
4923,61035,16,ROUTINE,3,13485,1,2885,693,76081,15046,EU-WEST
4924,69651,19,ROUTINE,1,394806,8,4647,66,83001,13350,EU-WEST
4925,64547,17,ROUTINE,2,43626,2,1596,30,68848,4301,EU-CENTRAL
4926,53861,14,ROUTINE,1,406535,7,7063,212,63287,9426,EU-WEST
4927,48365,13,ROUTINE,3,98849,4,3275,125,57893,9528,US-EAST
4928,31155,8,ROUTINE,2,12113,1,3252,270,37550,6395,EU-CENTRAL
4929,34827,9,ROUTINE,2,22238,2,3983,246,42525,7698,EU-WEST
4930,44471,12,CRITICAL,3,201979,7,6966,289,52579,8108,EU-WEST
4931,42926,11,ROUTINE,3,112450,3,3599,14,54273,11347,EU-WEST
4932,31505,8,ROUTINE,1,356966,4,5615,219,49497,17992,US-EAST
4933,48835,13,ROUTINE,3,195008,7,6672,202,58987,10152,EU-WEST
4934,42384,11,ROUTINE,3,42747,3,3151,287,55438,13054,EU-CENTRAL
4935,37750,10,ROUTINE,2,6847,1,1455,8,51324,13574,EU-WEST
4936,49326,13,ROUTINE,2,20132,1,2768,101,62539,13213,EU-WEST
4937,54305,15,ROUTINE,2,218391,8,6464,748,69123,14818,EU-WEST
4938,39285,10,CRITICAL,5,83645,2,1465,1989,45629,6344,EU-CENTRAL
4939,48833,13,ROUTINE,1,48834,4,2512,72,57876,9043,EU-WEST
4940,53028,14,ROUTINE,2,5526,2,2175,144,63206,10178,US-EAST
4941,48246,13,ROUTINE,1,561218,7,5883,12,59045,10799,EU-WEST
4942,85217,23,ROUTINE,3,407712,5,4257,85,100148,14931,EU-WEST
4943,83708,23,CRITICAL,4,37926,1,1353,45,86333,2625,US-EAST
4944,35021,9,ROUTINE,3,123747,2,2336,780,48789,13768,EU-CENTRAL
4945,28756,7,ROUTINE,1,218287,4,3238,169,49249,20493,US-EAST
4946,31743,8,ROUTINE,1,503659,7,4834,204,48837,17094,US-EAST
4947,38244,10,ROUTINE,1,242965,6,6109,18,50302,12058,US-EAST
4948,40205,11,ROUTINE,1,33045,2,3650,1051,52515,12310,US-EAST
4949,50412,14,ROUTINE,2,30636,2,2093,142,56053,5641,US-EAST
4950,77191,21,ROUTINE,1,196009,4,3752,134,91825,14634,EU-WEST
4951,46040,12,ROUTINE,1,37454,2,2287,148,61799,15759,US-EAST
4952,63715,17,CRITICAL,5,595314,5,4746,111,74127,10412,US-EAST
4953,32564,9,CRITICAL,5,534037,4,5083,159,41579,9015,EU-WEST
4954,49538,13,ROUTINE,2,7220,1,1898,65,57286,7748,US-EAST
4955,60527,16,ROUTINE,2,157309,6,6858,17,69809,9282,US-EAST
4956,87318,24,ROUTINE,3,396957,7,5429,1622,108571,21253,EU-WEST
4957,49252,13,ROUTINE,3,541567,5,4237,94,71607,22355,EU-WEST
4958,35188,9,ROUTINE,1,67957,2,2084,32,44872,9684,EU-CENTRAL
4959,45834,12,CRITICAL,4,37225,2,4444,1399,47692,1858,EU-CENTRAL
4960,38042,10,CRITICAL,3,219426,8,6677,1806,44376,6334,EU-CENTRAL
4961,47937,13,ROUTINE,2,401465,7,5700,90,60953,13016,EU-WEST
4962,25347,7,ROUTINE,3,571145,7,7274,199,36617,11270,US-EAST
4963,66605,18,ROUTINE,3,52560,4,4973,1412,74280,7675,EU-WEST
4964,77260,21,ROUTINE,2,58175,4,3595,242,94443,17183,US-EAST
4965,84305,23,ROUTINE,1,184302,6,3890,496,99842,15537,US-EAST
4966,29842,8,ROUTINE,2,33283,2,2035,605,43369,13527,EU-CENTRAL
4967,52018,14,ROUTINE,1,231820,8,5244,170,69145,17127,EU-WEST
4968,85819,23,ROUTINE,1,44061,4,3077,122,90563,4744,US-EAST
4969,40959,11,ROUTINE,2,59015,3,2802,6,55198,14239,US-EAST
4970,56696,15,ROUTINE,1,84408,4,3706,230,72908,16212,US-EAST
4971,71530,19,CRITICAL,4,61495,2,3637,148,75008,3478,US-EAST
4972,38568,10,ROUTINE,3,123830,4,5028,123,53129,14561,EU-CENTRAL
4973,61297,17,ROUTINE,2,46523,3,2862,41,77802,16505,EU-CENTRAL
4974,32906,9,ROUTINE,1,30705,1,3425,205,48688,15782,US-EAST
4975,86059,23,ROUTINE,3,243361,5,5797,79,106594,20535,EU-WEST
4976,57289,15,CRITICAL,5,228035,7,5925,143,63888,6599,US-EAST
4977,82774,22,ROUTINE,2,190488,5,3642,116,94829,12055,US-EAST
4978,47984,13,CRITICAL,3,24940,2,3239,198,49565,1581,EU-WEST
4979,36708,10,ROUTINE,1,219924,7,3992,253,56871,20163,US-EAST
4980,58122,16,ROUTINE,2,138159,2,1624,101,76180,18058,EU-CENTRAL
4981,47270,13,ROUTINE,3,30836,1,1885,19,55628,8358,EU-WEST
4982,78012,21,ROUTINE,2,97858,4,4063,240,84010,5998,US-EAST
4983,89466,24,CRITICAL,3,415915,5,3077,170,98641,9175,US-EAST
4984,45495,12,ROUTINE,2,27128,1,3608,171,60555,15060,US-EAST
4985,64473,17,ROUTINE,2,33557,2,2710,127,80198,15725,EU-WEST
4986,32976,9,ROUTINE,3,45541,2,4828,108,44778,11802,EU-WEST
4987,64988,18,CRITICAL,4,220475,4,3037,59,72038,7050,US-EAST
4988,32762,9,ROUTINE,1,40067,4,4413,1907,42312,9550,EU-CENTRAL
4989,85844,23,ROUTINE,2,203701,7,4072,79,95021,9177,EU-WEST
4990,54508,15,ROUTINE,3,224146,8,6465,267,64211,9703,US-EAST
4991,38796,10,ROUTINE,1,10310,2,3270,61,51689,12893,US-EAST
4992,41707,11,CRITICAL,5,79290,3,3813,294,45463,3756,EU-WEST
4993,66115,18,ROUTINE,3,142520,3,4610,639,72742,6627,EU-CENTRAL
4994,79355,22,CRITICAL,3,283582,4,4703,155,87122,7767,EU-WEST
4995,23246,6,ROUTINE,3,304691,8,6119,61,35813,12567,EU-CENTRAL
4996,28250,7,ROUTINE,3,476402,8,7209,1206,48909,20659,EU-CENTRAL
4997,36402,10,ROUTINE,1,316634,8,5805,62,57552,21150,EU-CENTRAL
4998,40053,11,ROUTINE,1,419968,7,6735,100,57313,17260,EU-WEST
4999,69260,19,ROUTINE,1,561559,4,5262,244,78801,9541,EU-CENTRAL
5000,44337,12,ROUTINE,3,65245,4,4348,204,59238,14901,EU-WEST
5001,54391,15,CRITICAL,5,189957,5,4842,13,60868,6477,EU-WEST
5002,48554,13,CRITICAL,5,33699,1,2212,262,50978,2424,US-EAST
5003,54937,15,ROUTINE,1,18489,2,1496,28,69856,14919,EU-WEST
5004,38905,10,ROUTINE,3,133221,3,2385,97,50295,11390,EU-WEST
5005,60900,16,ROUTINE,1,11853,1,4231,95,76914,16014,EU-WEST
5006,56268,15,ROUTINE,3,353103,4,4734,95,71465,15197,US-EAST
5007,27707,7,ROUTINE,3,321508,7,6044,283,42856,15149,EU-WEST
5008,73612,20,ROUTINE,3,159768,7,7113,273,82300,8688,EU-CENTRAL
5009,37409,10,CRITICAL,3,238846,7,4250,1562,44864,7455,EU-CENTRAL
5010,55245,15,CRITICAL,3,113181,3,2425,175,60809,5564,EU-WEST
5011,60224,16,CRITICAL,3,63907,4,4507,76,63912,3688,EU-CENTRAL
5012,45715,12,ROUTINE,1,239590,7,4367,109,59902,14187,US-EAST
5013,27636,7,CRITICAL,3,211658,5,5706,298,37409,9773,US-EAST
5014,80672,22,ROUTINE,3,42303,3,3062,1648,88850,8178,EU-CENTRAL
5015,82088,22,ROUTINE,2,33326,1,2808,42,91746,9658,EU-CENTRAL
5016,50867,14,ROUTINE,3,216014,4,5002,93,70172,19305,EU-CENTRAL
5017,24642,6,ROUTINE,2,483065,5,6198,130,35109,10467,EU-WEST
5018,62752,17,ROUTINE,2,20614,1,3194,1067,67779,5027,US-EAST
5019,33189,9,CRITICAL,3,107520,4,2771,196,38092,4903,US-EAST
5020,32951,9,ROUTINE,1,131483,3,2103,210,51234,18283,EU-WEST
5021,23573,6,ROUTINE,1,7043,1,3617,470,34351,10778,US-EAST
5022,87483,24,ROUTINE,3,189171,5,2972,48,104165,16682,EU-WEST
5023,66680,18,CRITICAL,5,230203,6,3783,170,74099,7419,EU-WEST
5024,59203,16,ROUTINE,1,187721,7,5548,182,78710,19507,EU-CENTRAL
5025,71887,19,ROUTINE,2,25795,2,3376,239,82783,10896,US-EAST
5026,33924,9,ROUTINE,1,430315,6,3375,181,44571,10647,US-EAST
5027,39428,10,ROUTINE,1,38909,2,1492,160,54029,14601,EU-CENTRAL
5028,38168,10,CRITICAL,5,416497,6,6786,213,48597,10429,EU-WEST
5029,31234,8,ROUTINE,2,359164,8,5598,185,45957,14723,EU-CENTRAL
5030,36062,10,ROUTINE,3,18540,2,3133,1884,51788,15726,EU-CENTRAL
5031,71842,19,CRITICAL,4,504851,6,4143,185,81818,9976,EU-WEST
5032,45540,12,ROUTINE,2,341361,8,6174,143,60780,15240,EU-CENTRAL
5033,37978,10,ROUTINE,3,398708,5,5310,780,51972,13994,EU-WEST
5034,70667,19,ROUTINE,2,510889,7,6465,261,86312,15645,EU-WEST
5035,71559,19,CRITICAL,5,51309,4,5160,233,76154,4595,EU-CENTRAL
5036,64144,17,ROUTINE,2,85594,3,3934,232,76566,12422,US-EAST
5037,69413,19,ROUTINE,3,20687,1,3420,179,81643,12230,EU-CENTRAL
5038,81612,22,ROUTINE,2,598340,5,2875,275,97802,16190,US-EAST
5039,26497,7,CRITICAL,3,30510,1,2179,192,29196,2699,EU-WEST
5040,44595,12,ROUTINE,3,58432,4,5146,204,56087,11492,US-EAST
5041,76814,21,ROUTINE,2,37847,1,1471,1826,89262,12448,US-EAST
5042,23999,6,ROUTINE,2,38136,1,3005,257,32834,8835,EU-WEST
5043,78538,21,ROUTINE,3,127504,2,3204,206,94725,16187,US-EAST
5044,47285,13,CRITICAL,4,21802,2,4667,61,51117,3832,EU-WEST
5045,25839,7,ROUTINE,2,238462,7,6107,228,37085,11246,EU-WEST
5046,49365,13,ROUTINE,3,458162,7,7194,146,63719,14354,EU-WEST
5047,60139,16,CRITICAL,3,28142,1,1578,911,62274,2135,EU-WEST
5048,34511,9,CRITICAL,3,11478,1,902,84,35526,1015,EU-CENTRAL
5049,49940,13,CRITICAL,5,11528,2,4296,1342,52947,3007,EU-CENTRAL
5050,75858,21,ROUTINE,2,48338,4,5008,271,80651,4793,EU-CENTRAL
5051,23957,6,ROUTINE,2,206227,8,7042,15,40487,16530,US-EAST
5052,21682,6,ROUTINE,2,16060,2,2224,290,36909,15227,EU-WEST
5053,26527,7,ROUTINE,3,41562,3,5062,103,37276,10749,EU-CENTRAL
5054,34302,9,CRITICAL,3,52501,4,2535,266,38610,4308,US-EAST
5055,40322,11,ROUTINE,3,105475,3,3156,184,51908,11586,US-EAST
5056,57771,16,ROUTINE,1,153467,4,3659,111,65625,7854,EU-WEST
5057,79992,22,CRITICAL,4,11677,2,2918,18,83580,3588,EU-WEST
5058,38381,10,CRITICAL,3,33130,1,3367,236,40614,2233,US-EAST
5059,43570,12,ROUTINE,3,222505,7,3865,80,53191,9621,US-EAST
5060,64556,17,ROUTINE,2,59345,2,2085,216,74380,9824,EU-WEST
5061,85067,23,ROUTINE,2,52932,2,4486,213,96528,11461,US-EAST
5062,42765,11,CRITICAL,3,20217,2,3402,113,43912,1147,EU-WEST
5063,47311,13,CRITICAL,4,137129,4,3192,153,55172,7861,US-EAST
5064,35213,9,ROUTINE,1,8684,2,4093,290,42050,6837,EU-WEST
5065,83877,23,ROUTINE,1,167170,7,4547,257,94811,10934,EU-WEST
5066,77474,21,ROUTINE,3,245662,6,3882,1678,87906,10432,EU-CENTRAL
5067,38326,10,ROUTINE,3,9661,1,3680,158,52767,14441,US-EAST
5068,25617,7,ROUTINE,3,442246,8,4507,944,40777,15160,US-EAST
5069,31739,8,ROUTINE,2,67786,2,2875,49,38284,6545,EU-WEST
5070,58479,16,CRITICAL,4,53349,4,5208,73,64128,5649,EU-WEST
5071,82705,22,CRITICAL,4,225175,7,4769,35,92087,9382,EU-WEST
5072,70364,19,ROUTINE,2,87712,3,4161,1166,84016,13652,EU-WEST
5073,45232,12,ROUTINE,2,38223,1,3966,177,51968,6736,US-EAST
5074,73413,20,ROUTINE,1,58611,3,2285,83,85625,12212,EU-CENTRAL
5075,69907,19,ROUTINE,1,229472,5,2829,48,86719,16812,US-EAST
5076,66872,18,ROUTINE,1,279027,5,5913,21,87272,20400,US-EAST
5077,29711,8,ROUTINE,2,6499,2,3330,1586,37298,7587,EU-WEST
5078,39078,10,ROUTINE,2,14039,1,2777,252,41916,2838,EU-WEST
5079,44085,12,ROUTINE,2,54274,2,2398,46,48241,4156,EU-CENTRAL
5080,74805,20,CRITICAL,5,202936,8,4681,75,83866,9061,US-EAST
5081,45564,12,ROUTINE,2,24223,2,3783,193,53904,8340,EU-WEST
5082,38665,10,ROUTINE,3,32309,1,2098,124,42116,3451,US-EAST
5083,62603,17,CRITICAL,3,211037,6,4703,1414,71520,8917,EU-CENTRAL
5084,49846,13,CRITICAL,5,28490,1,3183,180,52017,2171,US-EAST
5085,29307,8,ROUTINE,1,389402,5,3157,141,51475,22168,US-EAST
5086,72145,20,CRITICAL,5,443461,8,6345,146,83077,10932,US-EAST
5087,70488,19,CRITICAL,3,423007,6,3877,53,81367,10879,EU-CENTRAL
5088,41703,11,CRITICAL,3,37048,2,3402,153,46309,4606,EU-WEST
5089,69824,19,ROUTINE,3,25616,1,3662,157,83976,14152,EU-CENTRAL
5090,82743,22,ROUTINE,3,42657,2,3663,74,94957,12214,EU-WEST
5091,25784,7,ROUTINE,2,12297,2,1737,618,33635,7851,EU-WEST
5092,78171,21,ROUTINE,2,51611,4,3531,196,85480,7309,US-EAST
5093,45558,12,CRITICAL,4,102046,2,1557,1675,50538,4980,EU-WEST
5094,56941,15,ROUTINE,3,28074,1,3130,48,62262,5321,EU-WEST
5095,53451,14,CRITICAL,4,37593,2,2197,1359,58253,4802,EU-WEST
5096,35813,9,ROUTINE,3,39853,2,4541,163,46487,10674,US-EAST
5097,63871,17,ROUTINE,3,5011,1,2180,276,76209,12338,EU-CENTRAL
5098,73894,20,ROUTINE,3,520812,6,4269,215,89243,15349,EU-CENTRAL
5099,67972,18,ROUTINE,1,186634,6,5044,297,88494,20522,US-EAST
5100,38589,10,ROUTINE,2,28215,2,3149,24,51131,12542,EU-WEST
5101,57370,15,ROUTINE,1,45567,3,3578,57,73224,15854,EU-CENTRAL
5102,51008,14,ROUTINE,2,190201,8,6363,265,67728,16720,EU-CENTRAL
5103,59219,16,CRITICAL,3,184805,7,4074,187,65061,5842,US-EAST
5104,80751,22,ROUTINE,2,114264,4,4938,246,88324,7573,EU-WEST
5105,49865,13,ROUTINE,1,9631,1,2023,37,62462,12597,EU-WEST
5106,51398,14,CRITICAL,5,30997,2,2921,194,54188,2790,EU-WEST
5107,25004,6,ROUTINE,2,448920,5,3109,25,42019,17015,EU-WEST
5108,74187,20,ROUTINE,1,215900,4,3971,154,85598,11411,EU-CENTRAL
5109,71811,19,CRITICAL,4,44569,4,3576,57,74966,3155,EU-CENTRAL
5110,24257,6,ROUTINE,1,597510,7,6332,1723,34147,9890,EU-WEST
5111,42296,11,ROUTINE,2,377970,4,5424,290,61424,19128,EU-WEST
5112,35786,9,ROUTINE,1,51495,2,3633,219,44172,8386,US-EAST
5113,61930,17,CRITICAL,3,24331,1,3456,41,67188,5258,US-EAST
5114,40236,11,ROUTINE,3,91206,3,4396,200,55362,15126,EU-WEST
5115,42382,11,ROUTINE,1,43304,2,1842,289,50851,8469,US-EAST
5116,77029,21,ROUTINE,1,187900,5,3292,30,89428,12399,EU-WEST
5117,86042,23,ROUTINE,1,198479,5,6002,166,100596,14554,EU-WEST
5118,24730,6,CRITICAL,4,24749,1,1410,105,29479,4749,US-EAST
5119,65727,18,ROUTINE,3,40632,2,4689,58,74862,9135,US-EAST
5120,28067,7,ROUTINE,3,45990,4,4527,293,43485,15418,US-EAST
5121,78719,21,ROUTINE,3,106005,4,2765,191,95440,16721,EU-CENTRAL
5122,72112,20,CRITICAL,3,266220,7,4859,91,80189,8077,EU-WEST
5123,76031,21,ROUTINE,1,48700,4,3799,64,84285,8254,EU-CENTRAL
5124,52985,14,CRITICAL,4,59665,4,5401,158,59276,6291,US-EAST
5125,56357,15,ROUTINE,2,41161,3,2183,49,64550,8193,EU-CENTRAL
5126,54920,15,CRITICAL,3,123608,3,2924,86,59139,4219,US-EAST
5127,26258,7,CRITICAL,4,113447,2,3912,237,30206,3948,EU-CENTRAL
5128,74236,20,CRITICAL,3,535169,6,6732,182,85210,10974,US-EAST
5129,48069,13,CRITICAL,4,18172,1,2076,558,49352,1283,US-EAST
5130,33513,9,ROUTINE,2,37669,2,3272,282,47221,13708,EU-CENTRAL
5131,47706,13,ROUTINE,3,184865,4,4878,220,63957,16251,EU-CENTRAL
5132,36819,10,ROUTINE,3,310618,8,7024,194,47903,11084,US-EAST
5133,60148,16,CRITICAL,3,58352,3,2286,65,62930,2782,EU-CENTRAL
5134,57414,15,ROUTINE,3,81362,4,2397,130,74280,16866,EU-WEST
5135,82287,22,ROUTINE,3,236122,6,6604,123,92160,9873,US-EAST
5136,62396,17,CRITICAL,4,38478,1,1275,972,64213,1817,US-EAST
5137,63469,17,ROUTINE,1,510271,4,4926,174,80934,17465,US-EAST
5138,70800,19,ROUTINE,2,210002,8,6866,296,83894,13094,EU-CENTRAL
5139,27186,7,CRITICAL,3,52405,3,2159,89,29576,2390,US-EAST
5140,63188,17,ROUTINE,3,108614,3,3369,1552,73827,10639,EU-CENTRAL
5141,58120,16,CRITICAL,3,245959,8,7724,170,67336,9216,EU-CENTRAL
5142,36153,10,ROUTINE,2,39840,1,3974,112,48011,11858,EU-WEST
5143,43091,11,ROUTINE,1,162344,6,4813,125,54427,11336,US-EAST
5144,76430,21,ROUTINE,3,265397,5,3047,119,93243,16813,US-EAST
5145,57493,15,ROUTINE,3,79057,2,1721,275,63416,5923,EU-WEST
5146,57931,16,ROUTINE,1,153538,4,4965,65,70752,12821,EU-WEST
5147,55317,15,ROUTINE,1,177276,7,5497,160,63180,7863,EU-CENTRAL
5148,72434,20,ROUTINE,1,29638,2,2174,579,87358,14924,EU-WEST
5149,66677,18,ROUTINE,1,206261,5,4286,262,82850,16173,US-EAST
5150,51700,14,ROUTINE,2,142464,2,1324,279,63186,11486,EU-WEST
5151,85191,23,CRITICAL,4,16858,2,1786,256,89401,4210,EU-WEST
5152,72772,20,ROUTINE,1,467806,8,6895,291,90286,17514,EU-CENTRAL
5153,71058,19,ROUTINE,2,52102,4,2757,90,83872,12814,EU-WEST
5154,45003,12,ROUTINE,1,12192,2,3610,240,56966,11963,US-EAST
5155,53653,14,ROUTINE,1,36117,2,3915,32,65650,11997,EU-WEST
5156,46376,12,ROUTINE,2,483398,6,5338,148,60241,13865,EU-WEST
5157,46038,12,ROUTINE,1,252605,8,4390,292,59245,13207,EU-WEST
5158,29032,8,ROUTINE,3,22532,1,4222,278,32314,3282,US-EAST
5159,79566,22,ROUTINE,2,50152,4,4504,246,87622,8056,US-EAST
5160,27821,7,ROUTINE,2,412518,4,5129,157,42313,14492,EU-WEST
5161,35414,9,ROUTINE,3,599885,5,3059,1676,51520,16106,EU-WEST
5162,62830,17,ROUTINE,1,49612,3,2709,230,69367,6537,EU-CENTRAL
5163,28850,8,CRITICAL,5,98965,3,1888,17,35931,7081,EU-CENTRAL
5164,54303,15,ROUTINE,3,56123,3,2123,83,61731,7428,US-EAST
5165,35350,9,ROUTINE,1,31721,2,2967,295,41561,6211,US-EAST
5166,40353,11,ROUTINE,2,204634,5,3060,56,59346,18993,EU-CENTRAL
5167,41980,11,ROUTINE,2,97703,2,3467,160,59954,17974,EU-WEST
5168,75988,21,CRITICAL,3,42400,4,5417,48,78252,2264,US-EAST
5169,61101,16,CRITICAL,5,17686,2,2005,15,62832,1731,US-EAST
5170,74806,20,ROUTINE,3,29603,2,3841,240,78911,4105,EU-CENTRAL
5171,76972,21,ROUTINE,2,119591,2,1679,147,94288,17316,US-EAST
5172,32966,9,ROUTINE,3,9741,2,1661,31,41889,8923,US-EAST
5173,69377,19,ROUTINE,3,53230,3,2631,133,82219,12842,EU-CENTRAL
5174,43656,12,ROUTINE,2,8234,2,4623,109,49838,6182,US-EAST
5175,65282,18,ROUTINE,2,57336,2,1298,231,76752,11470,US-EAST
5176,22680,6,ROUTINE,2,113945,2,4476,244,31235,8555,EU-CENTRAL
5177,70754,19,ROUTINE,3,425689,6,6097,136,90123,19369,EU-CENTRAL
5178,31020,8,ROUTINE,3,44779,4,2830,155,35375,4355,EU-WEST
5179,68435,19,ROUTINE,3,14092,1,2562,123,79800,11365,EU-WEST
5180,57736,16,ROUTINE,2,415151,8,6433,193,77901,20165,EU-CENTRAL
5181,54906,15,ROUTINE,2,44294,4,3338,1174,65812,10906,EU-WEST
5182,27450,7,ROUTINE,1,9728,1,2608,286,35852,8402,US-EAST
5183,65316,18,CRITICAL,3,11355,1,3903,257,69273,3957,US-EAST
5184,49358,13,ROUTINE,1,111664,2,3928,91,59805,10447,US-EAST
5185,45309,12,ROUTINE,2,53172,2,3057,235,49094,3785,EU-WEST
5186,37743,10,CRITICAL,5,165839,8,6308,287,44294,6551,EU-WEST
5187,46480,12,ROUTINE,3,33873,2,3609,282,57311,10831,US-EAST
5188,85525,23,ROUTINE,3,22458,1,1777,151,95605,10080,EU-WEST
5189,34036,9,ROUTINE,1,344493,8,5709,1294,56064,22028,US-EAST
5190,29469,8,ROUTINE,1,16295,1,3655,653,39933,10464,EU-WEST
5191,72166,20,CRITICAL,3,13513,1,4195,152,74710,2544,US-EAST
5192,85280,23,ROUTINE,3,37565,1,1448,636,96523,11243,US-EAST
5193,37122,10,ROUTINE,3,47002,3,3027,248,41534,4412,EU-WEST
5194,34565,9,CRITICAL,3,175848,7,5078,159,40571,6006,EU-WEST
5195,30815,8,ROUTINE,1,345931,4,3111,10,51862,21047,EU-CENTRAL
5196,57073,15,ROUTINE,1,403295,7,3852,983,67217,10144,EU-WEST
5197,46630,12,ROUTINE,1,87269,3,2551,291,56838,10208,US-EAST
5198,89593,24,ROUTINE,2,167255,8,5904,233,103635,14042,US-EAST
5199,73988,20,CRITICAL,3,28592,2,2489,677,78817,4829,EU-CENTRAL
5200,29726,8,CRITICAL,3,500280,7,7041,241,39294,9568,EU-WEST
5201,65259,18,CRITICAL,3,11238,2,1757,19,68597,3338,EU-WEST
5202,66453,18,ROUTINE,3,167040,7,5130,203,84942,18489,EU-CENTRAL
5203,78642,21,ROUTINE,1,244634,4,3531,1706,90608,11966,EU-WEST
5204,25411,7,CRITICAL,4,313683,4,3182,81,33582,8171,EU-CENTRAL
5205,52040,14,ROUTINE,2,214435,5,3162,930,63821,11781,EU-WEST
5206,30485,8,ROUTINE,2,43120,3,2855,84,40204,9719,EU-WEST
5207,49731,13,ROUTINE,2,176953,7,5542,267,61574,11843,EU-CENTRAL
5208,67513,18,CRITICAL,5,570315,7,6503,227,78811,11298,EU-CENTRAL
5209,83519,23,CRITICAL,4,304281,4,4006,103,93403,9884,US-EAST
5210,68822,19,ROUTINE,3,49220,2,4392,140,73585,4763,EU-CENTRAL
5211,53822,14,CRITICAL,5,194246,4,3290,211,60833,7011,EU-WEST
5212,44202,12,ROUTINE,3,384569,5,6110,12,58339,14137,US-EAST
5213,34722,9,CRITICAL,3,108986,3,2782,84,39483,4761,EU-WEST
5214,34483,9,ROUTINE,1,455557,8,5736,1303,52906,18423,EU-WEST
5215,69512,19,ROUTINE,1,12579,2,3244,140,76301,6789,EU-WEST
5216,24894,6,CRITICAL,4,146090,3,3752,141,29741,4847,EU-CENTRAL
5217,45684,12,ROUTINE,1,82447,4,4307,99,51296,5612,US-EAST
5218,34893,9,ROUTINE,1,45507,4,4320,716,46303,11410,US-EAST
5219,57861,16,CRITICAL,3,199724,4,5325,258,65140,7279,EU-WEST
5220,39958,11,ROUTINE,3,358858,8,5682,277,56613,16655,US-EAST
5221,33525,9,ROUTINE,2,57266,3,1964,1800,44064,10539,EU-CENTRAL
5222,57756,16,ROUTINE,2,412471,7,6869,220,70000,12244,EU-WEST
5223,45548,12,ROUTINE,2,26567,1,1817,1539,58254,12706,EU-WEST
5224,46530,12,ROUTINE,1,8214,1,787,266,52369,5839,EU-WEST
5225,28124,7,ROUTINE,1,180659,5,2904,248,41158,13034,US-EAST
5226,55344,15,ROUTINE,1,16739,2,2792,240,61987,6643,EU-CENTRAL
5227,39360,10,ROUTINE,1,121760,2,1498,96,52748,13388,US-EAST
5228,30387,8,ROUTINE,3,42761,4,4039,271,47158,16771,EU-CENTRAL
5229,73555,20,ROUTINE,1,53267,2,1533,104,80324,6769,EU-CENTRAL
5230,26026,7,ROUTINE,3,37612,2,1886,113,32130,6104,EU-WEST
5231,73646,20,CRITICAL,3,56477,2,1999,237,79406,5760,EU-CENTRAL
5232,38042,10,CRITICAL,3,47817,3,1958,180,40361,2319,US-EAST
5233,73212,20,ROUTINE,1,39777,1,1920,170,84784,11572,EU-WEST
5234,50182,13,ROUTINE,3,20248,1,3548,27,64753,14571,EU-WEST
5235,41538,11,ROUTINE,2,325431,8,5052,284,56322,14784,US-EAST
5236,75209,20,ROUTINE,3,6779,1,3645,219,84250,9041,EU-WEST
5237,29156,8,CRITICAL,4,18100,2,2629,204,33133,3977,EU-CENTRAL
5238,68788,19,ROUTINE,3,30497,2,3125,243,72851,4063,EU-CENTRAL
5239,30439,8,CRITICAL,3,247069,7,6277,45,40089,9650,US-EAST
5240,42880,11,ROUTINE,2,24378,1,1503,210,55847,12967,EU-CENTRAL
5241,23153,6,CRITICAL,3,48175,2,2149,109,27682,4529,EU-WEST
5242,35948,9,CRITICAL,3,573147,5,4804,244,46511,10563,EU-WEST
5243,42317,11,ROUTINE,1,187211,4,3436,775,60371,18054,US-EAST
5244,88154,24,CRITICAL,5,47917,2,3844,22,92986,4832,EU-CENTRAL
5245,66907,18,ROUTINE,2,340690,7,5895,119,84381,17474,EU-CENTRAL
5246,68042,18,ROUTINE,3,89012,2,1307,811,76104,8062,US-EAST
5247,87949,24,ROUTINE,2,144457,2,1680,221,102905,14956,EU-WEST
5248,65297,18,ROUTINE,1,555372,8,6513,58,83117,17820,EU-WEST
5249,67073,18,ROUTINE,2,54472,3,5093,97,71006,3933,EU-WEST
5250,59600,16,ROUTINE,3,26925,1,3341,286,73227,13627,US-EAST
5251,55040,15,ROUTINE,3,29469,2,2092,125,58944,3904,EU-CENTRAL
5252,44240,12,ROUTINE,1,342675,4,3311,125,57772,13532,EU-WEST
5253,34453,9,ROUTINE,3,228115,8,7410,435,51014,16561,EU-CENTRAL
5254,33129,9,ROUTINE,1,53580,4,4901,229,42189,9060,US-EAST
5255,31475,8,CRITICAL,5,27454,1,3608,115,35815,4340,EU-WEST
5256,59731,16,ROUTINE,1,37549,2,3545,1865,66586,6855,EU-CENTRAL
5257,44221,12,ROUTINE,3,403620,6,5063,212,56321,12100,US-EAST
5258,42548,11,ROUTINE,3,597565,6,4068,44,59435,16887,EU-CENTRAL
5259,73312,20,ROUTINE,3,44923,3,5136,1930,82671,9359,EU-WEST
5260,51032,14,CRITICAL,5,62042,4,3659,1647,57101,6069,US-EAST
5261,50646,14,ROUTINE,1,341021,6,5620,216,66474,15828,EU-WEST
5262,84286,23,CRITICAL,3,161422,6,4233,9,89944,5658,EU-CENTRAL
5263,85063,23,ROUTINE,2,265854,5,3535,260,105095,20032,EU-WEST
5264,28737,7,CRITICAL,3,245889,6,5782,163,35838,7101,EU-WEST
5265,26405,7,CRITICAL,4,54926,2,3861,69,31484,5079,US-EAST
5266,28059,7,ROUTINE,2,7868,1,2075,50,37966,9907,EU-WEST
5267,51357,14,CRITICAL,4,51869,4,5753,634,56501,5144,US-EAST
5268,77215,21,CRITICAL,3,45541,4,3169,1397,83126,5911,US-EAST
5269,35888,9,ROUTINE,1,33424,2,1570,187,51617,15729,US-EAST
5270,51886,14,CRITICAL,3,200151,5,3361,275,58619,6733,EU-CENTRAL
5271,34709,9,ROUTINE,2,80399,2,2370,224,50101,15392,EU-WEST
5272,82488,22,ROUTINE,2,431953,8,7192,1050,92222,9734,EU-WEST
5273,27496,7,ROUTINE,1,21973,2,2347,69,35847,8351,EU-CENTRAL
5274,31003,8,CRITICAL,3,244295,4,4917,135,41777,10774,EU-WEST
5275,37097,10,CRITICAL,3,35618,1,2227,1437,42427,5330,EU-CENTRAL
5276,79039,21,ROUTINE,2,121487,4,4731,898,86861,7822,US-EAST
5277,57477,15,ROUTINE,3,35087,1,4245,166,71168,13691,EU-WEST
5278,36166,10,ROUTINE,3,495610,7,7353,35,57354,21188,EU-WEST
5279,57576,15,ROUTINE,3,451534,7,5380,119,67700,10124,EU-WEST
5280,52501,14,ROUTINE,2,33081,2,3710,279,58778,6277,US-EAST
5281,55494,15,ROUTINE,1,305896,8,5962,104,71273,15779,EU-CENTRAL
5282,68365,18,ROUTINE,2,186238,7,5527,600,82480,14115,EU-WEST
5283,68599,19,CRITICAL,3,31206,2,3231,111,71974,3375,EU-CENTRAL
5284,54413,15,CRITICAL,4,7625,2,1390,454,56325,1912,US-EAST
5285,50175,13,CRITICAL,5,91961,3,4956,274,53445,3270,EU-WEST
5286,57127,15,ROUTINE,3,298968,7,5812,148,67965,10838,US-EAST
5287,52638,14,CRITICAL,3,211680,5,3407,144,58989,6351,EU-WEST
5288,80703,22,CRITICAL,3,58649,2,2364,53,83366,2663,EU-WEST
5289,77488,21,CRITICAL,5,28335,1,1796,1403,79773,2285,EU-CENTRAL
5290,52487,14,ROUTINE,2,219437,8,7170,99,61172,8685,US-EAST
5291,76207,21,CRITICAL,4,495904,7,6304,39,87217,11010,US-EAST
5292,75838,21,ROUTINE,2,15660,2,1961,100,87899,12061,US-EAST
5293,55225,15,CRITICAL,3,173311,5,4195,589,62699,7474,EU-CENTRAL
5294,67686,18,CRITICAL,4,192466,4,2504,238,75468,7782,US-EAST
5295,82257,22,ROUTINE,3,128807,3,4369,148,93735,11478,EU-CENTRAL
5296,29880,8,CRITICAL,3,58819,4,4683,5,36126,6246,EU-WEST
5297,36535,10,ROUTINE,2,57545,2,3901,1211,45447,8912,EU-CENTRAL
5298,57722,16,ROUTINE,2,241846,8,5651,257,77366,19644,US-EAST
5299,75206,20,CRITICAL,3,301293,8,6188,118,85790,10584,US-EAST
5300,29912,8,ROUTINE,2,184809,6,4675,194,40049,10137,US-EAST
5301,43554,12,ROUTINE,3,57051,4,4917,73,49451,5897,EU-CENTRAL
5302,63253,17,CRITICAL,3,63629,4,4562,178,68335,5082,US-EAST
5303,26278,7,ROUTINE,1,24135,2,3250,1497,37907,11629,US-EAST
5304,35687,9,ROUTINE,1,57663,3,2067,286,51371,15684,EU-WEST
5305,88086,24,ROUTINE,3,239545,4,3038,152,98902,10816,EU-CENTRAL
5306,81467,22,CRITICAL,5,103842,3,2414,787,86798,5331,EU-WEST
5307,79246,22,ROUTINE,2,13242,1,2609,265,84591,5345,US-EAST
5308,67984,18,CRITICAL,5,10435,2,4040,1861,71502,3518,EU-WEST
5309,67176,18,ROUTINE,2,60672,2,4029,207,74806,7630,EU-WEST
5310,34806,9,ROUTINE,1,188094,7,6175,285,46862,12056,EU-CENTRAL
5311,29312,8,ROUTINE,1,19276,2,3107,1751,38999,9687,EU-CENTRAL
5312,27792,7,ROUTINE,3,110361,3,2168,36,42244,14452,EU-WEST
5313,46278,12,ROUTINE,3,96086,2,4008,266,52682,6404,EU-WEST
5314,74724,20,ROUTINE,3,87298,4,3783,22,92685,17961,US-EAST
5315,42175,11,ROUTINE,1,22802,1,3136,1424,46261,4086,EU-CENTRAL
5316,26938,7,ROUTINE,2,446987,6,6469,268,43118,16180,EU-CENTRAL
5317,39340,10,ROUTINE,3,88270,4,3373,94,51647,12307,US-EAST
5318,78217,21,CRITICAL,4,530372,7,7069,13,86752,8535,US-EAST
5319,45124,12,ROUTINE,3,34111,2,2259,216,60119,14995,US-EAST
5320,46244,12,CRITICAL,5,59187,3,4830,860,50798,4554,US-EAST
5321,68937,19,ROUTINE,3,36630,2,2567,73,79815,10878,EU-CENTRAL
5322,23948,6,CRITICAL,4,39348,1,3724,32,29154,5206,EU-CENTRAL
5323,34419,9,ROUTINE,2,44627,4,2747,243,49950,15531,US-EAST
5324,50236,13,CRITICAL,3,243055,8,7506,1292,57771,7535,EU-CENTRAL
5325,76357,21,ROUTINE,2,138031,2,2490,240,92650,16293,EU-WEST
5326,51138,14,ROUTINE,2,153625,5,6198,162,66822,15684,US-EAST
5327,49934,13,ROUTINE,2,275893,5,4471,188,68161,18227,EU-WEST
5328,31354,8,ROUTINE,1,58815,2,2174,237,41431,10077,US-EAST
5329,25067,6,ROUTINE,3,70051,4,2930,815,37078,12011,US-EAST
5330,55831,15,ROUTINE,1,184197,8,5118,162,74474,18643,US-EAST
5331,52107,14,CRITICAL,4,97650,4,5817,253,59110,7003,US-EAST
5332,50645,14,ROUTINE,2,491564,5,6216,81,62805,12160,EU-WEST
5333,32086,8,ROUTINE,2,247136,5,3849,15,43640,11554,EU-CENTRAL
5334,46693,12,CRITICAL,4,40213,3,5333,179,48393,1700,EU-WEST
5335,24536,6,ROUTINE,3,53471,2,3478,1992,31175,6639,US-EAST
5336,86351,23,ROUTINE,1,15323,1,1880,270,90626,4275,EU-CENTRAL
5337,85918,23,ROUTINE,3,21830,2,4216,144,90971,5053,EU-CENTRAL
5338,26308,7,ROUTINE,1,24167,2,2117,967,30845,4537,EU-CENTRAL
5339,56065,15,ROUTINE,3,342699,7,5575,108,67778,11713,EU-WEST
5340,66990,18,CRITICAL,5,53286,4,5350,166,72474,5484,EU-WEST
5341,27541,7,ROUTINE,2,41009,4,3624,289,38542,11001,EU-CENTRAL
5342,45346,12,CRITICAL,3,223918,6,6159,41,55234,9888,EU-CENTRAL
5343,41509,11,CRITICAL,4,8848,1,2908,1583,45789,4280,US-EAST
5344,51084,14,ROUTINE,1,241739,7,5609,250,70338,19254,EU-WEST
5345,44495,12,ROUTINE,2,458335,8,5857,88,62779,18284,EU-CENTRAL
5346,29360,8,ROUTINE,3,9766,2,2524,182,45276,15916,US-EAST
5347,77669,21,ROUTINE,1,18866,2,4407,228,84702,7033,US-EAST
5348,64740,17,CRITICAL,5,422736,6,5010,213,74722,9982,EU-CENTRAL
5349,32840,9,ROUTINE,3,35356,1,3180,205,36460,3620,EU-WEST
5350,40939,11,ROUTINE,2,30108,1,3664,728,53485,12546,EU-WEST
5351,65806,18,ROUTINE,3,32867,2,1846,226,82566,16760,EU-WEST
5352,74497,20,ROUTINE,3,14325,2,3548,57,80285,5788,US-EAST
5353,58009,16,ROUTINE,3,357134,4,3466,252,71665,13656,EU-WEST
5354,69608,19,CRITICAL,5,136904,3,4309,65,77139,7531,EU-WEST
5355,32898,9,CRITICAL,5,129129,2,3342,1523,39720,6822,US-EAST
5356,81663,22,ROUTINE,2,47472,3,3759,260,97107,15444,EU-CENTRAL
5357,62897,17,ROUTINE,1,66685,2,2223,283,72793,9896,US-EAST
5358,62528,17,ROUTINE,1,201006,4,4019,10,81078,18550,US-EAST
5359,56577,15,CRITICAL,3,35242,2,4545,259,61373,4796,EU-WEST
5360,34527,9,ROUTINE,1,83299,4,5249,34,40760,6233,US-EAST
5361,35263,9,ROUTINE,1,145696,2,4454,990,47998,12735,EU-WEST
5362,59431,16,ROUTINE,1,162436,6,6032,1125,78178,18747,US-EAST
5363,53501,14,ROUTINE,2,149056,3,2383,42,70944,17443,EU-CENTRAL
5364,52288,14,CRITICAL,3,41142,3,1998,1061,55113,2825,EU-WEST
5365,59767,16,ROUTINE,3,33802,1,1400,124,68461,8694,US-EAST
5366,68137,18,ROUTINE,2,10532,1,1129,6,71143,3006,EU-CENTRAL
5367,40499,11,CRITICAL,3,51548,2,1374,289,45849,5350,US-EAST
5368,55778,15,CRITICAL,4,30945,1,1198,164,57418,1640,EU-CENTRAL
5369,37764,10,ROUTINE,2,228891,4,3612,287,59339,21575,US-EAST
5370,24345,6,ROUTINE,3,178149,6,3515,1779,43177,18832,US-EAST
5371,50054,13,CRITICAL,5,24287,2,2630,223,51715,1661,EU-WEST
5372,85259,23,ROUTINE,1,12269,1,2050,242,99458,14199,US-EAST
5373,82787,22,CRITICAL,3,196689,5,4018,101,89465,6678,EU-CENTRAL
5374,47686,13,ROUTINE,1,174350,6,5789,114,62549,14863,EU-CENTRAL
5375,51073,14,CRITICAL,4,218740,6,6401,892,61038,9965,US-EAST
5376,74158,20,ROUTINE,2,599209,7,5609,1355,86592,12434,EU-CENTRAL
5377,25863,7,ROUTINE,2,64583,3,5271,46,31104,5241,US-EAST
5378,64807,18,ROUTINE,2,22058,2,4715,448,67930,3123,EU-WEST
5379,70586,19,CRITICAL,5,254652,7,5906,44,80886,10300,EU-WEST
5380,85220,23,ROUTINE,2,343252,4,4299,215,97771,12551,EU-CENTRAL
5381,29524,8,ROUTINE,1,176784,8,5878,1517,44023,14499,US-EAST
5382,76322,21,ROUTINE,3,111673,3,3290,89,90043,13721,EU-WEST
5383,34539,9,CRITICAL,3,198910,5,5559,123,40936,6397,EU-WEST
5384,49942,13,ROUTINE,3,502318,8,7537,252,60434,10492,US-EAST
5385,27491,7,ROUTINE,2,343784,6,4950,855,50316,22825,EU-CENTRAL
5386,25996,7,CRITICAL,3,199875,6,3968,218,33381,7385,US-EAST
5387,45834,12,ROUTINE,2,126255,4,4024,214,51461,5627,EU-WEST
5388,53013,14,CRITICAL,3,75477,4,5108,204,57827,4814,US-EAST
5389,38043,10,ROUTINE,2,504536,4,4400,1555,51683,13640,EU-WEST
5390,54897,15,ROUTINE,3,83037,3,2919,1637,59683,4786,EU-WEST
5391,34930,9,ROUTINE,3,39980,1,3339,55,51627,16697,EU-CENTRAL
5392,64781,17,ROUTINE,1,559113,5,6311,145,85913,21132,EU-WEST
5393,32125,8,ROUTINE,1,197443,6,5972,823,51588,19463,EU-WEST
5394,65913,18,ROUTINE,2,10345,2,3866,192,79782,13869,EU-CENTRAL
5395,63518,17,CRITICAL,3,30214,1,3985,28,66183,2665,US-EAST
5396,52129,14,CRITICAL,5,306024,5,4190,41,61387,9258,EU-CENTRAL
5397,77177,21,ROUTINE,1,19088,2,2880,1213,81120,3943,EU-WEST
5398,74819,20,ROUTINE,1,366098,7,4642,202,97113,22294,EU-WEST
5399,70173,19,ROUTINE,2,28272,2,2952,1081,84029,13856,EU-WEST
5400,55468,15,ROUTINE,2,149405,3,2808,159,73014,17546,US-EAST
5401,38539,10,ROUTINE,3,162236,5,5535,149,48784,10245,EU-CENTRAL
5402,47678,13,CRITICAL,3,12997,1,1396,88,51102,3424,US-EAST
5403,33621,9,CRITICAL,5,507442,8,5617,211,44111,10490,US-EAST
5404,68130,18,ROUTINE,3,371984,4,5393,55,80245,12115,EU-WEST
5405,61513,17,ROUTINE,2,370081,7,6523,150,77977,16464,EU-WEST
5406,67108,18,CRITICAL,4,472448,6,6875,245,78589,11481,EU-WEST
5407,24938,6,ROUTINE,1,519426,4,3510,170,44248,19310,US-EAST
5408,57568,15,ROUTINE,2,26988,1,3654,184,70946,13378,EU-WEST
5409,48273,13,ROUTINE,3,271699,4,2650,247,62837,14564,EU-WEST
5410,52204,14,CRITICAL,3,138009,4,3648,127,59682,7478,EU-CENTRAL
5411,78013,21,ROUTINE,3,44868,3,3843,214,93671,15658,US-EAST
5412,70856,19,ROUTINE,2,28226,1,4088,227,80864,10008,EU-CENTRAL
5413,86661,24,CRITICAL,3,553853,4,3678,116,97898,11237,US-EAST
5414,43402,12,ROUTINE,2,113041,2,1711,6,49172,5770,US-EAST
5415,24398,6,ROUTINE,1,544727,4,3780,752,36682,12284,EU-CENTRAL
5416,57137,15,CRITICAL,4,482533,7,4271,660,68770,11633,EU-WEST
5417,46040,12,CRITICAL,4,512743,7,4712,237,57057,11017,EU-CENTRAL
5418,59097,16,ROUTINE,1,9274,1,1298,682,75310,16213,US-EAST
5419,50393,13,ROUTINE,2,57704,3,4205,245,59678,9285,EU-WEST
5420,55115,15,ROUTINE,2,221280,4,5743,213,63775,8660,EU-WEST
5421,72359,20,ROUTINE,3,380893,4,4375,227,85173,12814,EU-CENTRAL
5422,65848,18,CRITICAL,5,204017,4,2713,1184,73518,7670,EU-CENTRAL
5423,77097,21,ROUTINE,1,137315,3,2063,103,96102,19005,US-EAST
5424,60048,16,ROUTINE,2,17677,1,2020,279,64296,4248,EU-WEST
5425,63723,17,ROUTINE,1,395631,5,4703,53,79346,15623,EU-WEST
5426,72539,20,ROUTINE,3,193878,7,6609,121,84568,12029,EU-WEST
5427,40661,11,ROUTINE,1,227108,4,2319,221,51906,11245,EU-WEST
5428,45329,12,ROUTINE,1,175340,4,3497,12,64174,18845,US-EAST
5429,30495,8,ROUTINE,3,29318,2,3000,29,33764,3269,EU-WEST
5430,62162,17,ROUTINE,3,11376,2,1942,17,71374,9212,EU-CENTRAL
5431,83702,23,CRITICAL,3,36440,1,1689,217,86606,2904,EU-WEST
5432,51821,14,CRITICAL,5,6422,2,2375,1134,55124,3303,US-EAST
5433,61363,17,CRITICAL,4,28774,2,3385,115,64602,3239,US-EAST
5434,67796,18,ROUTINE,2,59780,2,2144,69,74559,6763,EU-CENTRAL
5435,37488,10,ROUTINE,2,41599,4,2513,128,52226,14738,EU-WEST
5436,36512,10,ROUTINE,2,192546,8,5517,145,54974,18462,EU-WEST
5437,48814,13,CRITICAL,3,564216,4,5334,96,60428,11614,EU-WEST
5438,27704,7,ROUTINE,1,19193,2,2602,37,38625,10921,EU-CENTRAL
5439,51846,14,CRITICAL,3,295859,7,7146,65,60782,8936,EU-WEST
5440,63697,17,CRITICAL,5,174958,6,5304,206,68920,5223,EU-WEST
5441,39180,10,ROUTINE,2,117447,3,2019,216,49539,10359,US-EAST
5442,26186,7,CRITICAL,5,540751,8,4850,127,37132,10946,EU-WEST
5443,87418,24,ROUTINE,2,53452,2,3772,138,97579,10161,US-EAST
5444,26382,7,ROUTINE,2,148055,3,3007,141,33697,7315,EU-CENTRAL
5445,40182,11,ROUTINE,3,14680,2,2413,235,46631,6449,EU-CENTRAL
5446,46570,12,ROUTINE,1,201313,4,5430,164,63701,17131,EU-WEST
5447,72716,20,ROUTINE,2,484083,5,3015,283,86721,14005,US-EAST
5448,49294,13,ROUTINE,3,157147,4,3703,1424,56523,7229,US-EAST
5449,75485,20,ROUTINE,2,188097,8,6403,176,95590,20105,US-EAST
5450,86090,23,ROUTINE,3,505396,8,5696,131,108697,22607,EU-WEST
5451,84650,23,CRITICAL,3,226815,6,6902,120,91184,6534,EU-CENTRAL
5452,40863,11,ROUTINE,1,6666,2,3390,89,45321,4458,EU-WEST
5453,54611,15,ROUTINE,3,114339,3,4067,145,67037,12426,EU-WEST
5454,34038,9,ROUTINE,3,203248,7,6269,166,54564,20526,US-EAST
5455,40532,11,ROUTINE,3,15302,2,4402,863,44496,3964,EU-CENTRAL
5456,62800,17,ROUTINE,1,370731,7,4089,81,82372,19572,EU-CENTRAL
5457,62517,17,ROUTINE,2,205171,7,4642,111,70973,8456,EU-WEST
5458,28184,7,CRITICAL,3,27736,2,3704,102,31164,2980,US-EAST
5459,62193,17,CRITICAL,3,47562,2,2963,864,65506,3313,US-EAST
5460,73223,20,ROUTINE,1,29656,1,3037,257,80260,7037,US-EAST
5461,28258,7,CRITICAL,3,59631,2,4709,144,31356,3098,US-EAST
5462,46366,12,ROUTINE,1,114961,3,3287,170,55388,9022,EU-WEST
5463,29909,8,CRITICAL,4,38941,2,3288,119,32719,2810,EU-WEST
5464,81898,22,ROUTINE,3,236270,7,7381,258,95058,13160,US-EAST
5465,70976,19,ROUTINE,1,36188,2,2878,277,74949,3973,EU-WEST
5466,70155,19,ROUTINE,2,15858,1,2202,202,82329,12174,EU-WEST
5467,45050,12,ROUTINE,1,17233,1,3418,561,48528,3478,US-EAST
5468,44998,12,ROUTINE,2,281134,8,4416,76,63552,18554,EU-WEST
5469,50954,14,CRITICAL,4,38093,2,2065,267,55641,4687,US-EAST
5470,39202,10,ROUTINE,2,422612,4,4832,287,60032,20830,US-EAST
5471,33791,9,CRITICAL,4,43782,3,5057,160,38258,4467,EU-WEST
5472,51381,14,CRITICAL,5,7206,2,1739,273,52917,1536,EU-WEST
5473,37622,10,CRITICAL,3,12484,2,2141,7,39587,1965,EU-CENTRAL
5474,29062,8,ROUTINE,1,19521,1,1857,148,44575,15513,EU-CENTRAL
5475,57722,16,CRITICAL,4,18267,1,2422,88,62552,4830,US-EAST
5476,52157,14,CRITICAL,4,67491,3,4525,131,58225,6068,US-EAST
5477,27341,7,ROUTINE,3,145072,4,4804,1552,34864,7523,EU-CENTRAL
5478,32752,9,ROUTINE,1,23155,2,2474,872,39292,6540,EU-WEST
5479,52772,14,CRITICAL,4,137166,2,1754,1140,57726,4954,EU-CENTRAL
5480,46858,13,ROUTINE,2,65604,3,2741,49,53028,6170,US-EAST
5481,42478,11,ROUTINE,1,171742,5,5423,131,58993,16515,EU-CENTRAL
5482,86043,23,ROUTINE,1,40694,2,4432,98,102746,16703,EU-WEST
5483,60257,16,ROUTINE,1,48881,4,3517,96,72157,11900,US-EAST
5484,75097,20,ROUTINE,1,62353,3,3994,208,81122,6025,EU-CENTRAL
5485,21988,6,ROUTINE,3,61635,2,4825,188,26759,4771,EU-WEST
5486,49911,13,ROUTINE,2,217378,7,4979,620,58051,8140,EU-WEST
5487,62421,17,CRITICAL,3,50797,2,1601,226,65544,3123,US-EAST
5488,73178,20,ROUTINE,2,29800,1,1789,233,88125,14947,US-EAST
5489,34307,9,ROUTINE,1,359359,8,7061,283,49814,15507,US-EAST
5490,68172,18,CRITICAL,3,46076,2,4023,92,71274,3102,EU-CENTRAL
5491,86016,23,ROUTINE,3,77388,2,4688,180,97443,11427,EU-WEST
5492,66144,18,CRITICAL,4,262924,7,3881,25,76084,9940,EU-WEST
5493,51596,14,ROUTINE,1,55226,4,4478,98,60486,8890,US-EAST
5494,63438,17,ROUTINE,2,396385,5,3496,210,85203,21765,US-EAST
5495,62221,17,ROUTINE,3,38212,2,4291,188,70466,8245,EU-WEST
5496,31898,8,ROUTINE,2,129161,2,1652,18,49090,17192,EU-CENTRAL
5497,37350,10,CRITICAL,3,220072,5,5012,207,44840,7490,US-EAST
5498,77286,21,ROUTINE,1,12382,2,3684,1019,86035,8749,EU-WEST
5499,86037,23,ROUTINE,2,9612,2,1790,162,94227,8190,US-EAST
5500,79321,22,ROUTINE,3,7070,1,3687,165,89340,10019,EU-WEST
5501,31923,8,ROUTINE,1,537635,6,5833,131,54531,22608,EU-WEST
5502,52126,14,ROUTINE,2,316129,7,3917,285,72821,20695,EU-WEST
5503,26757,7,CRITICAL,4,11071,1,2946,1291,30071,3314,EU-CENTRAL
5504,87415,24,CRITICAL,3,5457,2,2028,9,90694,3279,US-EAST
5505,86468,24,ROUTINE,3,22505,2,3501,175,90362,3894,US-EAST
5506,72889,20,CRITICAL,4,374581,5,5474,171,83352,10463,EU-WEST
5507,68375,18,ROUTINE,1,202980,6,4169,253,77737,9362,EU-WEST
5508,37213,10,ROUTINE,3,34638,2,1808,296,51343,14130,EU-WEST
5509,60175,16,CRITICAL,4,204869,6,3988,48,67492,7317,EU-CENTRAL
5510,45454,12,CRITICAL,4,49378,3,4998,356,50659,5205,EU-WEST
5511,32536,9,CRITICAL,3,48959,3,4271,271,36405,3869,EU-CENTRAL
5512,49290,13,ROUTINE,3,49917,2,2369,127,61145,11855,EU-CENTRAL
5513,78371,21,ROUTINE,1,51026,4,4976,549,85850,7479,EU-CENTRAL
5514,31726,8,ROUTINE,2,45794,4,4817,237,36885,5159,EU-WEST
5515,66886,18,ROUTINE,1,135415,2,3388,1547,83885,16999,US-EAST
5516,74563,20,ROUTINE,3,76865,3,2086,126,92431,17868,EU-CENTRAL
5517,34769,9,CRITICAL,3,472685,4,3929,63,45175,10406,EU-WEST
5518,39664,11,ROUTINE,3,48892,4,4143,696,46880,7216,EU-WEST
5519,23973,6,ROUTINE,1,9298,1,2116,183,40135,16162,EU-CENTRAL
5520,60001,16,CRITICAL,5,96563,2,4376,156,64403,4402,EU-CENTRAL
5521,63842,17,ROUTINE,2,451410,7,5777,224,73590,9748,US-EAST
5522,83327,23,ROUTINE,2,46303,2,3297,97,96626,13299,EU-CENTRAL
5523,36791,10,CRITICAL,4,543701,5,5905,183,46991,10200,EU-WEST
5524,38499,10,CRITICAL,5,182154,7,6979,13,46759,8260,EU-CENTRAL
5525,26141,7,ROUTINE,2,150516,6,5189,88,34343,8202,EU-CENTRAL
5526,34736,9,ROUTINE,1,25996,1,1900,1770,49829,15093,US-EAST
5527,33805,9,ROUTINE,1,42728,2,4278,1321,38701,4896,EU-WEST
5528,42896,11,ROUTINE,2,569777,5,3908,355,53383,10487,EU-WEST
5529,59068,16,ROUTINE,2,36098,2,3014,38,65735,6667,EU-WEST
5530,32637,9,ROUTINE,3,20543,2,4027,128,42127,9490,US-EAST
5531,88180,24,ROUTINE,3,58460,4,3733,204,99699,11519,EU-WEST
5532,34168,9,ROUTINE,2,120289,2,4141,101,42083,7915,US-EAST
5533,75942,21,CRITICAL,3,552179,8,5859,40,86675,10733,EU-CENTRAL
5534,58556,16,ROUTINE,1,15974,1,3796,151,71458,12902,US-EAST
5535,66044,18,CRITICAL,3,58076,4,3643,1807,70885,4841,EU-WEST
5536,63510,17,ROUTINE,1,28187,2,1449,262,76852,13342,EU-WEST
5537,82807,23,CRITICAL,5,13167,1,2049,77,87725,4918,US-EAST
5538,55373,15,ROUTINE,2,40119,4,5575,23,60434,5061,EU-CENTRAL
5539,56037,15,ROUTINE,2,12345,1,1518,74,62626,6589,EU-CENTRAL
5540,29897,8,ROUTINE,1,116050,3,4740,201,41907,12010,US-EAST
5541,58423,16,ROUTINE,2,52785,3,4962,245,63528,5105,US-EAST
5542,31373,8,ROUTINE,1,54551,2,1953,123,41589,10216,US-EAST
5543,42119,11,ROUTINE,1,459604,8,5361,7,54950,12831,EU-WEST
5544,31700,8,CRITICAL,4,587501,5,5292,133,41479,9779,EU-CENTRAL
5545,81364,22,ROUTINE,3,595491,6,5370,108,103173,21809,US-EAST
5546,42803,11,ROUTINE,3,8514,2,2534,283,57779,14976,US-EAST
5547,29352,8,ROUTINE,3,52765,3,4324,206,35501,6149,EU-WEST
5548,41770,11,ROUTINE,1,416738,6,5467,1113,64753,22983,EU-WEST
5549,45108,12,ROUTINE,1,103377,4,5313,123,60799,15691,US-EAST
5550,23510,6,ROUTINE,2,35611,2,3128,119,30359,6849,EU-WEST
5551,26385,7,ROUTINE,3,155260,8,6834,256,39041,12656,EU-WEST
5552,33336,9,ROUTINE,3,6066,1,3108,19,39995,6659,US-EAST
5553,48487,13,ROUTINE,2,14549,2,3479,1302,62262,13775,EU-CENTRAL
5554,67656,18,ROUTINE,2,154166,4,2977,85,74052,6396,US-EAST
5555,25282,7,ROUTINE,3,31705,1,2223,1192,41898,16616,US-EAST
5556,77826,21,ROUTINE,3,107533,4,4007,136,96172,18346,EU-WEST
5557,44027,12,CRITICAL,3,7551,2,4720,1706,45305,1278,EU-WEST
5558,55599,15,ROUTINE,2,46456,3,5275,139,71384,15785,US-EAST
5559,68514,19,ROUTINE,3,115253,4,5568,45,75947,7433,EU-WEST
5560,52041,14,ROUTINE,1,95456,4,3602,163,57504,5463,EU-WEST
5561,26910,7,ROUTINE,3,117237,4,4454,152,32703,5793,EU-WEST
5562,36957,10,ROUTINE,3,59719,3,5169,18,45452,8495,EU-WEST
5563,68965,19,CRITICAL,4,200707,6,6708,156,76093,7128,EU-WEST
5564,27813,7,ROUTINE,3,85165,3,2709,289,35409,7596,EU-CENTRAL
5565,33243,9,ROUTINE,2,37901,1,3305,112,36610,3367,EU-WEST
5566,64254,17,ROUTINE,3,523010,8,7831,69,74833,10579,US-EAST
5567,58036,16,ROUTINE,3,51674,2,2691,54,74561,16525,EU-CENTRAL
5568,47686,13,ROUTINE,2,12424,2,4146,1478,58349,10663,EU-WEST
5569,33394,9,CRITICAL,3,40568,3,3388,298,35241,1847,EU-WEST
5570,27825,7,ROUTINE,1,134028,4,4258,212,41194,13369,US-EAST
5571,83271,23,ROUTINE,2,8780,1,1459,299,91734,8463,EU-WEST
5572,38155,10,ROUTINE,1,56975,3,2764,685,49966,11811,EU-CENTRAL
5573,38294,10,ROUTINE,2,161499,4,2891,68,45075,6781,EU-CENTRAL
5574,64650,17,ROUTINE,1,78664,4,4212,108,71108,6458,US-EAST
5575,50719,14,ROUTINE,3,401002,7,5335,141,71234,20515,US-EAST
5576,48159,13,ROUTINE,3,25737,1,3241,156,60625,12466,EU-WEST
5577,45954,12,ROUTINE,2,53554,2,1725,1937,54240,8286,EU-CENTRAL
5578,36884,10,CRITICAL,4,21774,1,2301,166,42075,5191,EU-CENTRAL
5579,38731,10,CRITICAL,4,27651,1,820,1574,43281,4550,EU-WEST
5580,64246,17,ROUTINE,2,74407,2,4312,162,70317,6071,EU-WEST
5581,43094,11,ROUTINE,3,363887,7,4429,228,57544,14450,EU-CENTRAL
5582,50590,14,CRITICAL,4,30500,2,1324,14,52105,1515,EU-WEST
5583,87177,24,CRITICAL,5,41735,2,1502,7,92370,5193,US-EAST
5584,32158,8,CRITICAL,4,14821,1,2972,54,35941,3783,US-EAST
5585,59001,16,ROUTINE,3,403174,7,7240,70,72409,13408,US-EAST
5586,71966,19,ROUTINE,1,151842,5,3848,150,79664,7698,EU-WEST
5587,71079,19,ROUTINE,3,53223,3,5355,203,77793,6714,EU-CENTRAL
5588,30749,8,ROUTINE,3,320804,7,6150,78,41989,11240,EU-WEST
5589,58943,16,ROUTINE,1,351022,7,4027,265,72032,13089,EU-WEST
5590,89595,24,ROUTINE,2,12384,2,2847,228,96343,6748,US-EAST
5591,73340,20,CRITICAL,4,201341,7,6258,185,82232,8892,US-EAST
5592,32376,8,ROUTINE,2,33120,1,1678,348,48246,15870,US-EAST
5593,76489,21,CRITICAL,3,210746,5,4567,275,83974,7485,EU-CENTRAL
5594,65401,18,CRITICAL,3,40077,3,1863,136,67400,1999,EU-CENTRAL
5595,74181,20,ROUTINE,2,21202,2,3355,134,82760,8579,EU-CENTRAL
5596,27006,7,ROUTINE,1,13178,1,1859,1745,43292,16286,US-EAST
5597,26593,7,ROUTINE,3,198543,6,6531,202,44609,18016,US-EAST
5598,60543,16,CRITICAL,3,197693,6,6818,17,66937,6394,EU-CENTRAL
5599,42548,11,ROUTINE,3,167471,6,3642,58,61037,18489,US-EAST
5600,75209,20,CRITICAL,5,146133,2,4551,22,79968,4759,EU-WEST
5601,46967,13,ROUTINE,2,157248,6,5051,158,65703,18736,EU-WEST
5602,42190,11,CRITICAL,3,71861,2,4523,251,45455,3265,EU-WEST
5603,68746,19,ROUTINE,2,46544,3,2902,370,83645,14899,EU-WEST
5604,25912,7,ROUTINE,1,242873,8,5449,167,45541,19629,US-EAST
5605,54090,15,ROUTINE,1,33130,1,3700,105,61991,7901,EU-WEST
5606,29796,8,CRITICAL,5,531420,6,5833,1263,38286,8490,EU-WEST
5607,41057,11,ROUTINE,2,162755,8,7116,288,58802,17745,US-EAST
5608,69508,19,ROUTINE,3,51364,3,3626,76,85058,15550,US-EAST
5609,54014,15,ROUTINE,1,183750,4,2952,1003,71819,17805,EU-WEST
5610,51658,14,ROUTINE,3,23530,2,2245,51,55186,3528,EU-WEST
5611,49639,13,ROUTINE,2,40809,4,5550,254,59616,9977,EU-CENTRAL
5612,28183,7,ROUTINE,3,387573,4,4727,27,50885,22702,US-EAST
5613,28884,8,ROUTINE,3,315332,4,3775,67,41202,12318,EU-WEST
5614,29239,8,ROUTINE,1,96615,2,4623,11,37745,8506,US-EAST
5615,53917,14,ROUTINE,2,247374,7,3962,197,70912,16995,EU-CENTRAL
5616,80617,22,ROUTINE,1,92214,3,4110,1899,95684,15067,EU-WEST
5617,71256,19,CRITICAL,4,180571,6,5053,215,78454,7198,US-EAST
5618,47568,13,ROUTINE,2,41290,3,4991,55,56483,8915,US-EAST
5619,70612,19,ROUTINE,1,195901,4,3545,1720,86701,16089,EU-CENTRAL
5620,77081,21,ROUTINE,1,33200,1,3611,133,86679,9598,EU-WEST
5621,75827,21,ROUTINE,1,41805,3,2324,1952,80289,4462,EU-CENTRAL
5622,37259,10,CRITICAL,3,55632,4,3824,33,41384,4125,EU-WEST
5623,26215,7,ROUTINE,2,32766,2,3880,29,41212,14997,EU-CENTRAL
5624,72167,20,ROUTINE,3,16310,1,4241,232,80252,8085,US-EAST
5625,31112,8,ROUTINE,2,485395,6,6599,99,46120,15008,EU-WEST
5626,59423,16,ROUTINE,1,28668,2,3333,235,71782,12359,US-EAST
5627,73080,20,CRITICAL,3,62113,2,1730,278,76019,2939,EU-WEST
5628,37337,10,ROUTINE,2,100345,3,4116,212,45549,8212,EU-CENTRAL
5629,45252,12,ROUTINE,2,475511,7,4961,630,61971,16719,US-EAST
5630,62010,17,ROUTINE,1,81430,2,1825,137,72890,10880,US-EAST
5631,32744,9,CRITICAL,3,161684,6,3352,187,40142,7398,EU-CENTRAL
5632,30385,8,ROUTINE,1,12044,1,4072,910,33783,3398,US-EAST
5633,29165,8,ROUTINE,3,49089,4,5213,197,33238,4073,EU-WEST
5634,57603,16,ROUTINE,3,64094,3,3646,212,66777,9174,EU-WEST
5635,48411,13,CRITICAL,3,64393,4,4017,133,54183,5772,US-EAST
5636,53008,14,CRITICAL,5,77167,3,5013,41,58688,5680,EU-WEST
5637,84971,23,ROUTINE,2,29720,2,2172,206,100547,15576,EU-WEST
5638,43622,12,CRITICAL,4,290428,4,4690,280,54813,11191,US-EAST
5639,49153,13,ROUTINE,1,247432,4,2515,382,66625,17472,EU-WEST
5640,48934,13,CRITICAL,4,324275,7,5503,141,57910,8976,US-EAST
5641,75581,20,ROUTINE,1,87843,2,1879,23,88763,13182,US-EAST
5642,80114,22,CRITICAL,5,143220,3,3894,211,84446,4332,EU-CENTRAL
5643,65604,18,ROUTINE,3,20610,1,1767,164,75939,10335,US-EAST
5644,41295,11,ROUTINE,1,497113,8,7900,70,63330,22035,EU-CENTRAL
5645,50966,14,CRITICAL,5,146077,3,4110,1399,57934,6968,EU-WEST
5646,50195,13,CRITICAL,3,59177,4,3016,179,55656,5461,EU-WEST
5647,77949,21,ROUTINE,1,6853,2,2692,30,92733,14784,EU-CENTRAL
5648,36011,10,ROUTINE,2,9420,1,2053,19,45677,9666,EU-WEST
5649,55803,15,ROUTINE,1,121502,4,4334,256,74050,18247,US-EAST
5650,36370,10,ROUTINE,2,493565,8,6546,1969,52289,15919,EU-CENTRAL
5651,27214,7,ROUTINE,3,184663,6,6851,18,34821,7607,US-EAST
5652,39829,11,ROUTINE,3,56412,3,2133,47,57097,17268,EU-CENTRAL
5653,34956,9,ROUTINE,1,76068,4,3622,86,48056,13100,EU-WEST
5654,23244,6,CRITICAL,3,18763,1,2141,224,25003,1759,EU-CENTRAL
5655,71618,19,CRITICAL,4,45027,3,1859,60,75541,3923,EU-WEST
5656,61592,17,CRITICAL,3,278473,8,7696,248,69502,7910,EU-WEST
5657,35292,9,CRITICAL,3,53804,4,3783,71,40840,5548,EU-WEST
5658,89373,24,ROUTINE,3,56550,3,4055,766,106163,16790,EU-CENTRAL
5659,57322,15,ROUTINE,3,11080,1,4249,187,70985,13663,US-EAST
5660,28199,7,CRITICAL,5,56204,2,1861,285,33305,5106,EU-CENTRAL
5661,30683,8,ROUTINE,2,62453,3,4675,204,46950,16267,EU-WEST
5662,86173,23,ROUTINE,1,53088,2,4098,131,95205,9032,EU-WEST
5663,38432,10,ROUTINE,3,120631,3,1820,137,45028,6596,EU-CENTRAL
5664,52498,14,ROUTINE,1,170621,8,4738,32,71003,18505,EU-WEST
5665,85273,23,ROUTINE,3,22177,1,1094,1617,100808,15535,US-EAST
5666,83963,23,ROUTINE,3,145595,2,4031,143,98676,14713,EU-CENTRAL
5667,84279,23,ROUTINE,2,174189,8,7623,269,103901,19622,US-EAST
5668,39411,10,CRITICAL,3,147866,2,3588,1415,46528,7117,EU-WEST
5669,74689,20,CRITICAL,4,321533,5,4687,209,83089,8400,EU-WEST
5670,57507,15,ROUTINE,2,48429,2,2608,168,70101,12594,EU-WEST
5671,80103,22,ROUTINE,3,56962,4,4926,243,93117,13014,EU-WEST
5672,68935,19,ROUTINE,1,141985,3,2435,203,77980,9045,US-EAST
5673,37671,10,ROUTINE,2,101467,3,5011,286,55847,18176,EU-CENTRAL
5674,43948,12,ROUTINE,3,43031,4,3670,297,60428,16480,US-EAST
5675,32555,9,ROUTINE,1,241922,6,3899,158,49884,17329,EU-WEST
5676,22022,6,ROUTINE,1,56483,2,1336,126,32067,10045,EU-CENTRAL
5677,41308,11,ROUTINE,3,190169,7,5744,157,53877,12569,EU-WEST
5678,48406,13,ROUTINE,2,120337,2,4575,192,54001,5595,EU-CENTRAL
5679,74556,20,CRITICAL,3,92213,4,2589,20,78424,3868,EU-CENTRAL
5680,28936,8,ROUTINE,2,215357,7,6803,241,45381,16445,US-EAST
5681,62576,17,ROUTINE,2,311884,8,6800,1839,79255,16679,EU-CENTRAL
5682,88369,24,ROUTINE,3,50737,2,3597,16,105562,17193,EU-WEST
5683,33759,9,ROUTINE,2,370432,5,6091,1097,44642,10883,EU-CENTRAL
5684,26672,7,ROUTINE,3,15775,1,3350,451,33733,7061,EU-CENTRAL
5685,52200,14,CRITICAL,4,38114,2,3182,217,57931,5731,EU-WEST
5686,28684,7,CRITICAL,5,313239,6,5935,13,36308,7624,US-EAST
5687,81931,22,ROUTINE,2,32741,2,3800,838,86751,4820,EU-WEST
5688,46120,12,ROUTINE,2,86203,2,4124,245,60777,14657,EU-WEST
5689,40839,11,ROUTINE,3,143320,3,4419,233,50747,9908,EU-WEST
5690,81602,22,ROUTINE,1,241125,7,5066,205,98793,17191,US-EAST
5691,53955,14,CRITICAL,5,42756,4,3304,280,58999,5044,EU-WEST
5692,71185,19,ROUTINE,1,127187,3,4112,54,77579,6394,EU-CENTRAL
5693,22040,6,ROUTINE,2,12825,1,3172,199,36029,13989,US-EAST
5694,83104,23,CRITICAL,5,57344,2,4620,259,89119,6015,EU-CENTRAL
5695,50832,14,ROUTINE,3,559317,5,5034,249,72727,21895,EU-CENTRAL
5696,82855,23,ROUTINE,1,323710,8,7045,134,98607,15752,US-EAST
5697,60446,16,CRITICAL,5,8520,2,1844,226,65456,5010,US-EAST
5698,86339,23,ROUTINE,2,47864,2,1890,175,101901,15562,EU-CENTRAL
5699,37941,10,ROUTINE,3,144149,3,4571,148,47151,9210,EU-WEST
5700,50616,14,ROUTINE,2,129852,4,3256,232,56976,6360,EU-WEST
5701,69809,19,ROUTINE,2,79245,4,4450,97,85981,16172,US-EAST
5702,81423,22,CRITICAL,4,13141,2,4593,166,86420,4997,US-EAST
5703,36585,10,ROUTINE,3,39725,2,3986,1724,52535,15950,US-EAST
5704,31946,8,ROUTINE,3,173530,7,4063,34,42337,10391,EU-WEST
5705,87553,24,ROUTINE,1,46357,3,1850,1042,98477,10924,EU-WEST
5706,57683,16,ROUTINE,2,23441,2,1925,198,65470,7787,EU-WEST
5707,58765,16,CRITICAL,4,155422,5,5421,298,65125,6360,US-EAST
5708,25318,7,ROUTINE,2,99206,2,2577,156,40605,15287,US-EAST
5709,71108,19,ROUTINE,2,238127,7,5855,298,84499,13391,EU-WEST
5710,55606,15,ROUTINE,2,236269,8,5056,48,66852,11246,US-EAST
5711,59913,16,ROUTINE,3,211943,5,6230,1109,80559,20646,EU-CENTRAL
5712,53322,14,ROUTINE,1,28843,1,3725,202,59396,6074,US-EAST
5713,85967,23,ROUTINE,2,129737,3,5351,297,99306,13339,US-EAST
5714,43451,12,ROUTINE,1,271739,6,4065,27,55105,11654,EU-CENTRAL
5715,29335,8,ROUTINE,3,591062,6,5320,1015,43665,14330,EU-CENTRAL
5716,77405,21,ROUTINE,3,544538,6,5320,1996,99558,22153,EU-WEST
5717,74752,20,ROUTINE,2,231680,5,4599,813,93976,19224,EU-WEST
5718,32691,9,ROUTINE,2,111322,4,2663,1917,40516,7825,US-EAST
5719,52859,14,ROUTINE,2,43231,2,2269,217,61085,8226,US-EAST
5720,65145,18,ROUTINE,1,15301,1,3646,128,74315,9170,EU-CENTRAL
5721,50655,14,ROUTINE,3,231333,6,5311,177,63779,13124,US-EAST
5722,31569,8,ROUTINE,2,11607,1,891,232,45006,13437,US-EAST
5723,68522,19,ROUTINE,3,55801,2,4155,1951,77415,8893,US-EAST
5724,89642,24,CRITICAL,5,50595,2,3826,23,91743,2101,EU-CENTRAL
5725,44331,12,CRITICAL,5,8416,1,2252,131,45234,903,EU-WEST
5726,45495,12,ROUTINE,1,29959,1,1616,886,52741,7246,EU-WEST
5727,86215,23,ROUTINE,2,16550,1,3355,220,100023,13808,US-EAST
5728,52788,14,ROUTINE,3,318269,6,5191,27,75774,22986,EU-CENTRAL
5729,47857,13,CRITICAL,5,36278,1,2057,232,50347,2490,US-EAST
5730,30913,8,ROUTINE,3,18996,2,3462,226,38841,7928,EU-WEST
5731,37588,10,CRITICAL,3,26402,2,3457,190,42884,5296,EU-WEST
5732,58678,16,ROUTINE,2,106093,4,2618,280,65944,7266,US-EAST
5733,52044,14,ROUTINE,3,22900,1,4272,187,60695,8651,EU-WEST
5734,62435,17,ROUTINE,2,499564,8,6134,166,74300,11865,EU-WEST
5735,34677,9,ROUTINE,1,90603,4,4401,133,44501,9824,EU-CENTRAL
5736,52436,14,ROUTINE,2,84084,4,5870,973,61196,8760,EU-CENTRAL
5737,76368,21,ROUTINE,3,554239,6,4440,230,93561,17193,EU-WEST
5738,27736,7,CRITICAL,3,559920,4,4742,952,37213,9477,US-EAST
5739,87224,24,CRITICAL,3,26329,2,3203,152,92324,5100,EU-CENTRAL
5740,53344,14,ROUTINE,1,183493,8,6417,721,63527,10183,US-EAST
5741,51147,14,ROUTINE,1,292891,5,2989,865,70015,18868,EU-WEST
5742,49633,13,ROUTINE,1,33478,2,2663,90,61332,11699,US-EAST
5743,59227,16,ROUTINE,1,312853,7,6529,176,79472,20245,EU-WEST
5744,67075,18,ROUTINE,3,192877,6,4322,66,84716,17641,EU-WEST
5745,26886,7,CRITICAL,5,176654,5,6138,1596,33377,6491,US-EAST
5746,24391,6,ROUTINE,1,25137,2,1362,274,38324,13933,EU-WEST
5747,22690,6,CRITICAL,4,56608,4,2852,41,27492,4802,US-EAST
5748,30843,8,ROUTINE,3,12392,2,3065,37,42796,11953,US-EAST
5749,47949,13,ROUTINE,1,11504,2,3304,1604,57185,9236,EU-CENTRAL
5750,44114,12,ROUTINE,1,164633,7,4494,139,53328,9214,EU-WEST
5751,33849,9,ROUTINE,3,18516,2,4511,158,42969,9120,US-EAST
5752,65134,18,ROUTINE,2,100967,2,3309,109,75175,10041,EU-CENTRAL
5753,43263,12,CRITICAL,5,59517,2,2895,9,48352,5089,EU-WEST
5754,52563,14,ROUTINE,3,41610,4,2342,171,64913,12350,EU-CENTRAL
5755,38276,10,ROUTINE,1,398642,7,6698,207,56572,18296,EU-WEST
5756,67437,18,CRITICAL,3,122139,2,4417,290,73686,6249,US-EAST
5757,51567,14,ROUTINE,2,202267,5,5983,142,60648,9081,EU-CENTRAL
5758,35866,9,ROUTINE,1,579931,4,3324,77,54025,18159,US-EAST
5759,81249,22,CRITICAL,3,99209,3,3586,131,84896,3647,EU-WEST
5760,26803,7,ROUTINE,2,37134,2,3306,41,30863,4060,EU-WEST
5761,34329,9,CRITICAL,4,212857,7,5391,194,43597,9268,EU-CENTRAL
5762,48738,13,CRITICAL,4,53695,3,4073,227,52097,3359,US-EAST
5763,63755,17,ROUTINE,3,177403,6,6534,64,82078,18323,EU-WEST
5764,46287,12,ROUTINE,1,30958,1,1186,182,51508,5221,EU-CENTRAL
5765,76121,21,ROUTINE,3,79881,2,4742,218,90484,14363,EU-WEST
5766,60800,16,ROUTINE,1,95806,3,4771,239,66385,5585,US-EAST
5767,64986,18,ROUTINE,2,52249,4,4707,83,75129,10143,US-EAST
5768,41999,11,ROUTINE,1,38703,2,1970,122,56254,14255,EU-WEST
5769,64126,17,CRITICAL,3,8775,2,1450,42,68868,4742,EU-WEST
5770,64707,17,CRITICAL,3,211831,7,5161,1441,72753,8046,EU-CENTRAL
5771,59394,16,ROUTINE,1,135828,3,2936,284,76602,17208,EU-CENTRAL
5772,88894,24,ROUTINE,2,82760,2,3153,178,101092,12198,EU-WEST
5773,64969,18,ROUTINE,2,37637,1,3241,779,73624,8655,EU-CENTRAL
5774,51725,14,ROUTINE,3,36009,2,3824,403,59166,7441,US-EAST
5775,26674,7,CRITICAL,3,426101,7,7003,1182,34305,7631,US-EAST
5776,56649,15,CRITICAL,4,337718,4,3287,73,66588,9939,EU-CENTRAL
5777,47024,13,ROUTINE,3,13163,1,1649,168,54772,7748,US-EAST
5778,34519,9,ROUTINE,3,52656,2,3240,148,47068,12549,US-EAST
5779,21823,6,CRITICAL,3,437008,5,2989,1694,31657,9834,EU-WEST
5780,53251,14,ROUTINE,1,91251,2,4298,147,69967,16716,EU-WEST
5781,65994,18,ROUTINE,2,222293,5,4004,285,74196,8202,EU-WEST
5782,61246,17,ROUTINE,3,201525,5,6203,133,70141,8895,US-EAST
5783,70587,19,CRITICAL,5,210197,4,5873,46,77463,6876,EU-CENTRAL
5784,40030,11,ROUTINE,3,64646,2,4101,261,53717,13687,US-EAST
5785,67997,18,ROUTINE,3,28431,2,2075,23,76100,8103,EU-CENTRAL
5786,41656,11,ROUTINE,3,377004,6,4669,249,59082,17426,EU-WEST
5787,24434,6,ROUTINE,2,51142,4,3051,60,29824,5390,EU-CENTRAL
5788,23327,6,CRITICAL,4,31172,1,3624,125,24849,1522,EU-WEST
5789,40268,11,ROUTINE,1,21972,2,2510,941,52157,11889,EU-WEST
5790,65505,18,CRITICAL,5,538833,5,2979,199,73195,7690,US-EAST
5791,37028,10,ROUTINE,2,130162,3,4249,234,45092,8064,EU-WEST
5792,56364,15,ROUTINE,3,27082,2,4792,1647,66102,9738,EU-WEST
5793,28754,7,CRITICAL,3,116122,2,1976,398,36199,7445,EU-CENTRAL
5794,61973,17,ROUTINE,1,19394,2,1442,213,71032,9059,EU-CENTRAL
5795,45012,12,CRITICAL,3,109706,4,3594,153,48620,3608,EU-CENTRAL
5796,86079,23,ROUTINE,1,223360,8,6864,94,105268,19189,EU-WEST
5797,74702,20,CRITICAL,4,156172,6,6660,23,81576,6874,US-EAST
5798,54909,15,CRITICAL,3,11048,1,2321,1018,56232,1323,US-EAST
5799,70714,19,CRITICAL,5,56028,3,2502,218,76696,5982,EU-WEST
5800,68033,18,CRITICAL,4,31248,2,2886,1303,72413,4380,US-EAST
5801,46520,12,ROUTINE,3,55385,4,5171,171,61377,14857,EU-WEST
5802,78448,21,CRITICAL,4,35423,2,3198,259,80233,1785,EU-CENTRAL
5803,33101,9,CRITICAL,3,29797,2,1560,158,34632,1531,US-EAST
5804,35090,9,CRITICAL,4,26929,2,1467,176,38837,3747,EU-WEST
5805,35422,9,CRITICAL,3,10733,2,1666,126,36443,1021,US-EAST
5806,39064,10,ROUTINE,2,29718,1,3927,835,47542,8478,EU-WEST
5807,49164,13,ROUTINE,3,157727,6,4367,706,64584,15420,EU-WEST
5808,76753,21,ROUTINE,1,180332,6,6666,210,96113,19360,EU-CENTRAL
5809,33495,9,CRITICAL,3,87991,3,5037,21,39796,6301,EU-CENTRAL
5810,66838,18,CRITICAL,5,219595,7,5665,840,75054,8216,US-EAST
5811,55248,15,ROUTINE,3,52092,3,4901,8,68659,13411,EU-WEST
5812,82350,22,ROUTINE,1,21977,1,1468,1759,86441,4091,EU-WEST
5813,23320,6,CRITICAL,5,256493,7,5620,40,31147,7827,EU-WEST
5814,81252,22,ROUTINE,1,564537,6,5587,5,92509,11257,US-EAST
5815,44157,12,CRITICAL,4,296593,7,4089,249,53245,9088,EU-WEST
5816,60166,16,ROUTINE,2,59295,2,4526,142,70211,10045,US-EAST
5817,30402,8,ROUTINE,1,216737,6,5463,123,39392,8990,EU-WEST
5818,22308,6,CRITICAL,3,62474,3,2520,276,27043,4735,EU-CENTRAL
5819,40170,11,ROUTINE,2,191657,6,5804,104,55443,15273,EU-WEST
5820,28592,7,CRITICAL,3,18550,1,4186,529,32956,4364,US-EAST
5821,86334,23,ROUTINE,1,102414,3,2204,80,101895,15561,EU-WEST
5822,63021,17,ROUTINE,2,505763,5,4218,161,80767,17746,EU-WEST
5823,58716,16,ROUTINE,1,44543,4,4970,1317,70485,11769,US-EAST
5824,57854,16,CRITICAL,5,5067,2,4395,131,59730,1876,EU-CENTRAL
5825,30590,8,ROUTINE,2,408249,8,4353,165,43109,12519,EU-CENTRAL
5826,54084,15,ROUTINE,3,208406,4,4371,100,73112,19028,EU-WEST
5827,29013,8,ROUTINE,2,42675,4,4640,78,34458,5445,US-EAST
5828,60786,16,CRITICAL,3,78313,3,4158,159,67078,6292,EU-CENTRAL
5829,72792,20,ROUTINE,2,46497,3,4640,1768,85875,13083,EU-CENTRAL
5830,52124,14,ROUTINE,2,164671,7,7377,55,62963,10839,EU-CENTRAL
5831,58966,16,ROUTINE,2,240718,7,5762,1201,80291,21325,EU-WEST
5832,27115,7,CRITICAL,4,89821,2,2458,1919,33092,5977,EU-CENTRAL
5833,77840,21,CRITICAL,4,25774,2,2117,95,82006,4166,EU-WEST
5834,35422,9,ROUTINE,2,193890,5,3640,829,55131,19709,EU-WEST
5835,35331,9,ROUTINE,2,48536,2,3061,1655,40227,4896,EU-CENTRAL
5836,84781,23,ROUTINE,2,43236,4,2595,149,93776,8995,EU-WEST
5837,55663,15,ROUTINE,3,232050,4,5481,240,76115,20452,US-EAST
5838,30945,8,ROUTINE,3,30890,1,3491,253,38017,7072,US-EAST
5839,43578,12,CRITICAL,4,8604,1,3458,182,48497,4919,EU-WEST
5840,75653,21,ROUTINE,3,205047,7,4414,153,89257,13604,EU-WEST
5841,75761,21,CRITICAL,3,384551,6,4955,243,85342,9581,EU-WEST
5842,53885,14,ROUTINE,3,496340,4,5522,225,64448,10563,EU-WEST
5843,48676,13,ROUTINE,3,74736,4,5190,70,53141,4465,US-EAST
5844,73644,20,CRITICAL,3,42052,2,4845,1677,76373,2729,EU-WEST
5845,48174,13,ROUTINE,2,5246,2,3060,1999,52822,4648,EU-WEST
5846,27336,7,ROUTINE,3,72117,4,3536,1334,39852,12516,US-EAST
5847,46092,12,ROUTINE,2,233820,7,4029,151,63430,17338,EU-WEST
5848,84517,23,CRITICAL,3,241478,7,7344,208,92016,7499,EU-WEST
5849,26325,7,CRITICAL,3,227846,8,7083,222,33737,7412,EU-WEST
5850,41480,11,CRITICAL,3,33620,1,3730,143,46482,5002,EU-WEST
5851,35529,9,ROUTINE,3,12785,1,3092,100,47594,12065,US-EAST
5852,64208,17,CRITICAL,5,45237,2,3813,241,68422,4214,US-EAST
5853,58449,16,ROUTINE,3,573533,7,4050,644,76264,17815,US-EAST
5854,88703,24,ROUTINE,1,9749,1,1704,202,101193,12490,EU-WEST
5855,25136,6,CRITICAL,3,106496,3,2973,127,30393,5257,EU-CENTRAL
5856,83163,23,CRITICAL,3,363155,4,3141,1199,90840,7677,EU-WEST
5857,47580,13,ROUTINE,3,189259,4,5470,1388,58985,11405,US-EAST
5858,43540,12,ROUTINE,2,5439,2,2734,86,50787,7247,EU-WEST
5859,77758,21,ROUTINE,1,70832,3,2733,96,86098,8340,US-EAST
5860,76872,21,CRITICAL,3,109247,3,3631,350,81123,4251,US-EAST
5861,37051,10,CRITICAL,5,171347,8,6930,13,42719,5668,EU-CENTRAL
5862,83449,23,ROUTINE,3,122735,3,1972,120,99965,16516,EU-WEST
5863,72713,20,CRITICAL,4,13322,1,1982,125,74864,2151,EU-WEST
5864,76457,21,ROUTINE,3,20098,1,3902,299,91729,15272,EU-WEST
5865,86409,24,ROUTINE,3,295901,7,6698,178,107385,20976,US-EAST
5866,39167,10,ROUTINE,1,28294,1,2952,245,47743,8576,EU-CENTRAL
5867,84336,23,ROUTINE,3,23019,1,1315,5,93736,9400,EU-CENTRAL
5868,41770,11,ROUTINE,1,227097,4,5537,151,54259,12489,EU-CENTRAL
5869,73538,20,CRITICAL,4,21371,2,3406,266,76557,3019,US-EAST
5870,69670,19,ROUTINE,3,437563,8,5036,1467,81246,11576,EU-WEST
5871,61411,17,ROUTINE,3,34764,2,3103,1785,75712,14301,US-EAST
5872,27327,7,ROUTINE,2,34509,1,1682,167,38985,11658,EU-CENTRAL
5873,74393,20,ROUTINE,2,147295,2,3844,261,84949,10556,EU-WEST
5874,42777,11,CRITICAL,3,78265,2,4442,98,47588,4811,EU-CENTRAL
5875,68244,18,ROUTINE,3,223901,5,5603,271,80192,11948,US-EAST
5876,42410,11,ROUTINE,1,125465,2,3211,100,58890,16480,EU-WEST
5877,27181,7,ROUTINE,2,9201,1,4155,425,34166,6985,EU-WEST
5878,43253,12,ROUTINE,2,332176,6,4038,787,55637,12384,EU-CENTRAL
5879,59483,16,CRITICAL,5,54945,3,3665,21,63775,4292,EU-WEST
5880,62409,17,ROUTINE,3,50183,3,5062,1688,70680,8271,US-EAST
5881,82338,22,ROUTINE,1,16437,2,4395,252,91102,8764,US-EAST
5882,32113,8,ROUTINE,1,93007,3,3334,259,44715,12602,EU-CENTRAL
5883,44031,12,ROUTINE,2,30200,1,2068,172,53982,9951,EU-WEST
5884,78465,21,ROUTINE,3,179752,5,6315,135,95525,17060,EU-WEST
5885,32076,8,ROUTINE,1,57805,4,4558,1193,49024,16948,EU-CENTRAL
5886,40107,11,ROUTINE,3,53282,4,5100,192,49090,8983,EU-CENTRAL
5887,55115,15,ROUTINE,3,115377,4,2815,957,65701,10586,US-EAST
5888,56933,15,CRITICAL,4,50538,4,3743,93,59171,2238,EU-CENTRAL
5889,37327,10,ROUTINE,1,524508,7,4051,25,56744,19417,US-EAST
5890,41047,11,ROUTINE,3,147785,4,5194,1188,52071,11024,US-EAST
5891,30270,8,ROUTINE,1,28709,2,1875,233,34878,4608,EU-WEST
5892,86082,23,CRITICAL,4,161520,4,4603,11,92854,6772,EU-WEST
5893,26347,7,CRITICAL,3,233737,8,5162,170,36167,9820,EU-WEST
5894,36421,10,ROUTINE,2,40477,4,5373,1650,44340,7919,EU-CENTRAL
5895,50609,14,ROUTINE,3,213505,7,5042,255,70960,20351,US-EAST
5896,39835,11,ROUTINE,3,106787,3,2133,288,57480,17645,EU-WEST
5897,85058,23,CRITICAL,5,157899,6,3637,96,89939,4881,EU-CENTRAL
5898,36197,10,ROUTINE,1,193101,7,5452,1111,48071,11874,EU-WEST
5899,54604,15,ROUTINE,1,236944,6,3612,34,67319,12715,US-EAST
5900,32184,8,CRITICAL,4,25520,2,2492,260,35742,3558,US-EAST
5901,26203,7,ROUTINE,3,15059,1,2812,228,37535,11332,US-EAST
5902,47902,13,ROUTINE,3,239898,6,4361,106,61839,13937,EU-CENTRAL
5903,87804,24,ROUTINE,1,137550,2,3814,241,98196,10392,EU-WEST
5904,60652,16,ROUTINE,2,37552,1,3785,1243,65112,4460,EU-CENTRAL
5905,32502,9,ROUTINE,2,346823,5,3842,277,45282,12780,US-EAST
5906,41404,11,ROUTINE,1,174859,7,6880,1449,49584,8180,EU-CENTRAL
5907,89880,24,CRITICAL,5,7463,1,3150,233,94291,4411,EU-CENTRAL
5908,37814,10,ROUTINE,3,360583,4,3423,468,47877,10063,EU-CENTRAL
5909,66159,18,ROUTINE,2,163971,8,5544,68,73825,7666,EU-WEST
5910,57776,16,ROUTINE,2,498241,7,5866,107,77369,19593,US-EAST
5911,75322,20,ROUTINE,1,448780,7,5185,259,94886,19564,US-EAST
5912,39284,10,ROUTINE,2,50829,4,2670,10,50272,10988,US-EAST
5913,33861,9,CRITICAL,3,8037,2,4576,13,36177,2316,US-EAST
5914,29876,8,ROUTINE,2,53738,3,4262,221,34310,4434,US-EAST
5915,24871,6,ROUTINE,3,576800,6,6370,117,44741,19870,EU-WEST
5916,68920,19,ROUTINE,1,251721,5,3014,165,84334,15414,US-EAST
5917,75181,20,ROUTINE,1,133915,4,5820,210,82073,6892,EU-CENTRAL
5918,35537,9,ROUTINE,3,345495,8,5632,155,50333,14796,EU-WEST
5919,74948,20,ROUTINE,3,47081,2,1560,184,86027,11079,EU-CENTRAL
5920,68417,19,ROUTINE,2,232956,4,5043,111,83544,15127,US-EAST
5921,67125,18,ROUTINE,2,11098,2,4252,284,73449,6324,US-EAST
5922,50050,13,CRITICAL,3,58695,2,2040,254,54414,4364,EU-CENTRAL
5923,29536,8,CRITICAL,3,122479,2,3942,163,35397,5861,EU-CENTRAL
5924,27996,7,ROUTINE,1,52498,3,2233,90,39754,11758,US-EAST
5925,33328,9,ROUTINE,3,242956,4,3433,173,54288,20960,US-EAST
5926,46931,13,ROUTINE,2,28982,1,893,144,54562,7631,EU-WEST
5927,68936,19,ROUTINE,1,375766,4,3612,292,84338,15402,EU-WEST
5928,70098,19,ROUTINE,2,12045,1,2817,112,84649,14551,EU-CENTRAL
5929,80890,22,CRITICAL,5,35980,1,1905,945,85142,4252,EU-CENTRAL
5930,50838,14,CRITICAL,4,472359,7,6170,26,59312,8474,EU-WEST
5931,26775,7,ROUTINE,2,59639,2,3271,188,34144,7369,EU-WEST
5932,83972,23,ROUTINE,2,35325,2,2686,61,91136,7164,EU-WEST
5933,80975,22,ROUTINE,3,431608,8,6205,1796,103728,22753,EU-WEST
5934,33535,9,ROUTINE,3,53081,4,2418,1094,45180,11645,EU-WEST
5935,84487,23,ROUTINE,3,31909,1,2061,176,92671,8184,US-EAST
5936,69798,19,ROUTINE,3,29979,2,4596,1021,81579,11781,EU-WEST
5937,65836,18,ROUTINE,2,45584,3,5306,978,69957,4121,US-EAST
5938,71531,19,ROUTINE,3,174132,6,5913,185,78444,6913,US-EAST
5939,32497,9,CRITICAL,3,37926,1,2399,248,35480,2983,EU-CENTRAL
5940,75632,21,ROUTINE,3,424138,8,7269,1465,97747,22115,EU-WEST
5941,65469,18,CRITICAL,5,24453,1,1164,283,68166,2697,US-EAST
5942,54636,15,ROUTINE,1,38712,1,2925,13,66428,11792,EU-WEST
5943,25945,7,ROUTINE,2,561613,5,3332,953,37323,11378,US-EAST
5944,37974,10,ROUTINE,3,228520,7,4674,1383,54781,16807,EU-WEST
5945,63022,17,ROUTINE,3,53462,2,1582,240,80199,17177,EU-WEST
5946,25190,6,CRITICAL,3,195965,8,5115,192,33884,8694,US-EAST
5947,46740,12,ROUTINE,1,160849,7,4600,256,55823,9083,EU-WEST
5948,54310,15,CRITICAL,3,169381,7,6512,193,63256,8946,EU-WEST
5949,67460,18,ROUTINE,3,298339,8,7119,27,77060,9600,EU-WEST
5950,33427,9,ROUTINE,2,50577,4,3929,245,48587,15160,EU-WEST
5951,75852,21,ROUTINE,2,50569,2,3880,1939,91365,15513,US-EAST
5952,76356,21,ROUTINE,2,57010,4,4176,125,83967,7611,US-EAST
5953,40326,11,ROUTINE,3,384221,8,7897,1856,60280,19954,EU-WEST
5954,64079,17,ROUTINE,3,10002,2,1887,172,69680,5601,US-EAST
5955,57889,16,ROUTINE,2,169654,5,5874,9,66951,9062,EU-WEST
5956,25270,7,ROUTINE,1,22677,2,2282,290,41722,16452,EU-WEST
5957,34666,9,ROUTINE,2,155742,6,3761,233,49872,15206,EU-CENTRAL
5958,48244,13,ROUTINE,3,91849,3,2804,191,60022,11778,EU-WEST
5959,48450,13,ROUTINE,2,23738,1,2852,225,64176,15726,EU-CENTRAL
5960,52539,14,ROUTINE,1,24790,1,927,110,67261,14722,EU-CENTRAL
5961,33720,9,ROUTINE,1,12755,1,2070,513,45383,11663,EU-CENTRAL
5962,62289,17,ROUTINE,3,125738,4,3770,14,76716,14427,EU-WEST
5963,50478,14,CRITICAL,3,11702,2,4639,296,54013,3535,US-EAST
5964,64254,17,CRITICAL,3,121013,3,3913,63,70832,6578,EU-WEST
5965,54095,15,ROUTINE,2,29004,1,2985,24,57575,3480,EU-WEST
5966,32293,8,ROUTINE,3,53837,2,4542,1975,42082,9789,EU-CENTRAL
5967,54701,15,ROUTINE,3,547924,5,4247,200,77328,22627,EU-WEST
5968,61894,17,CRITICAL,5,553210,6,6360,263,73188,11294,EU-WEST
5969,46049,12,CRITICAL,4,47636,3,2657,1270,49037,2988,EU-WEST
5970,69874,19,ROUTINE,2,483414,6,3787,266,86300,16426,EU-WEST
5971,58310,16,ROUTINE,3,239742,5,5779,290,77515,19205,EU-CENTRAL
5972,89824,24,ROUTINE,1,162971,6,3504,1042,100692,10868,EU-WEST
5973,42999,11,CRITICAL,4,550006,6,5690,163,50992,7993,US-EAST
5974,57563,15,CRITICAL,5,235920,7,5963,148,66838,9275,EU-CENTRAL
5975,83864,23,ROUTINE,2,66006,4,3805,182,98549,14685,US-EAST
5976,79974,22,ROUTINE,2,27353,1,3175,242,89698,9724,US-EAST
5977,66313,18,ROUTINE,1,217842,4,5651,918,74246,7933,EU-CENTRAL
5978,38019,10,ROUTINE,2,43238,4,5233,175,51833,13814,US-EAST
5979,37489,10,CRITICAL,4,67618,2,3115,25,40106,2617,EU-CENTRAL
5980,82813,23,ROUTINE,3,27573,1,2002,55,91158,8345,EU-CENTRAL
5981,49501,13,CRITICAL,3,120376,3,4846,206,56770,7269,EU-CENTRAL
5982,76657,21,ROUTINE,1,55704,3,4575,245,90316,13659,EU-WEST
5983,43325,12,ROUTINE,3,50488,2,2971,86,53374,10049,EU-CENTRAL
5984,59963,16,CRITICAL,3,57121,4,4649,233,63832,3869,US-EAST
5985,68571,19,ROUTINE,1,574222,4,5881,957,78456,9885,EU-WEST
5986,71156,19,CRITICAL,4,47818,4,4971,215,75017,3861,EU-CENTRAL
5987,35503,9,ROUTINE,1,351089,5,3198,286,49504,14001,EU-WEST
5988,63193,17,CRITICAL,5,197273,5,3585,282,71899,8706,US-EAST
5989,75513,20,ROUTINE,3,144520,4,3639,24,86674,11161,EU-WEST
5990,59621,16,ROUTINE,1,42418,3,3321,163,74807,15186,EU-CENTRAL
5991,75052,20,ROUTINE,2,428206,4,4558,44,86389,11337,US-EAST
5992,53227,14,ROUTINE,2,13014,1,983,217,58922,5695,EU-CENTRAL
5993,55084,15,CRITICAL,4,581597,4,4724,1732,63086,8002,US-EAST
5994,61624,17,ROUTINE,2,10478,2,4100,137,69582,7958,US-EAST
5995,45333,12,ROUTINE,1,15091,1,2330,122,57495,12162,US-EAST
5996,58320,16,CRITICAL,3,42593,2,3182,283,61189,2869,US-EAST
5997,41956,11,ROUTINE,2,175233,4,4759,174,59897,17941,EU-WEST
5998,67472,18,CRITICAL,5,200750,5,6058,173,74394,6922,US-EAST
5999,27850,7,CRITICAL,3,220307,6,3559,49,36520,8670,EU-WEST
6000,47000,13,ROUTINE,2,254883,5,3291,109,58769,11769,US-EAST
6001,83591,23,CRITICAL,3,211628,6,4681,285,93352,9761,EU-WEST
6002,76639,21,ROUTINE,1,24889,1,2159,69,81443,4804,EU-WEST
6003,75571,20,CRITICAL,4,141718,3,2859,256,81529,5958,US-EAST
6004,43194,11,ROUTINE,1,43867,2,1412,196,51080,7886,EU-WEST
6005,41665,11,ROUTINE,1,517493,8,7855,88,58745,17080,US-EAST
6006,65529,18,ROUTINE,3,105508,3,1825,962,72073,6544,EU-WEST
6007,81726,22,ROUTINE,3,47181,2,2186,15,89490,7764,US-EAST
6008,77201,21,ROUTINE,2,106827,3,3656,249,82959,5758,EU-WEST
6009,24212,6,ROUTINE,1,19788,2,4821,89,34183,9971,EU-WEST
6010,73811,20,ROUTINE,1,50387,4,4937,50,81904,8093,EU-CENTRAL
6011,77647,21,ROUTINE,1,398831,8,5923,104,89641,11994,US-EAST
6012,69897,19,ROUTINE,3,14914,1,3938,16,73291,3394,US-EAST
6013,66165,18,CRITICAL,3,184893,8,6184,100,71936,5771,EU-CENTRAL
6014,52588,14,ROUTINE,1,36281,2,2422,80,62702,10114,US-EAST
6015,79901,22,ROUTINE,2,145655,2,2064,1206,98411,18510,EU-WEST
6016,62588,17,ROUTINE,1,25123,2,3967,159,67810,5222,EU-CENTRAL
6017,79440,22,ROUTINE,1,29988,1,2847,185,92716,13276,US-EAST
6018,61082,16,CRITICAL,3,17751,1,2217,180,66307,5225,US-EAST
6019,32154,8,CRITICAL,5,28889,2,1384,265,35194,3040,EU-CENTRAL
6020,69056,19,CRITICAL,3,155036,5,3783,170,75416,6360,EU-CENTRAL
6021,55682,15,CRITICAL,4,57884,4,3711,52,59517,3835,US-EAST
6022,39841,11,ROUTINE,1,41616,3,4166,53,48237,8396,US-EAST
6023,51070,14,ROUTINE,3,102366,2,3171,262,63130,12060,EU-CENTRAL
6024,45754,12,CRITICAL,3,542847,4,2984,65,54402,8648,US-EAST
6025,53045,14,CRITICAL,5,248857,8,4704,406,62598,9553,US-EAST
6026,64016,17,ROUTINE,1,48323,4,3086,1087,70657,6641,EU-WEST
6027,80299,22,ROUTINE,3,142450,2,2857,89,98229,17930,US-EAST
6028,84602,23,ROUTINE,3,15537,1,1201,993,87503,2901,EU-WEST
6029,44219,12,ROUTINE,3,225029,7,6256,1144,63512,19293,EU-CENTRAL
6030,41036,11,CRITICAL,4,360074,5,3746,261,50003,8967,US-EAST
6031,39096,10,ROUTINE,3,245275,4,5787,1789,54458,15362,EU-CENTRAL
6032,22657,6,ROUTINE,1,274247,7,7323,1737,44272,21615,US-EAST
6033,33136,9,CRITICAL,3,60643,3,4241,1684,37767,4631,EU-CENTRAL
6034,87650,24,CRITICAL,4,249358,8,5081,1236,98347,10697,EU-CENTRAL
6035,69167,19,CRITICAL,5,340836,5,6080,52,78363,9196,EU-WEST
6036,29785,8,ROUTINE,1,6614,1,1939,141,32593,2808,EU-CENTRAL
6037,80964,22,CRITICAL,3,47650,2,4164,240,86088,5124,US-EAST
6038,70459,19,ROUTINE,2,17078,1,4174,279,77218,6759,EU-CENTRAL
6039,38273,10,ROUTINE,2,168174,7,4115,1645,46480,8207,US-EAST
6040,62006,17,CRITICAL,3,189328,6,6180,195,68373,6367,US-EAST
6041,27709,7,ROUTINE,3,195649,5,3807,1191,48341,20632,EU-CENTRAL
6042,25767,7,ROUTINE,3,201537,5,4440,464,41451,15684,US-EAST
6043,53355,14,CRITICAL,5,18362,1,1998,496,55384,2029,EU-WEST
6044,84750,23,ROUTINE,3,239029,5,4431,83,104867,20117,US-EAST
6045,38650,10,ROUTINE,2,13861,1,3954,8,48695,10045,EU-WEST
6046,35378,9,ROUTINE,1,32669,2,4030,274,43990,8612,EU-WEST
6047,83492,23,ROUTINE,2,51803,2,2313,198,91784,8292,US-EAST
6048,76043,21,CRITICAL,5,13982,2,2011,172,80546,4503,EU-WEST
6049,26561,7,ROUTINE,3,16213,1,2549,1176,29433,2872,EU-WEST
6050,45930,12,ROUTINE,1,558352,6,5009,205,60485,14555,EU-CENTRAL
6051,26043,7,ROUTINE,3,139638,2,3729,1847,43206,17163,EU-WEST
6052,59609,16,ROUTINE,1,94688,3,4100,287,67893,8284,US-EAST
6053,58648,16,ROUTINE,3,228992,6,6833,419,68886,10238,EU-WEST
6054,71447,19,ROUTINE,2,356639,5,3310,299,83823,12376,US-EAST
6055,28265,7,ROUTINE,2,40013,3,2505,261,44233,15968,US-EAST
6056,26579,7,ROUTINE,1,154950,4,5412,206,34887,8308,US-EAST
6057,32088,8,ROUTINE,2,47137,4,4431,180,42305,10217,EU-CENTRAL
6058,63554,17,ROUTINE,2,545431,7,6124,289,80885,17331,EU-WEST
6059,43798,12,CRITICAL,3,42341,2,1893,178,48587,4789,US-EAST
6060,58522,16,ROUTINE,2,127306,4,4800,123,66383,7861,EU-WEST
6061,77300,21,ROUTINE,2,310403,8,7171,153,87277,9977,EU-WEST
6062,50959,14,ROUTINE,1,47912,3,3250,129,62875,11916,EU-WEST
6063,39267,10,ROUTINE,2,226731,6,5007,259,57090,17823,US-EAST
6064,67913,18,ROUTINE,3,109797,3,3100,158,84165,16252,EU-WEST
6065,48634,13,ROUTINE,2,29736,2,4071,292,51779,3145,US-EAST
6066,66858,18,ROUTINE,1,55540,3,3334,239,80711,13853,EU-CENTRAL
6067,72532,20,ROUTINE,2,45453,3,3354,289,80992,8460,EU-WEST
6068,64541,17,ROUTINE,1,533793,8,4428,268,80092,15551,EU-CENTRAL
6069,26105,7,ROUTINE,2,187920,7,5219,194,44499,18394,US-EAST
6070,59340,16,ROUTINE,1,208440,7,5579,193,79181,19841,EU-CENTRAL
6071,85877,23,ROUTINE,3,26899,2,1860,83,101771,15894,EU-CENTRAL
6072,31522,8,ROUTINE,2,53753,3,2891,123,43475,11953,US-EAST
6073,49381,13,ROUTINE,2,122420,3,4714,1576,64607,15226,US-EAST
6074,49991,13,ROUTINE,2,46965,2,2590,294,55024,5033,EU-WEST
6075,48250,13,ROUTINE,1,234982,5,6307,72,57724,9474,EU-CENTRAL
6076,59356,16,ROUTINE,2,42631,4,5533,185,75202,15846,US-EAST
6077,37316,10,ROUTINE,2,188998,5,3762,20,52923,15607,EU-WEST
6078,51653,14,ROUTINE,3,60288,3,3825,226,64298,12645,US-EAST
6079,80155,22,ROUTINE,2,195084,5,3784,307,93167,13012,EU-WEST
6080,52939,14,ROUTINE,2,16461,1,3306,1139,62697,9758,EU-CENTRAL
6081,87614,24,ROUTINE,2,246080,7,6582,40,99823,12209,US-EAST
6082,47861,13,CRITICAL,3,24412,1,1381,261,53242,5381,EU-WEST
6083,52661,14,CRITICAL,5,551793,8,7323,1412,61894,9233,EU-CENTRAL
6084,35003,9,ROUTINE,2,116085,2,3782,206,42346,7343,EU-WEST
6085,28004,7,ROUTINE,2,27592,1,1668,153,35796,7792,US-EAST
6086,80698,22,ROUTINE,1,21661,2,2261,137,87440,6742,US-EAST
6087,68897,19,CRITICAL,3,156138,7,6787,24,75590,6693,EU-WEST
6088,25515,7,ROUTINE,2,40792,2,3845,1592,34589,9074,EU-WEST
6089,51102,14,ROUTINE,2,49309,2,4239,53,57027,5925,EU-WEST
6090,81807,22,CRITICAL,3,31128,2,1830,261,83295,1488,EU-CENTRAL
6091,25333,7,ROUTINE,3,5675,1,1757,1025,31527,6194,US-EAST
6092,62391,17,ROUTINE,2,462090,6,4428,158,74713,12322,US-EAST
6093,49081,13,CRITICAL,4,29097,1,3057,280,53705,4624,US-EAST
6094,34703,9,ROUTINE,1,27287,2,1548,229,50603,15900,US-EAST
6095,68103,18,ROUTINE,2,37694,2,2964,507,72787,4684,EU-WEST
6096,52657,14,ROUTINE,1,160493,4,3725,202,62067,9410,US-EAST
6097,74837,20,ROUTINE,1,50129,3,3858,620,87119,12282,US-EAST
6098,64131,17,ROUTINE,3,102484,2,3184,298,72812,8681,EU-WEST
6099,42489,11,ROUTINE,3,55314,2,3439,59,55478,12989,EU-WEST
6100,67368,18,ROUTINE,3,55768,3,4442,101,84476,17108,US-EAST
6101,32476,9,CRITICAL,5,55001,2,3518,44,38390,5914,EU-WEST
6102,79628,22,ROUTINE,2,86421,4,5123,172,91718,12090,EU-CENTRAL
6103,52414,14,ROUTINE,2,208560,4,3210,160,65289,12875,EU-CENTRAL
6104,74276,20,ROUTINE,1,539325,6,6909,188,93108,18832,US-EAST
6105,87691,24,ROUTINE,2,175537,5,5554,163,95913,8222,EU-CENTRAL
6106,46212,12,ROUTINE,1,245129,5,6002,52,59568,13356,US-EAST
6107,72189,20,ROUTINE,2,348336,7,6946,1562,91672,19483,EU-WEST
6108,36521,10,CRITICAL,4,6388,1,2513,102,37395,874,EU-WEST
6109,64911,18,ROUTINE,1,313222,7,6735,115,82420,17509,US-EAST
6110,44926,12,ROUTINE,1,22467,2,1396,242,48721,3795,US-EAST
6111,62086,17,ROUTINE,2,25635,2,3286,252,72499,10413,EU-CENTRAL
6112,47647,13,CRITICAL,3,237345,6,6184,7,56575,8928,EU-WEST
6113,34012,9,ROUTINE,2,42751,2,1607,1205,48376,14364,EU-CENTRAL
6114,42063,11,ROUTINE,3,235609,6,6254,106,52324,10261,US-EAST
6115,34417,9,CRITICAL,3,17291,2,1375,142,39595,5178,US-EAST
6116,73450,20,ROUTINE,3,181389,4,3737,246,90135,16685,US-EAST
6117,39664,11,CRITICAL,4,98605,2,4281,28,43959,4295,EU-WEST
6118,55024,15,ROUTINE,1,599773,4,2796,132,73136,18112,EU-WEST
6119,56498,15,CRITICAL,3,55018,4,2512,1673,59985,3487,EU-CENTRAL
6120,34120,9,ROUTINE,3,31696,1,2084,39,45421,11301,US-EAST
6121,33586,9,CRITICAL,3,65101,3,3692,134,39319,5733,EU-CENTRAL
6122,26699,7,CRITICAL,4,52306,4,3075,60,29134,2435,EU-WEST
6123,60812,16,ROUTINE,2,13135,2,1967,14,63811,2999,US-EAST
6124,52383,14,ROUTINE,1,59438,2,1890,562,64950,12567,US-EAST
6125,69118,19,ROUTINE,3,440197,7,5507,193,90202,21084,EU-CENTRAL
6126,47115,13,CRITICAL,3,18787,1,3708,816,50351,3236,EU-CENTRAL
6127,82351,22,ROUTINE,1,217789,8,6595,232,100709,18358,US-EAST
6128,30088,8,ROUTINE,2,312376,4,5689,53,41179,11091,EU-WEST
6129,83452,23,ROUTINE,3,550406,5,6256,237,106416,22964,EU-WEST
6130,86106,23,ROUTINE,1,28849,1,4326,469,93312,7206,US-EAST
6131,44405,12,ROUTINE,1,125399,2,4030,229,58633,14228,US-EAST
6132,84654,23,CRITICAL,5,483036,4,4509,66,95799,11145,EU-WEST
6133,57521,15,ROUTINE,1,415285,6,4735,342,67920,10399,EU-WEST
6134,72476,20,ROUTINE,1,472461,6,5486,230,89056,16580,US-EAST
6135,84157,23,ROUTINE,1,60696,4,4923,238,97286,13129,EU-WEST
6136,58921,16,ROUTINE,2,5239,1,1393,265,62854,3933,EU-WEST
6137,44634,12,CRITICAL,4,35472,1,3770,165,47368,2734,US-EAST
6138,28796,7,ROUTINE,2,31509,1,2447,53,39556,10760,US-EAST
6139,56745,15,ROUTINE,2,244177,6,5517,217,73051,16306,EU-CENTRAL
6140,24300,6,ROUTINE,1,509397,8,7333,57,41016,16716,US-EAST
6141,83247,23,ROUTINE,1,409731,7,5691,91,101246,17999,US-EAST
6142,74999,20,ROUTINE,3,13997,2,2110,120,89170,14171,EU-WEST
6143,41931,11,ROUTINE,3,226383,8,7270,105,52040,10109,US-EAST
6144,82493,22,ROUTINE,2,125717,3,2004,429,95649,13156,EU-WEST
6145,85567,23,ROUTINE,1,209096,6,5408,8,103900,18333,US-EAST
6146,60026,16,CRITICAL,4,454045,6,6847,1534,71534,11508,US-EAST
6147,58348,16,ROUTINE,2,93620,4,2521,51,71313,12965,EU-WEST
6148,83849,23,ROUTINE,3,534259,7,4693,362,101160,17311,EU-WEST
6149,55758,15,ROUTINE,3,426077,8,7904,115,71129,15371,US-EAST
6150,28845,8,CRITICAL,5,53906,4,5574,7,34534,5689,US-EAST
6151,81199,22,ROUTINE,1,59472,2,1997,72,88099,6900,EU-WEST
6152,75278,20,ROUTINE,3,30556,2,2003,61,80737,5459,EU-CENTRAL
6153,84322,23,CRITICAL,5,264958,6,5583,284,94724,10402,EU-WEST
6154,55476,15,ROUTINE,3,40538,4,2620,149,70495,15019,EU-WEST
6155,42282,11,ROUTINE,2,250936,4,3371,45,56432,14150,US-EAST
6156,39696,11,CRITICAL,4,135638,2,4227,280,44692,4996,EU-WEST
6157,38174,10,ROUTINE,2,58433,3,4985,637,43296,5122,EU-WEST
6158,29342,8,CRITICAL,5,54308,3,4794,1298,33310,3968,EU-WEST
6159,44385,12,ROUTINE,2,464814,6,3930,122,62674,18289,EU-CENTRAL
6160,51436,14,CRITICAL,3,26182,2,4234,1426,56694,5258,EU-CENTRAL
6161,79399,22,CRITICAL,3,167174,7,5690,171,87117,7718,US-EAST
6162,31386,8,ROUTINE,2,195545,5,6348,58,51507,20121,EU-CENTRAL
6163,35852,9,ROUTINE,2,142787,3,1925,130,41914,6062,US-EAST
6164,79041,21,ROUTINE,3,128193,2,2440,1662,90201,11160,EU-CENTRAL
6165,85055,23,ROUTINE,1,444466,7,5953,1555,99926,14871,US-EAST
6166,79756,22,CRITICAL,4,29753,1,3336,26,83004,3248,EU-WEST
6167,49895,13,ROUTINE,1,15798,2,3542,415,60155,10260,US-EAST
6168,39717,11,CRITICAL,4,50744,4,2730,211,41603,1886,EU-CENTRAL
6169,83115,23,CRITICAL,3,28244,1,1032,69,87247,4132,EU-CENTRAL
6170,28044,7,CRITICAL,3,45962,4,2973,199,29965,1921,EU-WEST
6171,69570,19,ROUTINE,2,40759,2,2132,165,75289,5719,US-EAST
6172,76112,21,CRITICAL,5,127774,2,3810,266,81921,5809,EU-WEST
6173,56777,15,ROUTINE,2,52178,2,4151,1189,63154,6377,EU-WEST
6174,82684,22,CRITICAL,5,112573,3,4791,1671,88265,5581,US-EAST
6175,71695,19,CRITICAL,3,34802,2,1937,113,75517,3822,EU-WEST
6176,51570,14,CRITICAL,3,40416,4,5501,180,54482,2912,US-EAST
6177,40119,11,CRITICAL,3,464122,6,3949,266,51311,11192,US-EAST
6178,82955,23,ROUTINE,2,85063,2,3049,92,91981,9026,US-EAST
6179,60515,16,ROUTINE,2,20237,1,3519,224,72834,12319,US-EAST
6180,50303,13,CRITICAL,4,49623,2,4825,185,55698,5395,US-EAST
6181,61231,17,ROUTINE,3,144246,2,2849,117,74902,13671,EU-WEST
6182,43609,12,ROUTINE,1,49523,2,3535,110,58860,15251,EU-CENTRAL
6183,48186,13,CRITICAL,4,150431,6,3545,215,54520,6334,US-EAST
6184,25432,7,CRITICAL,3,226413,8,5476,204,33059,7627,EU-WEST
6185,83303,23,CRITICAL,3,59837,2,4591,731,86239,2936,EU-CENTRAL
6186,57617,16,ROUTINE,2,137563,4,4313,1260,71607,13990,US-EAST
6187,77059,21,CRITICAL,5,222571,7,6893,242,85783,8724,EU-WEST
6188,80369,22,ROUTINE,3,165733,4,5128,1791,87842,7473,US-EAST
6189,84167,23,ROUTINE,2,7945,1,836,1521,96863,12696,EU-CENTRAL
6190,61508,17,CRITICAL,3,107281,4,4143,75,67955,6447,EU-WEST
6191,38852,10,CRITICAL,4,29349,2,2519,38,41825,2973,US-EAST
6192,28353,7,ROUTINE,2,274033,7,4599,1239,40915,12562,EU-WEST
6193,55588,15,ROUTINE,1,50173,2,1318,250,64538,8950,EU-WEST
6194,25263,7,ROUTINE,3,51378,2,1984,193,37506,12243,EU-WEST
6195,48814,13,ROUTINE,3,118450,2,4415,119,55822,7008,EU-CENTRAL
6196,76518,21,CRITICAL,3,9101,1,3717,212,77746,1228,EU-WEST
6197,43200,12,ROUTINE,2,193184,6,3401,175,59109,15909,EU-WEST
6198,37094,10,CRITICAL,3,168111,7,5315,1980,45701,8607,EU-WEST
6199,59083,16,ROUTINE,3,466133,7,4592,445,81944,22861,EU-CENTRAL
6200,70583,19,ROUTINE,3,223763,4,5368,274,89987,19404,EU-CENTRAL
6201,33824,9,CRITICAL,4,31082,1,2776,143,38214,4390,EU-WEST
6202,75534,20,CRITICAL,5,266146,8,4685,16,84018,8484,EU-WEST
6203,68625,19,ROUTINE,1,48268,4,3686,124,76545,7920,EU-WEST
6204,43805,12,ROUTINE,1,242863,5,3864,302,63192,19387,US-EAST
6205,78494,21,ROUTINE,1,193735,8,6924,152,92079,13585,EU-CENTRAL
6206,38120,10,ROUTINE,3,87683,3,3313,203,49418,11298,EU-CENTRAL
6207,46775,12,ROUTINE,3,49251,2,1918,55,62619,15844,EU-WEST
6208,80670,22,ROUTINE,3,231109,7,5531,215,90017,9347,US-EAST
6209,48127,13,ROUTINE,2,44246,4,2519,275,60019,11892,EU-WEST
6210,51366,14,ROUTINE,1,26327,2,3964,12,65100,13734,EU-CENTRAL
6211,35040,9,ROUTINE,1,40330,4,4930,250,44054,9014,US-EAST
6212,25540,7,ROUTINE,1,163344,5,3654,150,43755,18215,EU-CENTRAL
6213,43907,12,ROUTINE,3,51598,3,2259,26,48195,4288,EU-WEST
6214,71426,19,ROUTINE,2,19353,2,2652,239,84718,13292,US-EAST
6215,37837,10,ROUTINE,2,29277,1,4323,176,47546,9709,EU-WEST
6216,53453,14,ROUTINE,2,46333,4,5387,1038,64608,11155,EU-CENTRAL
6217,25579,7,ROUTINE,2,43156,2,4187,21,35019,9440,EU-WEST
6218,70533,19,ROUTINE,2,35274,1,4186,273,82976,12443,EU-CENTRAL
6219,60473,16,ROUTINE,1,18069,1,1450,107,74108,13635,EU-WEST
6220,30515,8,ROUTINE,1,163369,8,5057,116,44200,13685,EU-WEST
6221,37796,10,CRITICAL,3,28734,2,3543,67,41692,3896,EU-WEST
6222,77076,21,ROUTINE,2,35599,2,1581,177,84602,7526,EU-WEST
6223,38762,10,ROUTINE,1,29892,2,4519,161,46717,7955,EU-WEST
6224,32583,9,ROUTINE,3,34447,1,3696,151,44087,11504,EU-CENTRAL
6225,35709,9,CRITICAL,3,536456,6,3622,293,45435,9726,EU-WEST
6226,71973,19,CRITICAL,3,440665,4,2653,1251,80375,8402,EU-CENTRAL
6227,53397,14,ROUTINE,2,5779,1,1826,212,60961,7564,US-EAST
6228,64163,17,CRITICAL,4,134811,3,4834,224,70716,6553,EU-CENTRAL
6229,28910,8,ROUTINE,2,192598,7,4106,237,45691,16781,US-EAST
6230,23363,6,ROUTINE,1,32393,1,1737,14,33142,9779,US-EAST
6231,35397,9,ROUTINE,2,242631,7,7422,750,48507,13110,EU-WEST
6232,46841,13,CRITICAL,4,25505,1,1967,1918,50117,3276,EU-WEST
6233,27878,7,CRITICAL,4,424909,8,7107,109,35583,7705,EU-WEST
6234,21948,6,CRITICAL,3,597645,8,5272,56,31996,10048,US-EAST
6235,30465,8,ROUTINE,3,8770,2,2389,234,33358,2893,EU-WEST
6236,53173,14,CRITICAL,5,12817,1,2198,231,55125,1952,EU-WEST
6237,39923,11,ROUTINE,1,28472,2,4479,279,45761,5838,EU-WEST
6238,24255,6,ROUTINE,1,546521,6,4145,9,39086,14831,EU-WEST
6239,67624,18,CRITICAL,4,566841,6,5766,177,75276,7652,US-EAST
6240,71540,19,ROUTINE,1,168929,8,4439,185,89134,17594,US-EAST
6241,33350,9,CRITICAL,5,165568,8,7873,68,39675,6325,US-EAST
6242,48374,13,ROUTINE,1,240191,5,5639,219,60400,12026,US-EAST
6243,73498,20,CRITICAL,4,39170,1,1888,47,75705,2207,US-EAST
6244,49373,13,CRITICAL,4,20296,1,2872,124,54085,4712,EU-WEST
6245,89670,24,ROUTINE,2,48322,4,4345,31,101304,11634,US-EAST
6246,58584,16,ROUTINE,2,27432,1,3085,55,64969,6385,EU-CENTRAL
6247,84615,23,ROUTINE,1,57106,3,4077,124,98894,14279,EU-WEST
6248,63750,17,CRITICAL,3,16729,2,3611,14,67691,3941,US-EAST
6249,37319,10,ROUTINE,3,219952,4,4084,77,54190,16871,US-EAST
6250,87057,24,CRITICAL,3,552638,7,6145,236,95262,8205,EU-CENTRAL
6251,30150,8,CRITICAL,4,28673,1,4334,94,34256,4106,EU-WEST
6252,32783,9,CRITICAL,4,16315,1,3223,49,37129,4346,EU-WEST
6253,32062,8,ROUTINE,3,187648,6,6043,247,46916,14854,US-EAST
6254,35867,9,CRITICAL,3,99001,3,5268,278,40252,4385,EU-WEST
6255,86892,24,ROUTINE,3,22264,1,1987,31,97638,10746,EU-CENTRAL
6256,56775,15,ROUTINE,3,43268,4,2446,91,69971,13196,EU-CENTRAL
6257,54544,15,CRITICAL,3,342847,6,6486,833,64708,10164,EU-WEST
6258,43904,12,ROUTINE,2,489389,5,3499,262,63064,19160,EU-WEST
6259,70508,19,ROUTINE,2,301244,8,7324,71,87317,16809,EU-WEST
6260,25763,7,ROUTINE,1,213901,5,5520,161,33675,7912,EU-WEST
6261,52089,14,CRITICAL,3,6531,1,2060,250,54088,1999,EU-WEST
6262,56330,15,ROUTINE,1,484100,7,6590,31,66141,9811,EU-CENTRAL
6263,41432,11,ROUTINE,2,42622,3,3326,151,53280,11848,EU-CENTRAL
6264,80225,22,ROUTINE,2,37358,2,4826,1254,85514,5289,EU-WEST
6265,65595,18,ROUTINE,2,43235,4,5398,226,72625,7030,EU-CENTRAL
6266,64049,17,CRITICAL,3,12738,1,863,154,68925,4876,EU-WEST
6267,76110,21,ROUTINE,2,540762,5,4595,88,98008,21898,US-EAST
6268,39255,10,CRITICAL,5,20867,2,2090,285,42088,2833,EU-WEST
6269,84714,23,CRITICAL,3,140861,3,4398,134,92208,7494,EU-WEST
6270,55004,15,CRITICAL,4,67741,2,3344,351,60526,5522,US-EAST
6271,60270,16,CRITICAL,4,237729,6,6786,172,68885,8615,EU-WEST
6272,40802,11,ROUTINE,1,171984,5,3788,178,54824,14022,US-EAST
6273,47113,13,ROUTINE,3,223469,7,5293,1193,57987,10874,US-EAST
6274,52012,14,ROUTINE,3,289186,5,4772,76,74128,22116,EU-WEST
6275,26597,7,ROUTINE,3,209743,7,4463,149,37245,10648,EU-WEST
6276,63797,17,CRITICAL,5,227678,6,6416,1927,72793,8996,EU-WEST
6277,64155,17,ROUTINE,3,7237,2,3721,142,67657,3502,EU-WEST
6278,29117,8,ROUTINE,3,509978,4,5252,140,44413,15296,US-EAST
6279,56775,15,ROUTINE,2,450901,8,5111,109,74916,18141,US-EAST
6280,26352,7,ROUTINE,2,223466,7,5667,117,46003,19651,EU-CENTRAL
6281,27086,7,ROUTINE,3,38129,1,3166,1545,41501,14415,EU-WEST
6282,51313,14,ROUTINE,1,186668,5,5842,241,60593,9280,EU-WEST
6283,56493,15,CRITICAL,3,53697,4,5753,91,60408,3915,EU-CENTRAL
6284,76432,21,ROUTINE,1,106365,3,2308,149,94355,17923,EU-CENTRAL
6285,73944,20,CRITICAL,3,162297,7,5749,217,79472,5528,EU-CENTRAL
6286,43562,12,ROUTINE,2,425894,8,7028,30,58001,14439,EU-CENTRAL
6287,38297,10,ROUTINE,3,35714,2,3947,56,47276,8979,US-EAST
6288,78540,21,ROUTINE,2,223418,8,5231,130,94740,16200,EU-CENTRAL
6289,36323,10,ROUTINE,1,203312,6,5165,9,51730,15407,US-EAST
6290,37339,10,ROUTINE,2,506402,4,3731,17,58644,21305,EU-WEST
6291,66188,18,ROUTINE,1,8409,1,3213,225,80504,14316,US-EAST
6292,57570,15,CRITICAL,5,69119,4,5373,196,61980,4410,EU-CENTRAL
6293,83249,23,ROUTINE,1,132958,4,2991,166,99856,16607,EU-WEST
6294,60590,16,ROUTINE,2,154553,5,5328,107,70073,9483,EU-WEST
6295,74067,20,ROUTINE,3,48898,4,2909,1248,87133,13066,EU-WEST
6296,31819,8,ROUTINE,3,248206,4,5268,587,53828,22009,EU-WEST
6297,87430,24,CRITICAL,5,49774,4,4298,148,90228,2798,EU-WEST
6298,56211,15,ROUTINE,1,56291,3,1866,259,71425,15214,EU-WEST
6299,28272,7,CRITICAL,4,140794,4,3853,1067,35811,7539,US-EAST
6300,82512,22,ROUTINE,2,113108,3,5091,126,100277,17765,US-EAST
6301,31999,8,ROUTINE,1,56744,4,4380,164,37793,5794,US-EAST
6302,52831,14,ROUTINE,2,423286,7,4027,35,69141,16310,US-EAST
6303,49725,13,ROUTINE,2,156885,6,5961,300,64839,15114,EU-CENTRAL
6304,35347,9,ROUTINE,1,39809,1,1502,227,46569,11222,EU-WEST
6305,44253,12,CRITICAL,5,50231,4,3671,83,50018,5765,EU-CENTRAL
6306,53081,14,ROUTINE,3,59500,4,4661,1577,66743,13662,US-EAST
6307,26171,7,CRITICAL,4,12789,1,1221,263,28936,2765,EU-WEST
6308,66440,18,ROUTINE,1,145761,2,3007,218,74381,7941,EU-WEST
6309,71073,19,ROUTINE,1,8806,2,3152,93,76727,5654,EU-WEST
6310,51410,14,ROUTINE,1,412161,7,4437,65,70546,19136,EU-WEST
6311,28663,7,ROUTINE,3,59215,4,4025,113,39131,10468,EU-CENTRAL
6312,59638,16,ROUTINE,3,33294,2,2834,289,68980,9342,US-EAST
6313,70007,19,ROUTINE,2,118367,3,1911,1848,84571,14564,US-EAST
6314,76752,21,ROUTINE,2,584391,6,4065,42,90028,13276,US-EAST
6315,35652,9,ROUTINE,2,56471,3,3637,140,52030,16378,EU-WEST
6316,64622,17,ROUTINE,2,173433,5,3584,150,75096,10474,EU-CENTRAL
6317,39321,10,ROUTINE,1,35389,1,2537,191,45284,5963,EU-WEST
6318,83938,23,ROUTINE,3,538914,6,3643,175,106657,22719,EU-CENTRAL
6319,43145,11,ROUTINE,1,15397,1,4181,134,47037,3892,US-EAST
6320,31432,8,ROUTINE,3,23773,1,3438,1972,42810,11378,US-EAST
6321,71321,19,ROUTINE,1,8983,1,3811,66,78914,7593,US-EAST
6322,24720,6,ROUTINE,3,442175,7,6446,221,46738,22018,US-EAST
6323,42606,11,ROUTINE,2,7429,2,4085,158,54720,12114,US-EAST
6324,35167,9,ROUTINE,1,187449,5,3181,87,43187,8020,US-EAST
6325,28568,7,ROUTINE,2,16238,1,1097,1112,42858,14290,EU-WEST
6326,31320,8,ROUTINE,2,58097,2,4103,274,36389,5069,EU-CENTRAL
6327,23769,6,CRITICAL,3,238374,5,6026,1540,30598,6829,US-EAST
6328,51551,14,ROUTINE,3,14024,1,1902,189,62334,10783,US-EAST
6329,82834,23,ROUTINE,2,30367,1,3887,235,97629,14795,US-EAST
6330,80903,22,ROUTINE,3,444125,6,6584,223,101017,20114,US-EAST
6331,63748,17,ROUTINE,1,420497,6,5579,112,77370,13622,EU-CENTRAL
6332,67496,18,ROUTINE,3,71336,2,2612,1844,74958,7462,EU-WEST
6333,57650,16,CRITICAL,3,34050,2,2724,184,59471,1821,US-EAST
6334,66432,18,ROUTINE,1,45292,3,2740,249,76878,10446,EU-WEST
6335,34872,9,CRITICAL,5,526605,5,4163,184,42854,7982,EU-CENTRAL
6336,29890,8,CRITICAL,5,200882,7,6160,274,36658,6768,US-EAST
6337,64716,17,CRITICAL,3,9025,2,1351,267,65924,1208,US-EAST
6338,43473,12,CRITICAL,3,63920,4,5523,1829,48816,5343,US-EAST
6339,79638,22,CRITICAL,4,38784,1,4116,64,82621,2983,US-EAST
6340,27300,7,CRITICAL,4,113695,2,3185,122,34002,6702,EU-WEST
6341,73539,20,CRITICAL,5,38950,2,4793,1159,77115,3576,US-EAST
6342,31236,8,ROUTINE,3,5155,1,1895,1241,37149,5913,EU-WEST
6343,59723,16,ROUTINE,3,17478,1,1520,100,76071,16348,US-EAST
6344,30868,8,ROUTINE,1,435357,4,2431,257,48958,18090,US-EAST
6345,32975,9,ROUTINE,2,88449,4,4322,31,40510,7535,EU-CENTRAL
6346,48430,13,CRITICAL,4,47041,2,3438,1510,53198,4768,US-EAST
6347,59794,16,ROUTINE,3,85142,2,2905,1462,75170,15376,US-EAST
6348,63233,17,ROUTINE,2,57104,3,5203,300,73855,10622,US-EAST
6349,75344,20,CRITICAL,5,534139,5,4457,1928,86233,10889,EU-WEST
6350,29246,8,ROUTINE,2,35674,2,2909,190,41122,11876,EU-WEST
6351,64331,17,ROUTINE,2,104765,2,2203,88,81165,16834,EU-CENTRAL
6352,87201,24,ROUTINE,2,12474,1,3866,1707,98691,11490,US-EAST
6353,57387,15,ROUTINE,2,237731,4,3235,140,70393,13006,US-EAST
6354,23750,6,ROUTINE,2,260094,6,4096,120,45630,21880,EU-CENTRAL
6355,58801,16,ROUTINE,2,42092,4,3159,77,71965,13164,US-EAST
6356,70866,19,ROUTINE,2,69287,2,4294,211,83373,12507,EU-WEST
6357,86979,24,ROUTINE,2,215146,6,6667,256,96960,9981,EU-CENTRAL
6358,40959,11,ROUTINE,3,59284,3,2156,241,46038,5079,EU-CENTRAL
6359,67269,18,ROUTINE,1,211823,7,4041,242,87530,20261,US-EAST
6360,55097,15,ROUTINE,3,336687,5,4066,1814,67180,12083,US-EAST
6361,39511,10,ROUTINE,2,48065,2,4593,218,49780,10269,EU-WEST
6362,30376,8,ROUTINE,2,65084,4,4664,870,40962,10586,EU-WEST
6363,81957,22,CRITICAL,3,224452,4,3331,226,88898,6941,EU-WEST
6364,41911,11,ROUTINE,3,182766,6,5547,266,55878,13967,US-EAST
6365,51475,14,ROUTINE,1,172192,4,3727,157,66727,15252,EU-CENTRAL
6366,80909,22,ROUTINE,3,95697,2,1746,736,88508,7599,US-EAST
6367,68582,19,ROUTINE,3,350798,4,4016,1518,86946,18364,EU-CENTRAL
6368,29188,8,CRITICAL,3,11718,1,3108,287,33230,4042,US-EAST
6369,33416,9,CRITICAL,3,48971,4,5478,326,38653,5237,EU-WEST
6370,63033,17,ROUTINE,1,122900,2,3362,42,72009,8976,EU-WEST
6371,32672,9,CRITICAL,4,235312,7,5584,794,41988,9316,EU-WEST
6372,72801,20,ROUTINE,1,540352,6,6061,65,84903,12102,EU-WEST
6373,49009,13,CRITICAL,4,233248,4,5189,195,57108,8099,US-EAST
6374,89541,24,ROUTINE,1,9593,2,2851,291,93413,3872,EU-WEST
6375,46815,13,ROUTINE,3,54246,2,2676,91,53126,6311,US-EAST
6376,53158,14,ROUTINE,2,310129,6,6696,268,63139,9981,US-EAST
6377,60575,16,CRITICAL,4,5668,1,1749,109,62949,2374,US-EAST
6378,23400,6,ROUTINE,2,590221,4,3453,142,46052,22652,US-EAST
6379,80957,22,CRITICAL,5,429682,7,5521,246,90874,9917,EU-WEST
6380,37760,10,ROUTINE,2,174966,4,4079,203,57520,19760,EU-WEST
6381,35259,9,CRITICAL,3,18870,1,2625,608,39883,4624,US-EAST
6382,36883,10,ROUTINE,1,33337,1,3622,250,51585,14702,EU-WEST
6383,45768,12,ROUTINE,1,49268,3,4606,296,58455,12687,EU-CENTRAL
6384,51423,14,ROUTINE,1,50307,4,4174,271,58270,6847,US-EAST
6385,73844,20,CRITICAL,3,261230,7,7305,1242,84147,10303,EU-CENTRAL
6386,58662,16,CRITICAL,4,34665,2,3795,46,62330,3668,US-EAST
6387,24647,6,ROUTINE,3,49784,4,2342,156,28609,3962,EU-WEST
6388,52256,14,ROUTINE,3,29086,2,3840,87,64101,11845,EU-CENTRAL
6389,68559,19,CRITICAL,4,403456,8,6929,77,77773,9214,US-EAST
6390,86754,24,CRITICAL,3,17996,2,3643,233,87807,1053,EU-CENTRAL
6391,55764,15,ROUTINE,2,14444,1,1195,276,63633,7869,US-EAST
6392,30777,8,CRITICAL,5,513844,6,5438,71,40878,10101,EU-CENTRAL
6393,50527,14,ROUTINE,1,297128,6,4980,44,63165,12638,EU-CENTRAL
6394,74958,20,CRITICAL,5,53700,3,2857,200,78743,3785,EU-WEST
6395,37398,10,ROUTINE,2,27546,2,3794,233,50784,13386,EU-CENTRAL
6396,32845,9,CRITICAL,5,28073,2,3699,134,34922,2077,US-EAST
6397,73786,20,ROUTINE,1,31824,2,3571,142,84110,10324,US-EAST
6398,72674,20,ROUTINE,2,215098,4,3219,30,91574,18900,EU-CENTRAL
6399,55375,15,CRITICAL,3,44096,4,4812,66,58954,3579,EU-CENTRAL
6400,40871,11,ROUTINE,1,108503,2,3504,205,59091,18220,US-EAST
6401,86641,24,ROUTINE,1,8585,2,3432,154,90270,3629,EU-CENTRAL
6402,24055,6,CRITICAL,3,316999,8,5141,230,33656,9601,EU-WEST
6403,41392,11,CRITICAL,5,6888,2,4421,77,45501,4109,US-EAST
6404,56740,15,ROUTINE,3,245564,7,4535,150,74735,17995,US-EAST
6405,77882,21,ROUTINE,1,46215,2,4322,178,92330,14448,EU-WEST
6406,23190,6,CRITICAL,3,250385,4,4847,140,33900,10710,US-EAST
6407,67011,18,CRITICAL,3,169132,4,4192,285,73822,6811,EU-CENTRAL
6408,24194,6,ROUTINE,3,45424,2,2717,778,37675,13481,EU-WEST
6409,73827,20,CRITICAL,3,34791,1,2505,141,75926,2099,US-EAST
6410,31649,8,ROUTINE,3,173180,6,6292,1094,39866,8217,EU-WEST
6411,39131,10,ROUTINE,2,5697,1,4037,153,43112,3981,EU-CENTRAL
6412,54309,15,ROUTINE,3,49331,4,2704,80,70813,16504,US-EAST
6413,62267,17,ROUTINE,3,57719,4,5498,157,75444,13177,EU-WEST
6414,32476,9,CRITICAL,3,12720,2,3850,108,34124,1648,EU-WEST
6415,26382,7,CRITICAL,3,161533,7,5791,250,34730,8348,EU-WEST
6416,47774,13,ROUTINE,2,134117,2,1764,1591,60315,12541,US-EAST
6417,83023,23,CRITICAL,3,434315,7,6831,154,93829,10806,US-EAST
6418,83049,23,ROUTINE,1,6186,2,4250,186,86037,2988,US-EAST
6419,72256,20,CRITICAL,5,19765,2,4524,144,77062,4806,US-EAST
6420,59855,16,ROUTINE,3,46432,4,4969,168,71167,11312,US-EAST
6421,83291,23,CRITICAL,4,309226,7,6059,126,93026,9735,US-EAST
6422,42268,11,ROUTINE,1,118096,3,4187,230,56733,14465,US-EAST
6423,40040,11,CRITICAL,5,345281,7,5679,480,51419,11379,EU-WEST
6424,77663,21,ROUTINE,2,479393,5,4310,158,91074,13411,EU-CENTRAL
6425,50291,13,ROUTINE,1,167850,6,3539,176,69212,18921,EU-WEST
6426,82312,22,ROUTINE,3,53062,3,3911,33,90467,8155,EU-WEST
6427,21672,6,ROUTINE,1,73889,2,3914,200,34412,12740,EU-CENTRAL
6428,48041,13,ROUTINE,2,465693,6,6513,121,59412,11371,US-EAST
6429,31366,8,ROUTINE,1,458161,8,6422,163,46452,15086,EU-WEST
6430,27715,7,CRITICAL,4,17813,2,2019,281,29193,1478,EU-WEST
6431,72479,20,ROUTINE,2,58629,3,3593,23,87029,14550,US-EAST
6432,86142,23,CRITICAL,3,59240,4,3891,1466,89021,2879,US-EAST
6433,54745,15,ROUTINE,2,244809,7,6963,136,75629,20884,US-EAST
6434,45546,12,ROUTINE,1,47740,3,2418,292,54954,9408,EU-WEST
6435,58221,16,ROUTINE,3,41331,3,3565,65,61908,3687,EU-WEST
6436,50449,14,CRITICAL,4,54530,4,4250,233,54699,4250,EU-CENTRAL
6437,33641,9,ROUTINE,1,7652,1,3947,179,49795,16154,EU-WEST
6438,46281,12,ROUTINE,2,95273,4,2456,23,57733,11452,US-EAST
6439,85342,23,ROUTINE,3,123872,4,4106,49,104030,18688,US-EAST
6440,87238,24,ROUTINE,2,131622,3,4874,30,104213,16975,EU-WEST
6441,31421,8,CRITICAL,4,45834,3,3660,107,33516,2095,US-EAST
6442,60458,16,ROUTINE,3,150997,7,4611,63,73982,13524,US-EAST
6443,54269,15,CRITICAL,3,8538,1,3973,119,58725,4456,EU-WEST
6444,41504,11,ROUTINE,3,194767,6,5256,24,53903,12399,EU-CENTRAL
6445,45266,12,CRITICAL,5,45829,4,4950,129,51067,5801,US-EAST
6446,75400,20,ROUTINE,2,219310,5,3717,231,92695,17295,US-EAST
6447,39870,11,ROUTINE,1,106733,4,4861,202,51292,11422,EU-WEST
6448,77569,21,ROUTINE,1,9670,2,1525,180,89177,11608,EU-CENTRAL
6449,29172,8,CRITICAL,4,17554,1,3063,42,34160,4988,EU-WEST
6450,39338,10,CRITICAL,5,456839,7,6799,262,49674,10336,US-EAST
6451,26923,7,ROUTINE,1,25594,2,4144,81,38427,11504,EU-WEST
6452,34144,9,ROUTINE,2,9808,2,2981,153,44721,10577,EU-WEST
6453,67771,18,CRITICAL,5,203741,4,5470,67,77260,9489,US-EAST
6454,72948,20,ROUTINE,3,19681,2,4026,291,87502,14554,EU-CENTRAL
6455,56446,15,CRITICAL,3,35591,2,4357,1187,60839,4393,EU-WEST
6456,50994,14,ROUTINE,1,131320,2,3149,67,65360,14366,US-EAST
6457,25269,7,ROUTINE,2,56549,4,2560,121,31603,6334,US-EAST
6458,29785,8,ROUTINE,3,66852,2,3372,163,46175,16390,US-EAST
6459,38692,10,CRITICAL,4,23591,2,2139,37,40781,2089,EU-WEST
6460,55488,15,CRITICAL,3,12568,2,4664,1684,58375,2887,US-EAST
6461,67191,18,ROUTINE,2,491787,8,7623,1902,89182,21991,EU-WEST
6462,72462,20,CRITICAL,3,182009,6,5823,55,80821,8359,EU-WEST
6463,74601,20,CRITICAL,3,32038,2,2898,729,76533,1932,EU-WEST
6464,29628,8,ROUTINE,1,220025,8,6361,144,39875,10247,US-EAST
6465,28591,7,CRITICAL,4,196815,5,6122,251,36746,8155,EU-WEST
6466,86821,24,ROUTINE,3,437846,6,3499,84,105727,18906,EU-WEST
6467,54485,15,ROUTINE,1,45692,2,2361,110,68338,13853,EU-CENTRAL
6468,64637,17,ROUTINE,3,244998,8,7878,1054,81274,16637,EU-WEST
6469,85686,23,CRITICAL,3,287610,7,5056,460,93333,7647,EU-CENTRAL
6470,45102,12,ROUTINE,3,131921,2,2167,140,55270,10168,EU-WEST
6471,60678,16,ROUTINE,1,90917,3,3367,93,70956,10278,EU-WEST
6472,46667,12,CRITICAL,3,329487,8,4667,98,54465,7798,EU-CENTRAL
6473,77322,21,ROUTINE,2,47134,2,1823,1898,91793,14471,US-EAST
6474,40888,11,CRITICAL,4,30234,1,3955,291,44758,3870,EU-CENTRAL
6475,27312,7,ROUTINE,2,583710,4,3114,241,49691,22379,EU-CENTRAL
6476,37359,10,ROUTINE,1,49215,3,5179,11,42127,4768,EU-CENTRAL
6477,30420,8,CRITICAL,5,510425,7,7225,118,38025,7605,EU-CENTRAL
6478,61401,17,CRITICAL,5,5183,1,3829,44,65161,3760,EU-CENTRAL
6479,27976,7,ROUTINE,1,235811,5,4819,256,44682,16706,EU-WEST
6480,32946,9,ROUTINE,1,121022,4,2534,1009,50002,17056,US-EAST
6481,54813,15,ROUTINE,3,6331,1,2930,56,61660,6847,US-EAST
6482,77336,21,ROUTINE,3,12538,2,1520,67,81691,4355,EU-WEST
6483,45954,12,CRITICAL,4,100509,3,5011,289,51837,5883,EU-CENTRAL
6484,27385,7,ROUTINE,3,226660,7,4719,73,36611,9226,EU-WEST
6485,74661,20,ROUTINE,1,176514,7,6344,160,92613,17952,EU-WEST
6486,22658,6,CRITICAL,5,41954,2,3529,260,25263,2605,EU-WEST
6487,32687,9,ROUTINE,3,19800,1,2006,467,41135,8448,EU-WEST
6488,77062,21,ROUTINE,1,13765,2,4057,25,84677,7615,EU-WEST
6489,63310,17,CRITICAL,5,122130,3,4852,65,70309,6999,US-EAST
6490,56724,15,ROUTINE,1,30473,2,3772,230,68044,11320,EU-WEST
6491,30486,8,ROUTINE,1,31885,2,4346,36,35888,5402,EU-CENTRAL
6492,37663,10,CRITICAL,3,136120,3,3976,10,45819,8156,EU-WEST
6493,89925,24,ROUTINE,3,230961,5,5363,271,106355,16430,EU-CENTRAL
6494,25467,7,ROUTINE,2,203026,8,7504,46,44341,18874,EU-CENTRAL
6495,36476,10,ROUTINE,3,144065,2,2172,224,51260,14784,EU-WEST
6496,71372,19,ROUTINE,2,195420,4,4532,121,81893,10521,US-EAST
6497,39858,11,CRITICAL,5,11743,1,4068,78,42645,2787,US-EAST
6498,85654,23,ROUTINE,1,201433,4,2381,79,100949,15295,EU-WEST
6499,84511,23,ROUTINE,3,200088,4,2997,670,104191,19680,EU-WEST
6500,83679,23,ROUTINE,2,38493,1,3439,250,87889,4210,EU-CENTRAL
6501,44429,12,CRITICAL,3,152892,5,3837,272,50803,6374,EU-WEST
6502,55322,15,ROUTINE,2,158112,6,5349,235,68061,12739,EU-WEST
6503,80883,22,CRITICAL,5,42222,2,2153,290,84372,3489,US-EAST
6504,70947,19,CRITICAL,5,42514,3,4453,1939,73015,2068,EU-WEST
6505,72980,20,ROUTINE,1,233310,4,5152,124,94744,21764,EU-WEST
6506,67562,18,ROUTINE,3,86461,4,5128,577,79637,12075,EU-CENTRAL
6507,42543,11,ROUTINE,1,26632,1,920,292,58537,15994,EU-WEST
6508,48665,13,ROUTINE,2,74833,3,3113,250,55170,6505,EU-WEST
6509,40218,11,ROUTINE,3,11487,1,1478,81,43271,3053,EU-WEST
6510,53765,14,ROUTINE,1,144519,4,3026,125,64113,10348,US-EAST
6511,46398,12,ROUTINE,1,462899,8,7201,267,62011,15613,EU-WEST
6512,77353,21,CRITICAL,3,47652,3,3042,220,79386,2033,EU-CENTRAL
6513,33506,9,CRITICAL,5,466853,7,6539,80,42234,8728,US-EAST
6514,37838,10,ROUTINE,1,184973,8,5720,282,46825,8987,US-EAST
6515,32972,9,CRITICAL,4,583615,8,6758,235,41803,8831,EU-WEST
6516,62315,17,ROUTINE,1,59647,2,2938,1361,67216,4901,US-EAST
6517,40644,11,ROUTINE,1,177974,7,6748,182,60194,19550,EU-CENTRAL
6518,63090,17,ROUTINE,3,235373,5,5756,26,84058,20968,EU-CENTRAL
6519,60671,16,ROUTINE,1,150540,5,4811,1398,74094,13423,US-EAST
6520,30805,8,CRITICAL,3,154410,4,3502,238,35357,4552,EU-WEST
6521,74946,20,ROUTINE,2,31434,1,4189,265,79781,4835,EU-CENTRAL
6522,38475,10,CRITICAL,5,113672,4,3811,239,43438,4963,US-EAST
6523,87816,24,ROUTINE,1,21441,2,3848,293,96573,8757,EU-CENTRAL
6524,43715,12,CRITICAL,3,192526,7,5839,46,52949,9234,EU-WEST
6525,50790,14,ROUTINE,1,168973,8,6216,171,68543,17753,US-EAST
6526,33692,9,CRITICAL,4,29811,1,4269,120,36024,2332,EU-WEST
6527,33848,9,ROUTINE,1,13508,2,3285,116,39206,5358,EU-WEST
6528,85437,23,ROUTINE,2,52086,3,4928,104,101622,16185,EU-WEST
6529,28993,8,ROUTINE,2,283349,6,4822,40,42542,13549,US-EAST
6530,69809,19,CRITICAL,3,583036,4,2970,1417,81542,11733,EU-WEST
6531,42776,11,ROUTINE,2,24121,1,1051,230,46608,3832,US-EAST
6532,41914,11,ROUTINE,2,67865,2,2333,289,53149,11235,EU-CENTRAL
6533,42807,11,ROUTINE,2,44733,3,3930,1434,55722,12915,EU-WEST
6534,32280,8,ROUTINE,3,148549,4,3801,118,44385,12105,US-EAST
6535,38545,10,CRITICAL,3,484185,8,6415,137,46635,8090,EU-WEST
6536,37808,10,ROUTINE,1,354661,7,5860,96,50267,12459,EU-CENTRAL
6537,42588,11,CRITICAL,5,12642,1,3361,1212,46636,4048,US-EAST
6538,52112,14,ROUTINE,2,221682,5,4219,178,65607,13495,EU-CENTRAL
6539,48522,13,ROUTINE,2,46291,3,3665,153,64870,16348,US-EAST
6540,75636,21,ROUTINE,2,23401,1,3751,450,89373,13737,EU-WEST
6541,25438,7,ROUTINE,2,246802,4,5129,264,40187,14749,EU-WEST
6542,25760,7,ROUTINE,3,472940,6,5937,733,42519,16759,EU-WEST
6543,40242,11,ROUTINE,3,26217,2,2607,160,49406,9164,US-EAST
6544,35431,9,CRITICAL,4,15819,1,1248,267,36908,1477,EU-WEST
6545,40785,11,ROUTINE,3,78412,2,4380,586,51752,10967,US-EAST
6546,74657,20,ROUTINE,2,18037,2,4443,203,79154,4497,EU-WEST
6547,79590,22,ROUTINE,1,141857,2,4517,17,95225,15635,US-EAST
6548,28171,7,ROUTINE,3,531465,7,4913,137,43591,15420,EU-WEST
6549,54571,15,ROUTINE,2,90191,4,5189,30,70326,15755,US-EAST
6550,40356,11,ROUTINE,2,240077,8,4785,522,59844,19488,US-EAST
6551,66503,18,ROUTINE,3,188059,7,3901,39,86119,19616,EU-WEST
6552,50479,14,CRITICAL,5,10809,1,2587,114,54499,4020,US-EAST
6553,48933,13,CRITICAL,5,226988,7,4618,228,56077,7144,EU-CENTRAL
6554,32099,8,CRITICAL,3,119972,2,4495,784,39836,7737,EU-CENTRAL
6555,61307,17,CRITICAL,4,359074,4,3825,31,70002,8695,US-EAST
6556,38897,10,CRITICAL,3,49070,4,2417,107,42249,3352,US-EAST
6557,41854,11,ROUTINE,3,177962,8,6324,59,57641,15787,US-EAST
6558,50461,14,ROUTINE,3,56037,2,4193,32,60274,9813,US-EAST
6559,27931,7,ROUTINE,2,153996,7,5548,156,38706,10775,US-EAST
6560,37118,10,ROUTINE,2,78327,2,4179,1887,53558,16440,EU-WEST
6561,50727,14,ROUTINE,3,231506,6,5376,61,60989,10262,EU-WEST
6562,46514,12,CRITICAL,3,115490,3,3785,1934,52648,6134,US-EAST
6563,51322,14,CRITICAL,5,35275,1,3198,257,56912,5590,EU-WEST
6564,75157,20,ROUTINE,1,126879,2,3553,234,86558,11401,EU-WEST
6565,67619,18,ROUTINE,1,129687,2,1927,97,78241,10622,EU-WEST
6566,83300,23,ROUTINE,1,34291,2,3039,205,98007,14707,EU-WEST
6567,26414,7,CRITICAL,3,76640,3,3644,173,31097,4683,US-EAST
6568,35689,9,ROUTINE,3,151428,7,6369,298,55339,19650,US-EAST
6569,71645,19,CRITICAL,4,114659,3,2109,33,78589,6944,EU-WEST
6570,37713,10,ROUTINE,2,46746,2,3847,262,42836,5123,US-EAST
6571,59243,16,ROUTINE,2,5072,2,2819,83,68083,8840,US-EAST
6572,80985,22,ROUTINE,1,158674,7,5309,73,93096,12111,EU-WEST
6573,59441,16,ROUTINE,1,20196,2,1366,47,67543,8102,EU-CENTRAL
6574,82583,22,ROUTINE,2,36894,1,1170,179,91700,9117,US-EAST
6575,40959,11,ROUTINE,1,24158,2,2920,116,46778,5819,EU-CENTRAL
6576,84506,23,ROUTINE,1,14204,2,3684,240,91461,6955,US-EAST
6577,29937,8,ROUTINE,3,583410,8,4488,186,51494,21557,US-EAST
6578,80856,22,ROUTINE,2,89142,2,2462,1375,92304,11448,EU-WEST
6579,34635,9,ROUTINE,3,164784,8,5101,184,42107,7472,US-EAST
6580,48042,13,ROUTINE,3,330649,4,3875,886,69810,21768,EU-WEST
6581,28947,8,ROUTINE,3,153042,4,4770,76,36707,7760,EU-WEST
6582,28431,7,ROUTINE,2,462857,5,3205,277,40309,11878,EU-CENTRAL
6583,76917,21,ROUTINE,3,27039,1,2011,1924,80187,3270,EU-CENTRAL
6584,82335,22,ROUTINE,2,31339,2,4256,75,92207,9872,US-EAST
6585,48814,13,CRITICAL,3,16098,2,4552,251,50929,2115,US-EAST
6586,86778,24,ROUTINE,1,314768,6,6665,146,99079,12301,EU-WEST
6587,56200,15,ROUTINE,3,8536,1,3581,137,71585,15385,EU-WEST
6588,62864,17,CRITICAL,3,53090,2,1779,142,68409,5545,EU-WEST
6589,46952,13,ROUTINE,2,48048,4,3379,282,59707,12755,US-EAST
6590,75206,20,CRITICAL,5,112662,2,4382,1867,80474,5268,EU-CENTRAL
6591,38444,10,ROUTINE,1,61518,4,4157,71,47379,8935,EU-WEST
6592,41532,11,CRITICAL,4,23342,1,1659,787,45586,4054,US-EAST
6593,60053,16,CRITICAL,3,181610,5,5361,212,65946,5893,US-EAST
6594,73116,20,ROUTINE,3,351303,4,2741,224,94559,21443,EU-CENTRAL
6595,41116,11,ROUTINE,3,23486,1,2286,252,52083,10967,EU-WEST
6596,68848,19,ROUTINE,3,44950,4,3808,222,72437,3589,US-EAST
6597,49174,13,ROUTINE,2,456665,7,5068,268,70837,21663,US-EAST
6598,43446,12,CRITICAL,4,25248,1,2782,1451,46013,2567,US-EAST
6599,54160,15,ROUTINE,3,44297,4,5230,289,69841,15681,EU-WEST
6600,72826,20,CRITICAL,5,55956,2,4105,74,76535,3709,EU-WEST
6601,61047,16,ROUTINE,3,467918,8,6947,267,80645,19598,EU-WEST
6602,34714,9,ROUTINE,1,36858,2,3194,113,39627,4913,US-EAST
6603,62898,17,CRITICAL,3,28211,2,1558,258,64943,2045,US-EAST
6604,28202,7,CRITICAL,3,6244,2,4243,189,32732,4530,EU-WEST
6605,35316,9,CRITICAL,5,41755,2,2108,148,38957,3641,EU-CENTRAL
6606,54393,15,CRITICAL,3,286334,4,3403,130,62247,7854,EU-WEST
6607,64124,17,CRITICAL,3,58211,3,4439,1958,67308,3184,EU-CENTRAL
6608,67415,18,CRITICAL,5,218002,5,5641,26,74487,7072,US-EAST
6609,73355,20,CRITICAL,3,34135,1,2063,16,76551,3196,EU-CENTRAL
6610,36172,10,CRITICAL,5,122692,3,3312,96,42424,6252,US-EAST
6611,30666,8,CRITICAL,4,310466,6,4626,804,41370,10704,EU-CENTRAL
6612,25957,7,CRITICAL,3,6875,2,1953,177,28094,2137,EU-CENTRAL
6613,80829,22,CRITICAL,3,385791,5,2953,1016,90634,9805,US-EAST
6614,63301,17,ROUTINE,1,304687,7,4485,68,77970,14669,EU-WEST
6615,66558,18,CRITICAL,3,190884,7,7110,393,72485,5927,EU-WEST
6616,37577,10,CRITICAL,5,26801,2,3939,153,41980,4403,EU-CENTRAL
6617,49439,13,ROUTINE,1,372837,5,5707,1689,71211,21772,EU-WEST
6618,34835,9,ROUTINE,2,10551,1,988,25,43276,8441,EU-WEST
6619,39475,10,ROUTINE,1,132678,4,3780,58,56291,16816,EU-WEST
6620,50845,14,ROUTINE,2,21214,2,4375,284,62314,11469,EU-CENTRAL
6621,26369,7,CRITICAL,5,214661,7,5129,290,32749,6380,EU-CENTRAL
6622,60530,16,ROUTINE,2,44200,2,2425,233,74570,14040,US-EAST
6623,83906,23,ROUTINE,1,43706,3,1906,63,94401,10495,US-EAST
6624,56596,15,ROUTINE,3,12960,1,3163,20,65415,8819,US-EAST
6625,54122,15,CRITICAL,4,229051,7,4802,277,62766,8644,EU-WEST
6626,66939,18,ROUTINE,2,246645,6,5874,270,81659,14720,EU-CENTRAL
6627,65456,18,ROUTINE,1,168682,4,5130,5,82331,16875,EU-CENTRAL
6628,49925,13,ROUTINE,2,152990,7,5157,27,62027,12102,EU-WEST
6629,31887,8,CRITICAL,3,33998,2,4615,173,33817,1930,EU-CENTRAL
6630,52079,14,ROUTINE,3,115186,4,3601,183,70465,18386,US-EAST
6631,38460,10,CRITICAL,3,47787,4,4220,72,44015,5555,EU-CENTRAL
6632,89152,24,ROUTINE,1,20117,1,1373,94,104533,15381,EU-WEST
6633,52448,14,ROUTINE,1,17504,2,3907,95,61818,9370,US-EAST
6634,47839,13,ROUTINE,2,27246,2,3876,34,51504,3665,US-EAST
6635,53024,14,CRITICAL,4,569580,7,3970,252,64716,11692,US-EAST
6636,40088,11,ROUTINE,2,218453,8,6481,936,48809,8721,EU-WEST
6637,89122,24,ROUTINE,2,272984,8,6233,153,110926,21804,EU-WEST
6638,85803,23,ROUTINE,1,470948,5,2987,179,103912,18109,EU-WEST
6639,26892,7,CRITICAL,3,295984,5,5849,1781,37795,10903,US-EAST
6640,36097,10,ROUTINE,1,80975,3,4851,6,52948,16851,US-EAST
6641,46074,12,ROUTINE,1,21582,2,3870,1111,52354,6280,EU-CENTRAL
6642,59784,16,CRITICAL,3,580657,5,6205,75,70279,10495,EU-WEST
6643,86785,24,CRITICAL,3,90072,4,3876,158,92775,5990,US-EAST
6644,64643,17,ROUTINE,1,138822,4,5840,1875,79090,14447,US-EAST
6645,24005,6,ROUTINE,3,195051,6,4086,218,43718,19713,EU-CENTRAL
6646,26554,7,CRITICAL,4,53897,2,3239,199,31387,4833,EU-CENTRAL
6647,75488,20,ROUTINE,1,119203,3,2340,290,93910,18422,US-EAST
6648,26972,7,CRITICAL,5,34807,1,2513,150,31160,4188,US-EAST
6649,73650,20,ROUTINE,3,53041,4,4700,133,77517,3867,EU-CENTRAL
6650,65179,18,CRITICAL,5,56401,3,4541,21,69135,3956,US-EAST
6651,33620,9,CRITICAL,4,168303,7,6329,559,38787,5167,US-EAST
6652,47699,13,ROUTINE,3,165994,8,4534,164,63920,16221,US-EAST
6653,57644,16,ROUTINE,1,497563,7,4788,20,69783,12139,US-EAST
6654,24943,6,ROUTINE,2,58713,2,3557,158,33769,8826,US-EAST
6655,36655,10,ROUTINE,1,175244,7,4202,193,50223,13568,US-EAST
6656,37286,10,CRITICAL,4,153030,7,5721,194,43599,6313,US-EAST
6657,83078,23,CRITICAL,5,578594,8,6308,94,92264,9186,EU-CENTRAL
6658,59643,16,ROUTINE,2,568565,4,4760,241,73599,13956,EU-WEST
6659,80569,22,CRITICAL,3,16147,2,4726,127,84791,4222,EU-WEST
6660,40185,11,ROUTINE,2,528931,5,6107,287,63056,22871,US-EAST
6661,31877,8,ROUTINE,2,14645,2,1580,129,44387,12510,EU-CENTRAL
6662,27497,7,ROUTINE,1,13131,2,2402,256,33446,5949,US-EAST
6663,65194,18,ROUTINE,3,27225,2,4723,266,75719,10525,US-EAST
6664,36381,10,ROUTINE,3,138497,3,4358,178,48261,11880,EU-WEST
6665,68785,19,ROUTINE,3,10991,1,2223,167,79665,10880,EU-WEST
6666,89110,24,CRITICAL,5,159632,8,4998,258,94157,5047,US-EAST
6667,47271,13,ROUTINE,2,148955,3,4688,585,65356,18085,US-EAST
6668,81914,22,ROUTINE,2,11745,2,2781,1051,95949,14035,EU-WEST
6669,78509,21,ROUTINE,1,573509,8,6674,86,88299,9790,US-EAST
6670,40958,11,CRITICAL,3,45657,4,5033,76,43633,2675,US-EAST
6671,51715,14,CRITICAL,3,223173,7,7319,245,60106,8391,EU-CENTRAL
6672,35938,9,CRITICAL,3,171343,6,6375,922,45014,9076,EU-WEST
6673,46655,12,ROUTINE,3,164522,4,3770,162,66166,19511,EU-CENTRAL
6674,73225,20,ROUTINE,2,210706,5,5957,1815,88502,15277,EU-CENTRAL
6675,63705,17,ROUTINE,3,533054,7,5112,220,84647,20942,EU-WEST
6676,33910,9,ROUTINE,3,176957,7,7040,60,46208,12298,EU-WEST
6677,67062,18,ROUTINE,2,25683,1,3657,126,73754,6692,US-EAST
6678,51333,14,CRITICAL,5,199905,5,6222,394,58777,7444,EU-WEST
6679,89527,24,ROUTINE,2,28742,1,2089,270,101619,12092,EU-WEST
6680,69977,19,ROUTINE,1,32485,2,4212,200,80991,11014,EU-WEST
6681,84526,23,ROUTINE,3,24615,2,2899,282,99797,15271,US-EAST
6682,51597,14,ROUTINE,1,19351,2,4054,265,67293,15696,EU-WEST
6683,84670,23,CRITICAL,4,56503,3,4535,264,88763,4093,EU-CENTRAL
6684,54817,15,ROUTINE,2,287450,7,6216,120,68692,13875,EU-WEST
6685,29213,8,ROUTINE,2,45496,3,4501,107,42691,13478,US-EAST
6686,57425,15,CRITICAL,3,212331,8,6292,1230,64935,7510,EU-CENTRAL
6687,51387,14,ROUTINE,3,91292,4,2542,103,57730,6343,EU-WEST
6688,68611,19,ROUTINE,3,444033,7,5065,223,91258,22647,EU-CENTRAL
6689,66567,18,ROUTINE,3,65658,2,3417,575,73016,6449,US-EAST
6690,71472,19,ROUTINE,2,239039,6,6125,235,79850,8378,EU-CENTRAL
6691,56201,15,CRITICAL,3,125715,4,5444,119,62528,6327,EU-CENTRAL
6692,60863,16,CRITICAL,3,300848,7,4743,1858,70532,9669,US-EAST
6693,34138,9,CRITICAL,5,494857,8,7854,130,44375,10237,EU-WEST
6694,42310,11,ROUTINE,2,262035,8,7374,184,63261,20951,EU-CENTRAL
6695,41088,11,CRITICAL,3,16014,1,3263,246,44922,3834,EU-CENTRAL
6696,57097,15,CRITICAL,5,111120,4,4187,259,64337,7240,EU-CENTRAL
6697,42502,11,ROUTINE,2,540306,6,4918,234,53775,11273,US-EAST
6698,27993,7,ROUTINE,3,210528,6,3753,1526,47354,19361,EU-WEST
6699,85535,23,ROUTINE,3,18502,1,3427,268,93359,7824,EU-CENTRAL
6700,53733,14,ROUTINE,2,26619,2,3198,270,64450,10717,US-EAST
6701,48400,13,ROUTINE,1,38865,2,1465,243,59591,11191,US-EAST
6702,49574,13,CRITICAL,5,36447,1,4161,196,52661,3087,EU-CENTRAL
6703,80342,22,ROUTINE,3,373024,4,4412,984,100692,20350,US-EAST
6704,84451,23,ROUTINE,1,211303,8,6966,758,92283,7832,US-EAST
6705,76413,21,ROUTINE,3,180939,7,6443,222,96161,19748,US-EAST
6706,58990,16,CRITICAL,3,308969,4,3039,183,68391,9401,EU-WEST
6707,84475,23,CRITICAL,4,221857,5,4108,1792,93602,9127,EU-WEST
6708,36846,10,ROUTINE,3,311954,8,6405,198,51764,14918,US-EAST
6709,77077,21,CRITICAL,3,30681,2,4169,172,81326,4249,US-EAST
6710,23157,6,ROUTINE,2,50180,2,4557,1949,38781,15624,EU-WEST
6711,42822,11,CRITICAL,3,139491,3,4414,1868,47761,4939,EU-WEST
6712,50059,13,ROUTINE,3,155002,4,5426,170,69414,19355,US-EAST
6713,40507,11,ROUTINE,3,50407,4,2463,273,48281,7774,EU-CENTRAL
6714,28957,8,ROUTINE,1,191977,5,5368,78,37980,9023,EU-CENTRAL
6715,53430,14,ROUTINE,1,35099,2,1458,120,69993,16563,US-EAST
6716,44862,12,ROUTINE,2,564697,6,5508,1990,66727,21865,EU-CENTRAL
6717,23770,6,ROUTINE,3,29623,2,1777,1829,27579,3809,EU-CENTRAL
6718,55161,15,CRITICAL,5,96567,2,2541,761,59233,4072,US-EAST
6719,70894,19,ROUTINE,3,337302,5,4721,95,85548,14654,EU-WEST
6720,40834,11,ROUTINE,2,353438,6,6545,181,54868,14034,US-EAST
6721,82876,23,ROUTINE,3,248356,7,6995,137,92188,9312,EU-WEST
6722,73041,20,ROUTINE,3,235824,5,3461,207,85892,12851,US-EAST
6723,49787,13,ROUTINE,2,13711,2,1347,83,61665,11878,US-EAST
6724,63483,17,ROUTINE,3,356804,6,4322,44,76703,13220,EU-CENTRAL
6725,83064,23,ROUTINE,3,43243,3,2058,277,98323,15259,EU-WEST
6726,55961,15,ROUTINE,1,38086,1,3894,192,60471,4510,US-EAST
6727,71367,19,CRITICAL,5,9306,1,2065,77,76098,4731,US-EAST
6728,27929,7,ROUTINE,3,9125,2,2659,1492,32013,4084,EU-WEST
6729,54074,15,CRITICAL,4,163884,4,4262,715,62840,8766,EU-WEST
6730,59609,16,CRITICAL,4,28576,2,1689,277,60966,1357,EU-CENTRAL
6731,28290,7,ROUTINE,3,138967,2,1929,298,37085,8795,EU-WEST
6732,42316,11,ROUTINE,3,118898,2,2700,1752,58225,15909,EU-WEST
6733,28924,8,ROUTINE,2,187541,7,4928,208,40636,11712,EU-CENTRAL
6734,67380,18,ROUTINE,2,14357,1,3334,69,81889,14509,EU-WEST
6735,42202,11,ROUTINE,2,7787,1,2848,16,51897,9695,EU-WEST
6736,45403,12,CRITICAL,4,26701,2,3992,131,49762,4359,EU-CENTRAL
6737,29857,8,CRITICAL,3,203798,4,4344,1077,38424,8567,EU-WEST
6738,39794,11,ROUTINE,3,229731,7,6276,193,49995,10201,US-EAST
6739,30890,8,ROUTINE,1,7214,1,3819,90,36459,5569,US-EAST
6740,73394,20,ROUTINE,3,75927,3,4619,241,89799,16405,EU-WEST
6741,65127,18,ROUTINE,3,99505,3,3796,154,79906,14779,EU-WEST
6742,26696,7,ROUTINE,2,179070,6,3382,81,45641,18945,US-EAST
6743,35167,9,CRITICAL,5,19418,2,3151,103,38905,3738,US-EAST
6744,65227,18,ROUTINE,3,60995,3,4736,568,69581,4354,EU-CENTRAL
6745,67392,18,ROUTINE,3,66726,3,3190,828,81297,13905,EU-WEST
6746,30080,8,ROUTINE,1,57795,2,4599,1824,39029,8949,US-EAST
6747,37566,10,ROUTINE,3,44886,4,4197,1937,45760,8194,EU-WEST
6748,71977,19,ROUTINE,2,150388,4,4440,72,88043,16066,EU-WEST
6749,86025,23,ROUTINE,2,508840,6,5831,65,96717,10692,EU-CENTRAL
6750,28702,7,ROUTINE,2,38421,2,3887,47,35436,6734,EU-CENTRAL
6751,25979,7,ROUTINE,2,55324,2,2114,257,33959,7980,US-EAST
6752,31986,8,ROUTINE,2,234162,6,5439,60,52580,20594,EU-WEST
6753,67799,18,CRITICAL,5,20168,2,3304,74,73078,5279,US-EAST
6754,39550,10,CRITICAL,5,18966,1,803,1755,43560,4010,EU-WEST
6755,68312,18,CRITICAL,4,29270,1,1132,471,69782,1470,US-EAST
6756,52715,14,ROUTINE,2,143193,3,3953,25,66627,13912,EU-WEST
6757,64163,17,CRITICAL,4,37485,1,2879,238,68300,4137,EU-WEST
6758,35583,9,ROUTINE,1,351975,8,5738,68,52516,16933,EU-WEST
6759,42825,11,ROUTINE,3,51829,4,2957,249,56000,13175,EU-CENTRAL
6760,43801,12,CRITICAL,5,14782,1,3489,227,46469,2668,EU-WEST
6761,53539,14,ROUTINE,1,51718,2,2880,200,66198,12659,EU-WEST
6762,53478,14,ROUTINE,1,362346,6,6371,49,67843,14365,US-EAST
6763,82299,22,ROUTINE,1,55206,4,4309,97,96468,14169,US-EAST
6764,33694,9,ROUTINE,3,94688,2,4012,166,47436,13742,EU-CENTRAL
6765,86220,23,ROUTINE,1,159044,7,4973,73,94819,8599,EU-WEST
6766,46556,12,ROUTINE,3,136889,2,3537,33,64036,17480,US-EAST
6767,72629,20,CRITICAL,4,431051,5,3475,39,82691,10062,EU-WEST
6768,39263,10,ROUTINE,1,481980,4,5337,240,48664,9401,EU-CENTRAL
6769,80166,22,CRITICAL,3,95849,2,4034,56,87010,6844,EU-CENTRAL
6770,33132,9,CRITICAL,5,242186,8,5167,34,43652,10520,US-EAST
6771,32062,8,ROUTINE,2,22362,1,1313,279,42200,10138,US-EAST
6772,67213,18,ROUTINE,3,324022,8,4411,1480,89508,22295,EU-WEST
6773,75686,21,CRITICAL,4,484054,8,6789,1328,83392,7706,US-EAST
6774,55778,15,CRITICAL,4,54862,3,2850,297,60923,5145,EU-WEST
6775,27294,7,CRITICAL,3,36243,1,4266,142,28936,1642,US-EAST
6776,89106,24,ROUTINE,3,564227,7,6670,211,110305,21199,EU-CENTRAL
6777,77451,21,ROUTINE,2,246207,4,4490,467,96748,19297,US-EAST
6778,44373,12,CRITICAL,5,98416,3,2041,149,47799,3426,US-EAST
6779,40568,11,ROUTINE,3,239980,7,6049,78,61364,20796,EU-CENTRAL
6780,72897,20,CRITICAL,3,13312,1,2347,210,77915,5018,EU-WEST
6781,32996,9,ROUTINE,3,44297,3,4306,880,39440,6444,EU-WEST
6782,88781,24,ROUTINE,2,571887,8,6711,68,99832,11051,EU-WEST
6783,49012,13,ROUTINE,3,176175,8,6935,183,56101,7089,US-EAST
6784,34000,9,CRITICAL,3,550683,6,4216,244,44620,10620,EU-CENTRAL
6785,58165,16,ROUTINE,2,541529,7,7106,256,69323,11158,US-EAST
6786,65902,18,CRITICAL,4,34971,2,1548,172,68654,2752,EU-CENTRAL
6787,32695,9,ROUTINE,3,12718,2,3027,111,44264,11569,US-EAST
6788,79541,22,ROUTINE,2,47972,2,2387,23,93387,13846,US-EAST
6789,39617,11,CRITICAL,3,244312,7,6144,1710,46529,6912,US-EAST
6790,75739,21,CRITICAL,5,137261,2,1788,110,81202,5463,US-EAST
6791,60770,16,ROUTINE,1,69561,4,5766,134,72597,11827,US-EAST
6792,76531,21,ROUTINE,1,440241,7,6679,78,89062,12531,EU-CENTRAL
6793,26244,7,CRITICAL,5,29933,1,2511,118,28894,2650,US-EAST
6794,86482,24,ROUTINE,2,110145,4,3755,1443,98132,11650,EU-CENTRAL
6795,35347,9,CRITICAL,3,527350,6,5849,280,46071,10724,EU-CENTRAL
6796,77725,21,ROUTINE,2,30233,2,3234,232,89346,11621,US-EAST
6797,87892,24,ROUTINE,2,47690,2,4045,164,93226,5334,EU-CENTRAL
6798,39179,10,ROUTINE,2,51761,4,4554,35,48980,9801,US-EAST
6799,57278,15,ROUTINE,1,19994,1,4297,321,61653,4375,US-EAST
6800,70296,19,CRITICAL,4,25260,2,2873,79,74386,4090,EU-WEST
6801,84103,23,ROUTINE,1,54260,4,5004,29,94540,10437,US-EAST
6802,23118,6,CRITICAL,3,121066,3,2368,135,26961,3843,US-EAST
6803,57255,15,ROUTINE,1,45424,3,2994,189,70296,13041,EU-WEST
6804,60477,16,ROUTINE,1,43952,3,5141,81,75028,14551,EU-WEST
6805,76195,21,ROUTINE,2,271403,5,3714,1780,86459,10264,EU-WEST
6806,76041,21,ROUTINE,3,93491,2,4230,216,82591,6550,EU-WEST
6807,37773,10,ROUTINE,3,121140,3,4379,65,55191,17418,EU-CENTRAL
6808,77174,21,ROUTINE,2,516225,4,3966,134,92090,14916,EU-WEST
6809,38305,10,ROUTINE,3,35300,1,2872,232,55001,16696,EU-CENTRAL
6810,34794,9,ROUTINE,1,340621,8,4705,222,53859,19065,EU-WEST
6811,68371,18,ROUTINE,1,46302,3,2458,233,84319,15948,US-EAST
6812,56256,15,CRITICAL,3,74344,3,4314,1109,61091,4835,EU-CENTRAL
6813,51986,14,ROUTINE,3,435448,4,4678,83,71231,19245,US-EAST
6814,70427,19,CRITICAL,3,282210,5,3410,105,79250,8823,US-EAST
6815,26276,7,CRITICAL,5,44958,3,4995,1702,31647,5371,EU-CENTRAL
6816,50728,14,ROUTINE,2,16581,2,2866,1430,61496,10768,EU-WEST
6817,40861,11,ROUTINE,1,35991,2,2144,1285,54315,13454,EU-CENTRAL
6818,54619,15,ROUTINE,2,17361,1,3613,27,70701,16082,EU-WEST
6819,54398,15,ROUTINE,2,19398,2,4416,61,69246,14848,EU-WEST
6820,50505,14,CRITICAL,3,134686,3,1817,236,55594,5089,US-EAST
6821,38022,10,ROUTINE,3,20330,1,3591,220,46330,8308,EU-CENTRAL
6822,28134,7,ROUTINE,2,408111,7,6583,298,45635,17501,US-EAST
6823,76884,21,ROUTINE,3,12808,1,4238,114,88557,11673,EU-WEST
6824,78303,21,ROUTINE,2,41403,3,3050,242,90610,12307,EU-CENTRAL
6825,63236,17,ROUTINE,3,234998,4,4857,233,79882,16646,EU-WEST
6826,40368,11,CRITICAL,4,54640,2,2869,477,45242,4874,EU-WEST
6827,22363,6,ROUTINE,2,16828,2,4468,89,36084,13721,EU-CENTRAL
6828,43926,12,ROUTINE,3,197768,8,5816,52,56118,12192,EU-WEST
6829,35040,9,ROUTINE,2,175709,8,7384,153,44786,9746,EU-CENTRAL
6830,31952,8,ROUTINE,2,444179,7,3844,261,54558,22606,US-EAST
6831,64051,17,ROUTINE,3,46792,2,4484,239,67654,3603,EU-WEST
6832,75332,20,ROUTINE,2,84715,4,3512,12,89506,14174,EU-WEST
6833,31364,8,CRITICAL,5,40443,4,3284,58,34852,3488,EU-WEST
6834,54804,15,ROUTINE,1,37624,1,3069,168,60387,5583,EU-WEST
6835,58723,16,CRITICAL,3,71603,4,3254,212,64998,6275,EU-WEST
6836,27978,7,ROUTINE,3,6936,1,2041,39,43345,15367,EU-CENTRAL
6837,57754,16,ROUTINE,3,110582,4,3670,188,67218,9464,EU-WEST
6838,63513,17,ROUTINE,2,210659,4,3134,133,83102,19589,EU-WEST
6839,39276,10,ROUTINE,2,39182,2,4356,1594,49347,10071,EU-CENTRAL
6840,36801,10,ROUTINE,3,25696,2,3830,186,42700,5899,US-EAST
6841,71215,19,ROUTINE,3,221318,4,3599,239,92340,21125,EU-WEST
6842,48561,13,ROUTINE,1,283776,4,3968,1891,62215,13654,EU-CENTRAL
6843,48063,13,ROUTINE,1,29601,1,2943,18,52054,3991,EU-WEST
6844,30149,8,ROUTINE,2,36990,2,3903,16,39350,9201,EU-WEST
6845,69008,19,CRITICAL,3,589131,6,4499,231,80743,11735,US-EAST
6846,49372,13,ROUTINE,2,25498,1,3379,202,56291,6919,US-EAST
6847,55297,15,ROUTINE,3,35669,2,3313,31,63288,7991,EU-CENTRAL
6848,26977,7,ROUTINE,2,231807,7,7197,705,36790,9813,US-EAST
6849,68994,19,CRITICAL,5,26675,1,4310,234,72158,3164,EU-WEST
6850,28534,7,ROUTINE,2,19885,1,818,271,32216,3682,EU-WEST
6851,84846,23,CRITICAL,5,197265,8,6727,147,90888,6042,EU-CENTRAL
6852,87732,24,ROUTINE,1,13630,2,3037,299,98427,10695,EU-CENTRAL
6853,63448,17,ROUTINE,1,29472,1,3475,285,68574,5126,EU-WEST
6854,69537,19,ROUTINE,2,68364,2,2424,195,85265,15728,EU-CENTRAL
6855,36698,10,CRITICAL,4,68790,4,3650,85,40928,4230,EU-CENTRAL
6856,33105,9,CRITICAL,4,409068,6,4594,1404,43082,9977,EU-CENTRAL
6857,50255,13,ROUTINE,3,51581,3,2871,68,61748,11493,US-EAST
6858,33672,9,CRITICAL,5,54779,3,2233,71,39640,5968,EU-WEST
6859,67826,18,CRITICAL,3,239801,7,5257,98,75348,7522,EU-WEST
6860,69569,19,ROUTINE,3,178812,8,7297,103,86695,17126,US-EAST
6861,49632,13,ROUTINE,2,176835,5,3254,141,60605,10973,EU-CENTRAL
6862,48335,13,CRITICAL,3,222522,7,5270,82,56294,7959,EU-CENTRAL
6863,68939,19,ROUTINE,2,131633,2,4779,267,84917,15978,US-EAST
6864,75339,20,ROUTINE,2,296392,6,3725,939,86597,11258,EU-CENTRAL
6865,75886,21,CRITICAL,5,331200,4,5713,70,87481,11595,US-EAST
6866,26733,7,ROUTINE,2,14963,1,1137,274,34899,8166,US-EAST
6867,52557,14,ROUTINE,3,19429,2,2921,255,60354,7797,US-EAST
6868,30632,8,ROUTINE,3,51848,4,2495,207,45701,15069,US-EAST
6869,55696,15,ROUTINE,1,36032,1,2448,137,64020,8324,EU-WEST
6870,79434,22,ROUTINE,1,137405,2,1740,195,98355,18921,EU-WEST
6871,77338,21,ROUTINE,2,253471,8,7864,127,96166,18828,EU-CENTRAL
6872,62034,17,ROUTINE,1,33346,1,2074,255,69900,7866,EU-CENTRAL
6873,27567,7,CRITICAL,5,130425,3,4048,40,33668,6101,US-EAST
6874,46517,12,CRITICAL,3,366883,8,4484,1114,56561,10044,EU-CENTRAL
6875,65818,18,ROUTINE,2,286064,8,7081,232,83199,17381,EU-WEST
6876,25421,7,ROUTINE,2,102639,3,2651,1053,33081,7660,EU-WEST
6877,36561,10,CRITICAL,3,210959,5,5420,786,42483,5922,EU-WEST
6878,35006,9,ROUTINE,1,10206,1,3813,1809,42571,7565,EU-WEST
6879,79395,22,ROUTINE,2,303657,6,4983,198,96531,17136,EU-CENTRAL
6880,26426,7,ROUTINE,2,174760,6,4494,242,44505,18079,US-EAST
6881,40085,11,ROUTINE,1,55351,3,4592,62,47404,7319,EU-WEST
6882,56069,15,ROUTINE,3,58028,3,2186,1528,65562,9493,EU-CENTRAL
6883,35232,9,ROUTINE,3,50183,4,4267,813,39599,4367,US-EAST
6884,47587,13,CRITICAL,3,17228,1,1949,300,51434,3847,EU-CENTRAL
6885,72895,20,CRITICAL,4,39604,1,1568,51,78437,5542,EU-CENTRAL
6886,50032,13,CRITICAL,5,190370,5,4121,610,56338,6306,EU-CENTRAL
6887,32657,9,ROUTINE,1,33505,1,2500,166,45438,12781,US-EAST
6888,41079,11,ROUTINE,1,16440,2,4003,166,53395,12316,US-EAST
6889,77154,21,ROUTINE,1,51113,4,4103,50,82423,5269,US-EAST
6890,44273,12,CRITICAL,5,15044,1,2408,1505,45743,1470,US-EAST
6891,44521,12,ROUTINE,2,23794,1,2459,182,52460,7939,EU-WEST
6892,35716,9,ROUTINE,1,594649,7,6654,216,45327,9611,US-EAST
6893,49467,13,ROUTINE,2,37001,1,2462,45,61301,11834,EU-WEST
6894,72751,20,ROUTINE,3,32335,1,1957,103,84926,12175,EU-CENTRAL
6895,73718,20,ROUTINE,3,145635,3,4366,1107,81323,7605,US-EAST
6896,44278,12,ROUTINE,1,218044,7,4433,132,64319,20041,US-EAST
6897,46256,12,CRITICAL,4,548865,5,5745,268,55885,9629,US-EAST
6898,61184,16,ROUTINE,3,35516,1,925,1581,71895,10711,EU-WEST
6899,56387,15,ROUTINE,1,230813,5,2987,214,65452,9065,US-EAST
6900,79474,22,ROUTINE,3,141312,2,2210,55,94896,15422,EU-WEST
6901,62091,17,ROUTINE,3,54225,4,3074,1462,73204,11113,EU-WEST
6902,32763,9,ROUTINE,2,17596,2,1891,284,37696,4933,EU-CENTRAL
6903,33273,9,ROUTINE,2,116124,3,5300,45,47814,14541,US-EAST
6904,51129,14,ROUTINE,2,25543,1,2702,65,55056,3927,US-EAST
6905,75706,21,ROUTINE,1,57295,4,2987,188,83903,8197,US-EAST
6906,36694,10,CRITICAL,5,520942,8,5797,149,46618,9924,US-EAST
6907,37897,10,CRITICAL,5,38652,1,1909,155,42562,4665,US-EAST
6908,81764,22,ROUTINE,3,16116,1,4276,75,96794,15030,EU-WEST
6909,38258,10,ROUTINE,1,46165,4,5337,266,54420,16162,EU-CENTRAL
6910,85327,23,ROUTINE,3,85402,2,4589,209,96804,11477,US-EAST
6911,63460,17,CRITICAL,5,226726,4,4343,227,71084,7624,EU-WEST
6912,32415,9,ROUTINE,3,7819,1,3002,36,40834,8419,EU-CENTRAL
6913,33724,9,ROUTINE,3,173429,6,4751,254,52587,18863,EU-CENTRAL
6914,56621,15,CRITICAL,4,152076,4,3293,1973,64724,8103,US-EAST
6915,49419,13,ROUTINE,3,167283,7,4113,36,56994,7575,US-EAST
6916,74473,20,ROUTINE,1,56490,2,1286,186,91665,17192,EU-CENTRAL
6917,36190,10,ROUTINE,2,74012,4,2798,1438,53286,17096,EU-WEST
6918,79464,22,ROUTINE,3,377434,4,5280,112,99171,19707,US-EAST
6919,88757,24,ROUTINE,1,20604,2,3029,197,96214,7457,EU-CENTRAL
6920,69382,19,ROUTINE,3,14303,1,1287,50,79746,10364,EU-WEST
6921,64570,17,CRITICAL,5,191295,6,3855,206,72286,7716,US-EAST
6922,23232,6,ROUTINE,2,38629,1,3409,91,31289,8057,EU-CENTRAL
6923,67508,18,ROUTINE,2,29851,1,796,708,83697,16189,EU-WEST
6924,68565,19,ROUTINE,1,267744,6,3644,209,87567,19002,US-EAST
6925,77164,21,ROUTINE,1,497035,5,3565,250,95304,18140,US-EAST
6926,43749,12,CRITICAL,4,30575,2,4751,81,46917,3168,EU-CENTRAL
6927,73746,20,ROUTINE,1,47562,4,4110,1098,81162,7416,US-EAST
6928,70414,19,ROUTINE,1,152219,7,5958,10,83115,12701,EU-WEST
6929,43034,11,ROUTINE,1,33340,2,1705,219,56712,13678,US-EAST
6930,51945,14,ROUTINE,1,104493,4,5376,458,57133,5188,EU-CENTRAL
6931,60554,16,ROUTINE,2,101544,3,5161,261,75888,15334,EU-CENTRAL
6932,27908,7,ROUTINE,1,494386,6,4171,58,39013,11105,EU-CENTRAL
6933,55962,15,ROUTINE,2,426461,4,4720,214,77440,21478,EU-WEST
6934,47464,13,ROUTINE,2,141856,3,3279,606,62933,15469,EU-CENTRAL
6935,52429,14,ROUTINE,2,128490,3,1998,16,59378,6949,EU-WEST
6936,23662,6,ROUTINE,3,23164,1,2849,83,30152,6490,US-EAST
6937,60141,16,ROUTINE,3,16704,2,3443,190,73968,13827,EU-WEST
6938,33981,9,CRITICAL,4,19309,2,2750,1832,35634,1653,US-EAST
6939,31236,8,ROUTINE,1,114418,2,1838,23,45645,14409,EU-WEST
6940,30251,8,ROUTINE,3,12587,2,3316,952,34569,4318,US-EAST
6941,75827,21,ROUTINE,3,59115,2,1777,278,84173,8346,EU-WEST
6942,64956,18,ROUTINE,3,55139,3,1942,558,80994,16038,EU-WEST
6943,72570,20,ROUTINE,2,48602,2,1290,288,88200,15630,EU-WEST
6944,80795,22,ROUTINE,1,102005,3,3653,280,87481,6686,US-EAST
6945,38318,10,ROUTINE,1,487111,8,5805,26,56719,18401,EU-CENTRAL
6946,61729,17,ROUTINE,1,18483,2,1894,14,74956,13227,EU-WEST
6947,73025,20,CRITICAL,4,152213,4,5321,134,77634,4609,EU-WEST
6948,77613,21,CRITICAL,4,51325,4,3986,946,82506,4893,US-EAST
6949,37450,10,ROUTINE,2,17996,2,3692,272,41503,4053,US-EAST
6950,30374,8,ROUTINE,1,6918,2,4460,100,42900,12526,US-EAST
6951,53835,14,ROUTINE,2,381037,8,4963,1046,76028,22193,US-EAST
6952,75248,20,CRITICAL,4,107547,2,2189,259,79837,4589,EU-CENTRAL
6953,59138,16,ROUTINE,1,517419,4,3749,1758,69246,10108,US-EAST
6954,39621,11,ROUTINE,3,119208,2,2077,192,58567,18946,EU-WEST
6955,28940,8,ROUTINE,2,516488,6,5331,224,43187,14247,EU-CENTRAL
6956,81907,22,ROUTINE,1,28592,1,958,754,91903,9996,EU-CENTRAL
6957,25347,7,ROUTINE,2,93314,2,4221,8,35210,9863,US-EAST
6958,77433,21,ROUTINE,2,11206,2,3843,157,88056,10623,US-EAST
6959,35015,9,CRITICAL,5,580424,7,5612,290,46607,11592,EU-WEST
6960,40138,11,ROUTINE,3,192581,6,4385,46,47411,7273,EU-CENTRAL
6961,52053,14,CRITICAL,5,443229,5,4101,238,63347,11294,EU-WEST
6962,41901,11,CRITICAL,3,22187,2,2608,76,44015,2114,US-EAST
6963,84830,23,ROUTINE,3,47217,3,2078,112,90951,6121,US-EAST
6964,43252,12,ROUTINE,2,32647,2,2228,198,49094,5842,US-EAST
6965,85463,23,ROUTINE,3,512329,6,3420,1578,105747,20284,EU-CENTRAL
6966,66445,18,ROUTINE,3,6666,2,1809,1605,71142,4697,EU-CENTRAL
6967,27082,7,ROUTINE,2,323913,7,4204,206,42304,15222,EU-CENTRAL
6968,41889,11,CRITICAL,4,175666,6,3440,274,48474,6585,EU-CENTRAL
6969,67829,18,ROUTINE,3,45539,4,4014,124,82843,15014,EU-CENTRAL
6970,23752,6,ROUTINE,3,130538,4,5180,273,36280,12528,EU-WEST
6971,85439,23,CRITICAL,5,160478,6,4453,93,92366,6927,US-EAST
6972,71102,19,ROUTINE,3,28037,1,2758,1381,76176,5074,EU-CENTRAL
6973,32116,8,ROUTINE,3,148855,2,1958,75,47677,15561,US-EAST
6974,63701,17,ROUTINE,2,8535,1,3206,20,67338,3637,EU-CENTRAL
6975,23766,6,ROUTINE,3,211974,6,5492,1263,35929,12163,EU-WEST
6976,59236,16,ROUTINE,3,222265,4,4254,194,73569,14333,US-EAST
6977,46547,12,ROUTINE,2,527343,8,5445,151,57221,10674,EU-WEST
6978,76064,21,CRITICAL,4,61756,2,4225,58,80466,4402,EU-CENTRAL
6979,77790,21,ROUTINE,3,30184,1,2165,30,90427,12637,EU-CENTRAL
6980,30725,8,ROUTINE,3,38231,2,4505,160,41069,10344,US-EAST
6981,29813,8,ROUTINE,1,10493,1,1234,1484,39754,9941,EU-CENTRAL
6982,34435,9,ROUTINE,2,563264,6,5193,218,54728,20293,US-EAST
6983,85158,23,ROUTINE,3,18144,1,1101,1634,94348,9190,US-EAST
6984,62516,17,CRITICAL,5,140639,2,4750,104,69111,6595,EU-CENTRAL
6985,56023,15,ROUTINE,2,129973,3,2923,114,70018,13995,US-EAST
6986,24940,6,ROUTINE,3,65322,2,3176,134,40999,16059,US-EAST
6987,45323,12,ROUTINE,2,27406,1,2169,162,51478,6155,EU-WEST
6988,22583,6,CRITICAL,3,165072,5,3892,110,29564,6981,EU-WEST
6989,66227,18,ROUTINE,1,56387,4,2759,1793,74640,8413,EU-CENTRAL
6990,83235,23,ROUTINE,3,35863,2,3387,1865,91646,8411,EU-CENTRAL
6991,67175,18,CRITICAL,4,212247,8,7643,26,74788,7613,EU-WEST
6992,28970,8,CRITICAL,5,47546,4,2675,185,33992,5022,US-EAST
6993,88410,24,ROUTINE,3,136349,3,1845,1915,94420,6010,EU-CENTRAL
6994,38416,10,CRITICAL,3,59467,3,1806,248,44401,5985,EU-CENTRAL
6995,37696,10,ROUTINE,3,20106,2,4217,912,43754,6058,EU-CENTRAL
6996,56312,15,ROUTINE,1,46263,3,4708,91,71198,14886,EU-WEST
6997,37262,10,ROUTINE,2,240570,8,6560,13,49193,11931,EU-CENTRAL
6998,44278,12,ROUTINE,1,27252,1,3192,1620,53082,8804,EU-CENTRAL
6999,73412,20,CRITICAL,4,218820,5,3911,253,82110,8698,EU-CENTRAL
7000,61517,17,ROUTINE,2,52365,3,3155,33,78562,17045,EU-CENTRAL
7001,63184,17,ROUTINE,2,64531,2,1906,124,78746,15562,EU-WEST
7002,80322,22,CRITICAL,3,528932,7,6473,178,88606,8284,EU-CENTRAL
7003,46907,13,ROUTINE,1,48923,2,4157,198,61283,14376,EU-WEST
7004,45216,12,ROUTINE,3,128956,4,2646,101,54938,9722,EU-WEST
7005,33461,9,ROUTINE,1,442344,6,3752,15,47807,14346,US-EAST
7006,45541,12,CRITICAL,3,200921,4,4250,42,52614,7073,EU-WEST
7007,77032,21,ROUTINE,1,75010,4,5510,272,84665,7633,US-EAST
7008,73366,20,CRITICAL,3,195872,6,4740,494,80897,7531,US-EAST
7009,65365,18,ROUTINE,1,43474,4,2514,9,73517,8152,US-EAST
7010,52232,14,ROUTINE,1,119853,4,5769,1600,63915,11683,EU-WEST
7011,68071,18,ROUTINE,1,25829,2,1400,211,82809,14738,EU-WEST
7012,58934,16,ROUTINE,1,26500,2,1968,279,71686,12752,US-EAST
7013,49597,13,ROUTINE,2,24137,2,3316,290,57775,8178,EU-CENTRAL
7014,67341,18,ROUTINE,1,93671,3,1833,104,81258,13917,EU-WEST
7015,57132,15,ROUTINE,2,428756,5,6098,259,78756,21624,EU-WEST
7016,50584,14,CRITICAL,3,9601,2,3562,1806,54860,4276,US-EAST
7017,33524,9,ROUTINE,2,25200,2,4841,282,45587,12063,EU-WEST
7018,79181,21,ROUTINE,3,588739,5,4629,108,90780,11599,US-EAST
7019,81939,22,ROUTINE,3,430615,7,6939,27,95772,13833,EU-CENTRAL
7020,57483,15,ROUTINE,2,5413,1,2260,276,63816,6333,US-EAST
7021,37874,10,ROUTINE,2,428889,5,4631,55,52954,15080,EU-WEST
7022,86298,23,CRITICAL,5,23779,1,781,62,88483,2185,US-EAST
7023,73861,20,CRITICAL,3,499381,8,6469,80,81924,8063,EU-WEST
7024,24886,6,ROUTINE,3,7333,1,2073,92,41036,16150,US-EAST
7025,77808,21,ROUTINE,1,41681,4,4718,297,85712,7904,US-EAST
7026,50438,14,CRITICAL,3,311454,8,5087,156,60273,9835,EU-WEST
7027,32678,9,ROUTINE,2,32971,2,2602,102,49235,16557,US-EAST
7028,66178,18,ROUTINE,2,578117,6,6146,49,83096,16918,EU-WEST
7029,47471,13,ROUTINE,2,47103,3,2875,1405,64232,16761,EU-WEST
7030,62940,17,ROUTINE,3,132674,4,2409,131,78458,15518,US-EAST
7031,57825,16,ROUTINE,2,306320,8,7203,1419,69150,11325,EU-WEST
7032,37156,10,ROUTINE,2,93158,3,2353,296,47418,10262,US-EAST
7033,56637,15,ROUTINE,3,161518,8,6180,181,68428,11791,US-EAST
7034,54139,15,ROUTINE,2,572034,7,5453,152,63860,9721,EU-CENTRAL
7035,68781,19,ROUTINE,3,30642,1,2424,63,73783,5002,EU-CENTRAL
7036,80024,22,ROUTINE,2,166678,5,2861,175,88234,8210,EU-WEST
7037,38224,10,CRITICAL,4,540059,4,5453,431,48008,9784,US-EAST
7038,44129,12,ROUTINE,3,113126,4,3916,220,59888,15759,EU-WEST
7039,85257,23,ROUTINE,2,35911,2,3160,136,101663,16406,US-EAST
7040,46213,12,ROUTINE,2,153590,5,3007,1583,62444,16231,EU-WEST
7041,72844,20,ROUTINE,1,23153,1,4249,117,79580,6736,EU-WEST
7042,63373,17,ROUTINE,3,65427,4,2585,450,69276,5903,US-EAST
7043,34451,9,ROUTINE,3,317954,7,6116,206,49089,14638,EU-WEST
7044,30615,8,ROUTINE,1,104344,2,4197,182,36029,5414,EU-WEST
7045,82286,22,ROUTINE,3,39834,2,1996,267,88452,6166,EU-WEST
7046,41330,11,CRITICAL,5,426448,7,5914,169,51582,10252,US-EAST
7047,76582,21,ROUTINE,3,216410,8,7564,472,91671,15089,US-EAST
7048,46648,12,ROUTINE,2,7527,1,1016,188,58460,11812,EU-CENTRAL
7049,29828,8,ROUTINE,2,300453,6,3358,1876,51747,21919,EU-WEST
7050,44873,12,CRITICAL,4,133555,3,1934,250,49336,4463,US-EAST
7051,70399,19,ROUTINE,2,351853,7,4906,57,81467,11068,EU-CENTRAL
7052,55408,15,ROUTINE,1,191838,4,4689,242,69782,14374,EU-WEST
7053,81246,22,ROUTINE,2,503877,8,6023,1070,94380,13134,EU-CENTRAL
7054,48937,13,CRITICAL,3,9840,2,1350,52,52585,3648,EU-CENTRAL
7055,39519,10,CRITICAL,5,11862,2,4863,244,41627,2108,EU-WEST
7056,62072,17,CRITICAL,3,514670,4,2534,177,72658,10586,US-EAST
7057,31897,8,ROUTINE,2,572256,6,5695,1072,50804,18907,US-EAST
7058,41339,11,ROUTINE,2,40738,4,3591,234,47766,6427,EU-WEST
7059,73050,20,CRITICAL,4,7353,1,2799,27,77323,4273,US-EAST
7060,32646,9,ROUTINE,3,18165,2,3453,133,39734,7088,EU-WEST
7061,38435,10,ROUTINE,1,95672,3,1827,200,43558,5123,EU-CENTRAL
7062,47652,13,ROUTINE,2,204558,6,4965,91,68616,20964,EU-WEST
7063,86572,24,ROUTINE,3,125359,2,1931,149,92192,5620,US-EAST
7064,48330,13,CRITICAL,4,517398,8,6441,12,59629,11299,EU-WEST
7065,52812,14,ROUTINE,2,77873,4,3041,213,58441,5629,EU-CENTRAL
7066,37123,10,ROUTINE,3,385629,4,3151,86,58523,21400,EU-CENTRAL
7067,39857,11,ROUTINE,3,35060,2,1367,156,44548,4691,EU-WEST
7068,38172,10,ROUTINE,1,242715,5,5804,1188,54030,15858,EU-WEST
7069,34967,9,CRITICAL,3,20604,2,1934,1509,38603,3636,US-EAST
7070,55473,15,CRITICAL,3,105277,3,4342,171,62687,7214,US-EAST
7071,70445,19,ROUTINE,2,124165,2,1746,292,81282,10837,US-EAST
7072,23762,6,ROUTINE,1,428929,6,3517,1838,35877,12115,US-EAST
7073,75241,20,ROUTINE,1,14068,2,3431,281,84822,9581,US-EAST
7074,30189,8,ROUTINE,1,12798,1,3224,17,38785,8596,US-EAST
7075,62931,17,ROUTINE,2,208516,4,5268,98,76601,13670,US-EAST
7076,73745,20,ROUTINE,1,122430,3,4409,29,89446,15701,US-EAST
7077,50160,13,CRITICAL,5,227367,6,6044,258,57585,7425,EU-WEST
7078,80406,22,ROUTINE,1,208176,7,5149,55,93131,12725,US-EAST
7079,53788,14,ROUTINE,2,555865,4,2922,238,69383,15595,US-EAST
7080,84043,23,CRITICAL,5,26667,1,1506,31,85960,1917,EU-WEST
7081,87277,24,CRITICAL,3,151535,5,6363,121,95327,8050,EU-WEST
7082,24104,6,CRITICAL,4,177531,5,3780,218,31861,7757,EU-CENTRAL
7083,88865,24,ROUTINE,1,50668,4,3532,439,96106,7241,US-EAST
7084,84868,23,ROUTINE,2,48226,2,2419,36,89335,4467,US-EAST
7085,49527,13,ROUTINE,3,24424,1,2557,95,54100,4573,US-EAST
7086,54997,15,ROUTINE,3,39092,2,3583,1389,68179,13182,EU-CENTRAL
7087,70402,19,ROUTINE,1,192054,5,6392,47,78037,7635,US-EAST
7088,65673,18,ROUTINE,1,50023,3,3213,245,82893,17220,EU-CENTRAL
7089,26287,7,ROUTINE,2,11811,1,3417,142,31392,5105,US-EAST
7090,64441,17,ROUTINE,3,58590,4,3619,158,76578,12137,EU-WEST
7091,47555,13,ROUTINE,3,75127,2,3050,274,61258,13703,EU-WEST
7092,35481,9,ROUTINE,3,181584,4,4257,185,55979,20498,US-EAST
7093,69346,19,ROUTINE,1,170570,8,7025,290,84767,15421,EU-CENTRAL
7094,75582,20,CRITICAL,3,386592,4,2689,264,83616,8034,EU-CENTRAL
7095,66451,18,ROUTINE,1,161704,8,4573,276,76721,10270,US-EAST
7096,34920,9,ROUTINE,1,413666,5,3018,562,53728,18808,EU-WEST
7097,64593,17,ROUTINE,1,19579,1,924,163,72432,7839,US-EAST
7098,56369,15,ROUTINE,1,30073,2,4358,110,62061,5692,US-EAST
7099,89287,24,ROUTINE,2,33157,1,4268,18,95208,5921,EU-CENTRAL
7100,47527,13,CRITICAL,3,24812,2,3154,195,51262,3735,EU-CENTRAL
7101,32910,9,ROUTINE,2,201587,4,3718,87,45932,13022,EU-WEST
7102,32174,8,ROUTINE,3,92500,2,3216,892,38415,6241,US-EAST
7103,30233,8,ROUTINE,2,20796,1,1577,89,40270,10037,EU-WEST
7104,50808,14,CRITICAL,5,98310,4,5716,526,53983,3175,US-EAST
7105,30738,8,ROUTINE,3,435981,5,3812,279,41748,11010,US-EAST
7106,25214,7,ROUTINE,2,17089,1,2298,979,33798,8584,US-EAST
7107,36908,10,ROUTINE,2,38795,1,990,208,46954,10046,US-EAST
7108,36197,10,ROUTINE,2,25964,2,3617,1885,41945,5748,EU-WEST
7109,85922,23,ROUTINE,2,15868,1,4141,49,90614,4692,US-EAST
7110,61153,16,CRITICAL,3,5701,1,4187,36,64194,3041,US-EAST
7111,27421,7,ROUTINE,1,22448,1,2118,83,43945,16524,EU-WEST
7112,47233,13,ROUTINE,2,496027,5,5026,247,56678,9445,EU-CENTRAL
7113,57732,16,CRITICAL,5,596175,8,7448,166,68806,11074,EU-CENTRAL
7114,51187,14,CRITICAL,3,218656,7,5520,203,58085,6898,US-EAST
7115,41651,11,CRITICAL,3,73642,4,2777,116,46201,4550,US-EAST
7116,38145,10,ROUTINE,2,216904,4,3225,122,47272,9127,US-EAST
7117,82251,22,ROUTINE,3,33057,2,3355,118,98472,16221,US-EAST
7118,65241,18,ROUTINE,2,446853,5,3964,593,83814,18573,US-EAST
7119,76024,21,CRITICAL,3,19187,2,4366,1757,78433,2409,EU-CENTRAL
7120,28579,7,ROUTINE,1,5203,1,4165,287,31350,2771,US-EAST
7121,64349,17,ROUTINE,2,236202,5,4230,136,85810,21461,EU-CENTRAL
7122,29712,8,ROUTINE,2,54375,2,4142,88,40927,11215,EU-CENTRAL
7123,83747,23,ROUTINE,3,8162,2,3492,1706,93995,10248,EU-WEST
7124,32384,8,ROUTINE,2,111235,2,1288,52,48199,15815,EU-WEST
7125,57077,15,ROUTINE,3,79213,4,4871,22,72347,15270,EU-CENTRAL
7126,47601,13,ROUTINE,2,40225,2,1581,54,61283,13682,EU-WEST
7127,58453,16,ROUTINE,1,58198,4,3984,267,75123,16670,US-EAST
7128,27967,7,ROUTINE,2,335052,8,5098,31,38151,10184,EU-CENTRAL
7129,63985,17,ROUTINE,2,175390,4,5182,1245,83587,19602,US-EAST
7130,82454,22,ROUTINE,2,45237,3,2478,76,86840,4386,EU-CENTRAL
7131,39213,10,ROUTINE,2,35131,1,2107,41,47593,8380,US-EAST
7132,27899,7,ROUTINE,1,43812,3,5323,1930,34661,6762,EU-CENTRAL
7133,70099,19,ROUTINE,3,247821,6,4971,93,84737,14638,EU-WEST
7134,42481,11,ROUTINE,3,241333,4,2773,252,53169,10688,US-EAST
7135,38372,10,CRITICAL,5,16750,1,3888,251,41862,3490,US-EAST
7136,85475,23,ROUTINE,2,51420,4,4074,125,91580,6105,US-EAST
7137,41848,11,CRITICAL,3,204336,6,3597,665,49094,7246,EU-CENTRAL
7138,25253,7,ROUTINE,1,96144,2,1571,119,35306,10053,US-EAST
7139,43997,12,ROUTINE,1,303276,7,6532,232,53853,9856,US-EAST
7140,36290,10,ROUTINE,3,241044,4,2938,238,51150,14860,EU-WEST
7141,75546,20,ROUTINE,3,20167,1,1593,89,90137,14591,US-EAST
7142,45397,12,ROUTINE,1,41903,2,3759,38,54904,9507,EU-WEST
7143,87488,24,ROUTINE,3,19669,2,1910,232,94905,7417,EU-CENTRAL
7144,46019,12,ROUTINE,2,86941,2,1819,145,57255,11236,US-EAST
7145,44554,12,ROUTINE,2,275490,5,4166,285,63762,19208,US-EAST
7146,80197,22,CRITICAL,5,526790,7,4830,261,89132,8935,US-EAST
7147,31352,8,ROUTINE,3,101528,4,5117,66,48496,17144,US-EAST
7148,36558,10,CRITICAL,3,507338,8,7049,285,46817,10259,EU-CENTRAL
7149,35386,9,CRITICAL,4,165494,8,7615,252,41720,6334,EU-WEST
7150,56175,15,CRITICAL,3,56829,3,4612,60,61991,5816,EU-CENTRAL
7151,30201,8,ROUTINE,3,15794,1,2630,176,34433,4232,EU-WEST
7152,44607,12,CRITICAL,4,171146,5,6299,205,50808,6201,US-EAST
7153,68083,18,CRITICAL,5,35905,1,2709,273,73454,5371,US-EAST
7154,89674,24,CRITICAL,3,552805,7,4464,26,100473,10799,US-EAST
7155,51863,14,CRITICAL,3,193213,6,3420,237,59644,7781,EU-CENTRAL
7156,83395,23,ROUTINE,3,141802,4,4718,23,99567,16172,EU-WEST
7157,29126,8,CRITICAL,4,50221,4,4807,94,31407,2281,EU-WEST
7158,31987,8,ROUTINE,1,129851,4,2865,101,44318,12331,US-EAST
7159,56321,15,ROUTINE,2,18016,2,2181,228,67181,10860,EU-CENTRAL
7160,50506,14,CRITICAL,5,150985,5,4169,255,57653,7147,US-EAST
7161,37054,10,ROUTINE,3,43893,3,4856,25,43051,5997,EU-CENTRAL
7162,28329,7,CRITICAL,5,247886,7,7251,17,36163,7834,US-EAST
7163,27322,7,ROUTINE,3,30128,2,3642,1589,30665,3343,US-EAST
7164,89577,24,ROUTINE,3,377599,6,3757,116,110596,21019,US-EAST
7165,49515,13,CRITICAL,5,12056,2,2675,116,50510,995,EU-WEST
7166,60119,16,ROUTINE,1,58945,3,2137,51,64946,4827,EU-WEST
7167,50014,13,ROUTINE,1,55976,4,5119,161,55738,5724,US-EAST
7168,72674,20,ROUTINE,2,40991,4,4589,129,77895,5221,EU-CENTRAL
7169,53123,14,ROUTINE,1,579088,6,6031,241,63225,10102,EU-CENTRAL
7170,25294,7,ROUTINE,1,10395,1,3160,142,29730,4436,EU-CENTRAL
7171,65243,18,ROUTINE,1,102473,2,4328,76,71450,6207,EU-WEST
7172,74140,20,ROUTINE,2,52674,3,2639,277,82571,8431,US-EAST
7173,28907,8,ROUTINE,3,58969,4,3150,130,35580,6673,US-EAST
7174,46691,12,ROUTINE,1,198772,8,6566,155,63169,16478,US-EAST
7175,34434,9,ROUTINE,1,9306,2,2083,20,40806,6372,EU-WEST
7176,79976,22,ROUTINE,2,55199,2,1483,181,97182,17206,US-EAST
7177,37336,10,ROUTINE,1,231620,4,3072,97,47321,9985,US-EAST
7178,37072,10,CRITICAL,3,305454,4,5311,229,47789,10717,EU-WEST
7179,52020,14,CRITICAL,5,111277,2,1682,180,57625,5605,EU-CENTRAL
7180,42237,11,ROUTINE,3,126775,4,2344,1919,57024,14787,US-EAST
7181,76661,21,ROUTINE,2,30499,1,914,62,84467,7806,US-EAST
7182,32949,9,ROUTINE,3,66501,3,4979,481,48643,15694,EU-CENTRAL
7183,62590,17,ROUTINE,2,29150,1,3810,233,78305,15715,EU-CENTRAL
7184,40835,11,CRITICAL,5,447115,6,5081,70,50288,9453,EU-WEST
7185,64288,17,CRITICAL,5,176531,4,5170,43,71581,7293,EU-WEST
7186,27170,7,ROUTINE,1,336685,8,4514,111,43813,16643,EU-CENTRAL
7187,42844,11,ROUTINE,2,39518,2,1288,683,55854,13010,EU-CENTRAL
7188,32579,9,ROUTINE,1,27813,1,2607,283,36761,4182,EU-CENTRAL
7189,42796,11,CRITICAL,5,137340,3,3017,67,50030,7234,EU-CENTRAL
7190,54170,15,ROUTINE,1,142572,3,3934,1153,73465,19295,EU-CENTRAL
7191,24403,6,CRITICAL,3,35201,1,2323,229,27958,3555,US-EAST
7192,81739,22,ROUTINE,3,31246,2,4569,142,93351,11612,US-EAST
7193,70769,19,ROUTINE,1,168948,7,5518,207,80278,9509,EU-WEST
7194,24186,6,CRITICAL,4,217331,8,4832,792,30932,6746,US-EAST
7195,26044,7,ROUTINE,1,23671,2,4519,252,29264,3220,US-EAST
7196,34184,9,ROUTINE,1,41641,2,2948,1753,40036,5852,EU-CENTRAL
7197,53259,14,ROUTINE,3,7355,2,2811,74,60912,7653,US-EAST
7198,88182,24,CRITICAL,4,19960,1,1073,52,90159,1977,US-EAST
7199,52850,14,ROUTINE,2,12444,2,3242,121,62793,9943,US-EAST
7200,67656,18,ROUTINE,1,40610,2,4124,110,79640,11984,EU-CENTRAL
7201,86661,24,ROUTINE,2,46617,2,3880,225,101842,15181,US-EAST
7202,57856,16,ROUTINE,3,182600,7,6500,1132,65810,7954,US-EAST
7203,79561,22,ROUTINE,1,54635,4,2909,249,87293,7732,US-EAST
7204,37564,10,ROUTINE,3,28973,1,2692,16,41399,3835,EU-CENTRAL
7205,78972,21,CRITICAL,5,385504,5,4476,644,88351,9379,EU-CENTRAL
7206,23330,6,CRITICAL,4,188393,7,4766,27,29873,6543,EU-CENTRAL
7207,67979,18,CRITICAL,4,246837,8,7723,77,78549,10570,US-EAST
7208,66376,18,ROUTINE,1,139478,2,1481,239,80426,14050,US-EAST
7209,81642,22,ROUTINE,1,42606,4,5695,281,92997,11355,EU-WEST
7210,55050,15,ROUTINE,3,467130,6,3389,247,77163,22113,EU-WEST
7211,73302,20,ROUTINE,2,8890,1,3330,45,77960,4658,EU-CENTRAL
7212,25856,7,ROUTINE,3,175573,6,6484,8,40091,14235,EU-CENTRAL
7213,61389,17,ROUTINE,3,394815,4,3457,912,72148,10759,EU-CENTRAL
7214,54539,15,CRITICAL,4,43807,4,3882,95,57564,3025,EU-WEST
7215,46578,12,ROUTINE,2,576496,6,5860,231,59740,13162,US-EAST
7216,24414,6,ROUTINE,3,48315,4,4210,257,39636,15222,EU-WEST
7217,53639,14,ROUTINE,3,173970,6,6884,118,60521,6882,EU-WEST
7218,58291,16,ROUTINE,3,28994,2,4718,39,68804,10513,EU-WEST
7219,30520,8,ROUTINE,3,24961,1,2163,174,42933,12413,US-EAST
7220,27848,7,CRITICAL,4,49678,3,4015,53,32177,4329,EU-CENTRAL
7221,77449,21,CRITICAL,3,300410,6,3430,35,86300,8851,US-EAST
7222,83935,23,CRITICAL,3,75561,2,2055,261,89428,5493,EU-WEST
7223,34992,9,ROUTINE,3,121634,3,4196,263,51144,16152,US-EAST
7224,85095,23,CRITICAL,3,480347,4,2660,42,92813,7718,EU-CENTRAL
7225,66429,18,ROUTINE,3,246938,4,5313,230,78152,11723,EU-WEST
7226,46097,12,ROUTINE,3,16210,2,3638,153,55329,9232,EU-WEST
7227,85012,23,ROUTINE,2,137243,4,2844,17,100300,15288,EU-WEST
7228,38580,10,CRITICAL,5,29255,2,2183,246,42786,4206,EU-WEST
7229,42904,11,CRITICAL,3,127523,4,3763,278,47398,4494,US-EAST
7230,65610,18,ROUTINE,3,21202,1,1898,173,77087,11477,EU-CENTRAL
7231,76566,21,ROUTINE,1,11752,2,1516,74,80480,3914,US-EAST
7232,62874,17,ROUTINE,1,13357,2,2865,119,72832,9958,EU-CENTRAL
7233,55710,15,CRITICAL,4,121219,3,2952,29,62804,7094,EU-WEST
7234,81378,22,ROUTINE,3,486204,5,6237,251,96285,14907,US-EAST
7235,55689,15,CRITICAL,3,209670,5,3203,17,65246,9557,EU-CENTRAL
7236,33143,9,CRITICAL,3,11813,1,1819,252,35695,2552,EU-WEST
7237,73386,20,CRITICAL,3,17669,2,2600,25,77011,3625,EU-WEST
7238,44831,12,ROUTINE,3,117001,2,4019,531,60706,15875,US-EAST
7239,50634,14,ROUTINE,2,217512,6,6874,1977,68066,17432,EU-WEST
7240,82587,22,ROUTINE,2,44128,3,1887,267,94629,12042,EU-CENTRAL
7241,51432,14,ROUTINE,3,11682,2,3986,264,66694,15262,EU-CENTRAL
7242,43660,12,ROUTINE,2,193365,4,4863,54,58224,14564,EU-WEST
7243,80720,22,ROUTINE,3,27759,2,2565,641,97176,16456,EU-WEST
7244,78301,21,CRITICAL,3,24118,1,3275,72,81002,2701,EU-CENTRAL
7245,52245,14,ROUTINE,3,57352,3,2689,1206,63513,11268,EU-WEST
7246,75878,21,CRITICAL,5,28949,2,4057,188,77640,1762,EU-WEST
7247,58676,16,ROUTINE,1,173611,7,5892,241,66509,7833,EU-WEST
7248,30552,8,CRITICAL,5,24950,1,2082,211,33014,2462,EU-WEST
7249,83038,23,CRITICAL,3,62963,2,2409,1835,87652,4614,EU-WEST
7250,87930,24,ROUTINE,1,220971,5,5908,224,107684,19754,EU-WEST
7251,83908,23,ROUTINE,3,54440,3,4217,154,99359,15451,EU-WEST
7252,38830,10,CRITICAL,4,308852,5,4327,1360,47350,8520,EU-WEST
7253,36209,10,ROUTINE,1,8859,2,2261,1298,47136,10927,EU-WEST
7254,40578,11,ROUTINE,3,139742,2,4084,184,54815,14237,US-EAST
7255,52836,14,ROUTINE,2,23515,1,2374,187,58311,5475,EU-CENTRAL
7256,34914,9,ROUTINE,3,109902,3,3385,12,40142,5228,EU-CENTRAL
7257,36469,10,ROUTINE,2,200627,7,6475,10,52090,15621,US-EAST
7258,55934,15,ROUTINE,2,107682,4,3638,120,70313,14379,US-EAST
7259,79542,22,ROUTINE,2,206373,5,2954,283,99369,19827,US-EAST
7260,37702,10,ROUTINE,2,218981,4,2976,294,50894,13192,EU-CENTRAL
7261,40572,11,ROUTINE,1,188567,8,6205,186,57531,16959,US-EAST
7262,40414,11,ROUTINE,2,99687,4,4051,83,48153,7739,US-EAST
7263,59350,16,ROUTINE,1,25081,1,1781,37,64051,4701,EU-WEST
7264,21752,6,ROUTINE,2,437278,7,4986,291,42096,20344,US-EAST
7265,41856,11,ROUTINE,3,47415,2,1398,115,47853,5997,US-EAST
7266,48493,13,CRITICAL,3,10446,1,2171,218,52648,4155,US-EAST
7267,45044,12,ROUTINE,2,60777,2,3885,190,56349,11305,EU-CENTRAL
7268,28946,8,CRITICAL,5,392894,5,6348,76,40123,11177,US-EAST
7269,64782,17,CRITICAL,3,12952,2,2655,195,69310,4528,EU-WEST
7270,74786,20,ROUTINE,3,92066,2,3162,71,80211,5425,EU-CENTRAL
7271,79374,22,ROUTINE,1,35835,2,2567,1544,92487,13113,US-EAST
7272,44993,12,CRITICAL,5,214007,4,4255,169,53296,8303,EU-CENTRAL
7273,72429,20,CRITICAL,3,221833,4,5058,295,80666,8237,EU-WEST
7274,41061,11,ROUTINE,1,83147,2,4040,104,55036,13975,US-EAST
7275,82244,22,ROUTINE,2,565922,6,6152,708,104682,22438,US-EAST
7276,51382,14,ROUTINE,3,15252,1,1133,214,61509,10127,EU-CENTRAL
7277,26054,7,CRITICAL,5,9114,2,3463,282,27446,1392,EU-WEST
7278,56416,15,ROUTINE,1,9609,1,1670,46,60785,4369,EU-CENTRAL
7279,71498,19,ROUTINE,1,55907,4,4602,237,81496,9998,EU-CENTRAL
7280,74539,20,CRITICAL,5,275870,8,4767,80,84098,9559,EU-CENTRAL
7281,36033,10,CRITICAL,3,184816,6,4771,295,44168,8135,EU-WEST
7282,31464,8,ROUTINE,3,498533,5,3532,297,46956,15492,EU-WEST
7283,57225,15,ROUTINE,2,37759,2,2961,191,73141,15916,EU-WEST
7284,72853,20,ROUTINE,3,56401,4,4793,24,84087,11234,EU-CENTRAL
7285,50729,14,CRITICAL,3,14476,1,831,172,53221,2492,US-EAST
7286,68190,18,ROUTINE,2,26861,2,1501,576,77760,9570,US-EAST
7287,55618,15,CRITICAL,5,53608,4,5040,68,60135,4517,EU-WEST
7288,85553,23,CRITICAL,3,163961,7,5380,6,94268,8715,EU-WEST
7289,30049,8,ROUTINE,3,86348,2,1608,1989,44579,14530,EU-WEST
7290,67124,18,ROUTINE,1,158775,6,4786,93,80156,13032,US-EAST
7291,36160,10,ROUTINE,2,22842,2,4298,187,49075,12915,US-EAST
7292,76707,21,ROUTINE,2,241973,8,7177,12,95697,18990,US-EAST
7293,48460,13,ROUTINE,1,16273,1,2392,82,59036,10576,EU-CENTRAL
7294,89487,24,CRITICAL,4,442582,8,6263,155,99296,9809,US-EAST
7295,65865,18,ROUTINE,1,466274,6,6203,32,82980,17115,EU-WEST
7296,61999,17,ROUTINE,1,245270,8,4512,236,84048,22049,US-EAST
7297,60179,16,ROUTINE,1,17722,2,2881,567,66276,6097,EU-WEST
7298,55693,15,CRITICAL,5,30375,1,1694,228,57265,1572,EU-WEST
7299,85368,23,ROUTINE,2,259858,4,3712,245,105799,20431,EU-WEST
7300,76287,21,ROUTINE,1,49394,4,2382,281,91772,15485,EU-CENTRAL
7301,84707,23,ROUTINE,1,12344,1,1852,221,96195,11488,EU-CENTRAL
7302,40707,11,ROUTINE,3,21717,1,1076,26,50699,9992,US-EAST
7303,43460,12,ROUTINE,2,218007,7,4242,194,60161,16701,EU-CENTRAL
7304,56361,15,ROUTINE,1,246853,6,3576,203,73685,17324,EU-CENTRAL
7305,64103,17,ROUTINE,1,81030,3,5066,40,73991,9888,EU-CENTRAL
7306,82818,23,CRITICAL,3,85365,2,3850,126,86276,3458,EU-CENTRAL
7307,72356,20,CRITICAL,3,29493,2,1790,251,75293,2937,EU-WEST
7308,25328,7,ROUTINE,1,104414,4,4109,127,42315,16987,US-EAST
7309,27390,7,ROUTINE,1,22826,2,4320,157,31211,3821,US-EAST
7310,77936,21,ROUTINE,1,55646,3,3528,2000,82969,5033,EU-WEST
7311,80381,22,CRITICAL,5,52124,3,2212,71,84116,3735,EU-CENTRAL
7312,29999,8,CRITICAL,4,49974,2,1978,95,35610,5611,EU-WEST
7313,48638,13,ROUTINE,3,433841,4,4504,230,61144,12506,US-EAST
7314,28199,7,ROUTINE,2,199685,8,7562,223,36248,8049,EU-CENTRAL
7315,78981,21,CRITICAL,4,34629,1,3905,163,82619,3638,EU-WEST
7316,89368,24,ROUTINE,1,207203,8,6127,209,106162,16794,EU-WEST
7317,56342,15,ROUTINE,3,50107,4,3990,147,68030,11688,EU-WEST
7318,50022,13,ROUTINE,1,332139,4,5258,26,65190,15168,EU-CENTRAL
7319,61233,17,ROUTINE,2,22180,1,4116,200,75555,14322,EU-CENTRAL
7320,48671,13,ROUTINE,3,19766,2,2349,18,54605,5934,EU-WEST
7321,74039,20,ROUTINE,3,214095,5,4019,296,90938,16899,US-EAST
7322,21950,6,ROUTINE,1,56756,3,3805,179,29338,7388,EU-CENTRAL
7323,63717,17,ROUTINE,1,428902,5,5402,278,81008,17291,EU-WEST
7324,34161,9,CRITICAL,3,160585,4,3400,190,42772,8611,US-EAST
7325,60598,16,CRITICAL,5,44237,4,4171,253,62394,1796,EU-WEST
7326,44337,12,ROUTINE,1,35433,1,1649,1133,48423,4086,US-EAST
7327,80716,22,CRITICAL,5,13725,1,2319,86,85655,4939,US-EAST
7328,79825,22,ROUTINE,1,157018,4,4687,1470,94839,15014,EU-CENTRAL
7329,49900,13,ROUTINE,3,234176,6,5201,149,60757,10857,EU-CENTRAL
7330,35985,9,ROUTINE,3,17034,1,3228,423,42358,6373,EU-WEST
7331,31410,8,ROUTINE,2,38787,1,3773,165,46925,15515,EU-CENTRAL
7332,55824,15,ROUTINE,3,110555,2,3100,44,64202,8378,US-EAST
7333,40989,11,ROUTINE,3,225683,6,4658,217,62629,21640,US-EAST
7334,36647,10,ROUTINE,2,149731,4,3997,225,44554,7907,EU-WEST
7335,51202,14,ROUTINE,3,218528,4,5710,190,69672,18470,EU-WEST
7336,70144,19,ROUTINE,2,125946,4,4254,258,79647,9503,EU-WEST
7337,58952,16,ROUTINE,1,130183,3,3236,60,70972,12020,US-EAST
7338,28098,7,CRITICAL,5,36743,2,4300,12,33645,5547,EU-CENTRAL
7339,82230,22,ROUTINE,2,38538,2,3485,347,98999,16769,EU-WEST
7340,58861,16,ROUTINE,1,97665,3,2452,899,67840,8979,US-EAST
7341,35928,9,ROUTINE,3,437850,7,5180,171,56495,20567,EU-CENTRAL
7342,51181,14,ROUTINE,3,19541,2,2706,108,55119,3938,EU-WEST
7343,44281,12,ROUTINE,2,206276,4,3309,1883,62984,18703,EU-WEST
7344,33498,9,ROUTINE,3,242607,6,4076,135,42050,8552,EU-CENTRAL
7345,31449,8,ROUTINE,1,76009,4,4203,117,48309,16860,EU-CENTRAL
7346,35138,9,CRITICAL,3,21955,1,894,83,38276,3138,EU-WEST
7347,63357,17,CRITICAL,3,310854,5,3894,101,73377,10020,EU-CENTRAL
7348,42829,11,ROUTINE,2,537068,8,6923,217,57369,14540,EU-WEST
7349,28224,7,CRITICAL,3,184802,8,4605,100,34442,6218,EU-WEST
7350,45322,12,ROUTINE,2,35550,1,4300,84,61020,15698,EU-CENTRAL
7351,41318,11,ROUTINE,1,290779,7,6359,1139,55350,14032,EU-WEST
7352,89026,24,CRITICAL,5,23138,1,2312,284,91382,2356,EU-CENTRAL
7353,54612,15,CRITICAL,5,12373,1,2091,171,56582,1970,EU-CENTRAL
7354,73959,20,CRITICAL,3,37151,2,3632,227,76358,2399,US-EAST
7355,78349,21,CRITICAL,3,174339,7,6024,203,85119,6770,US-EAST
7356,52163,14,ROUTINE,1,296673,8,6838,267,65958,13795,EU-WEST
7357,49987,13,ROUTINE,2,53166,3,3511,211,58227,8240,EU-WEST
7358,34649,9,CRITICAL,5,15554,2,4386,92,39478,4829,US-EAST
7359,60799,16,ROUTINE,3,168910,4,5550,86,70773,9974,EU-WEST
7360,38874,10,ROUTINE,3,41831,4,3359,202,42485,3611,EU-WEST
7361,27312,7,ROUTINE,3,41233,3,2917,179,41916,14604,US-EAST
7362,53748,14,ROUTINE,3,91718,3,2242,31,62823,9075,EU-WEST
7363,21913,6,CRITICAL,3,7881,2,3508,151,26785,4872,EU-WEST
7364,31454,8,ROUTINE,2,41925,4,4176,1825,41285,9831,EU-WEST
7365,76982,21,CRITICAL,3,151502,6,6214,130,83051,6069,EU-WEST
7366,53843,14,ROUTINE,1,52117,4,4162,268,66060,12217,EU-CENTRAL
7367,84068,23,ROUTINE,1,54834,3,2892,1117,95732,11664,EU-CENTRAL
7368,84673,23,ROUTINE,3,42761,2,4285,322,96229,11556,EU-CENTRAL
7369,48804,13,ROUTINE,2,177697,5,5039,466,61076,12272,EU-WEST
7370,28768,7,CRITICAL,3,118406,4,3892,121,35772,7004,EU-WEST
7371,69778,19,CRITICAL,3,10847,2,3896,256,72732,2954,US-EAST
7372,87641,24,ROUTINE,3,23416,1,1066,79,90645,3004,US-EAST
7373,42690,11,CRITICAL,4,38273,2,4553,1285,47431,4741,EU-WEST
7374,84606,23,ROUTINE,1,25827,1,1904,26,100835,16229,EU-CENTRAL
7375,62972,17,CRITICAL,4,212358,8,6936,52,71421,8449,US-EAST
7376,75876,21,ROUTINE,3,186321,5,5209,243,91432,15556,EU-WEST
7377,57531,15,ROUTINE,3,97113,3,2768,227,66644,9113,US-EAST
7378,36644,10,CRITICAL,3,145809,3,3540,76,42050,5406,US-EAST
7379,62668,17,ROUTINE,3,6004,2,1911,249,75635,12967,EU-WEST
7380,43394,12,ROUTINE,2,47369,3,3865,55,57758,14364,EU-CENTRAL
7381,32681,9,CRITICAL,3,167858,7,4138,543,39637,6956,EU-CENTRAL
7382,52831,14,CRITICAL,4,257992,4,5742,261,63731,10900,US-EAST
7383,32792,9,ROUTINE,1,11508,1,2048,17,36658,3866,EU-WEST
7384,58696,16,ROUTINE,3,12174,2,1519,1233,72505,13809,EU-CENTRAL
7385,72122,20,ROUTINE,2,52162,4,3876,1956,88114,15992,EU-WEST
7386,44185,12,ROUTINE,1,278727,5,3383,1809,61461,17276,EU-WEST
7387,86376,23,CRITICAL,3,77231,3,3122,32,93005,6629,US-EAST
7388,62145,17,CRITICAL,4,5412,1,3400,218,65231,3086,US-EAST
7389,48837,13,ROUTINE,1,5239,1,1536,940,56997,8160,US-EAST
7390,29307,8,CRITICAL,5,16737,2,1289,1499,30543,1236,EU-CENTRAL
7391,64470,17,ROUTINE,2,5034,2,4403,1161,71238,6768,US-EAST
7392,79378,22,ROUTINE,3,55408,2,3168,208,83568,4190,EU-CENTRAL
7393,63377,17,ROUTINE,2,37377,1,2310,95,67188,3811,EU-CENTRAL
7394,63132,17,ROUTINE,2,104549,3,2390,1606,68683,5551,EU-CENTRAL
7395,50219,13,CRITICAL,4,359105,7,6184,100,59372,9153,EU-WEST
7396,37947,10,ROUTINE,3,542627,7,5643,276,49334,11387,EU-WEST
7397,33783,9,ROUTINE,3,465565,7,7236,118,44329,10546,EU-WEST
7398,71350,19,ROUTINE,2,15233,1,3909,190,74465,3115,EU-CENTRAL
7399,59729,16,CRITICAL,4,276390,7,6208,50,68684,8955,EU-WEST
7400,48276,13,ROUTINE,1,41278,3,2196,1565,60292,12016,EU-WEST
7401,76886,21,ROUTINE,3,534201,5,4294,244,89740,12854,US-EAST
7402,25087,6,CRITICAL,5,56834,3,3857,206,28124,3037,EU-CENTRAL
7403,39926,11,ROUTINE,2,32397,1,1128,114,45490,5564,EU-CENTRAL
7404,54437,15,ROUTINE,2,231693,5,5148,20,64504,10067,EU-CENTRAL
7405,69058,19,ROUTINE,3,115119,4,3906,100,80002,10944,EU-CENTRAL
7406,75286,20,ROUTINE,3,219408,6,6315,1202,94954,19668,EU-WEST
7407,82878,23,ROUTINE,3,12686,1,2381,1939,90948,8070,US-EAST
7408,62767,17,ROUTINE,3,225132,4,2512,96,80073,17306,US-EAST
7409,49336,13,CRITICAL,3,104485,2,3620,216,53140,3804,US-EAST
7410,43779,12,CRITICAL,3,322207,5,6173,299,51487,7708,US-EAST
7411,63658,17,ROUTINE,2,244638,5,5266,168,73161,9503,EU-CENTRAL
7412,44528,12,CRITICAL,5,48202,3,3462,254,47838,3310,EU-WEST
7413,44711,12,CRITICAL,3,44110,4,5668,227,46421,1710,EU-WEST
7414,74151,20,ROUTINE,2,226043,7,6486,1716,85989,11838,US-EAST
7415,58366,16,ROUTINE,2,16856,1,2329,749,72668,14302,EU-WEST
7416,44606,12,ROUTINE,1,20784,2,2975,1865,53137,8531,EU-CENTRAL
7417,27796,7,ROUTINE,2,102040,3,3622,214,42011,14215,EU-WEST
7418,59924,16,ROUTINE,1,37502,2,2982,78,75419,15495,EU-WEST
7419,48818,13,CRITICAL,4,18633,2,4463,193,52728,3910,EU-WEST
7420,31631,8,ROUTINE,3,24050,2,1975,49,42616,10985,US-EAST
7421,84951,23,ROUTINE,2,169499,4,4403,898,97247,12296,EU-WEST
7422,67369,18,CRITICAL,5,184741,6,4581,188,75906,8537,EU-CENTRAL
7423,51989,14,ROUTINE,1,193981,5,4970,27,59915,7926,EU-WEST
7424,66697,18,ROUTINE,2,110565,3,5064,1982,78121,11424,EU-WEST
7425,37699,10,ROUTINE,3,55088,4,2407,48,46104,8405,EU-WEST
7426,70142,19,ROUTINE,1,51809,3,4905,286,77284,7142,US-EAST
7427,61892,17,ROUTINE,3,141178,3,3067,260,74291,12399,EU-WEST
7428,80104,22,ROUTINE,1,14315,1,1403,39,91193,11089,EU-WEST
7429,82161,22,ROUTINE,3,154158,7,5078,184,93788,11627,EU-CENTRAL
7430,78441,21,CRITICAL,3,160361,8,5253,119,86385,7944,EU-WEST
7431,68971,19,ROUTINE,3,35450,1,2899,220,84898,15927,EU-WEST
7432,53351,14,ROUTINE,2,132157,4,4780,95,67472,14121,US-EAST
7433,49534,13,ROUTINE,2,16021,1,4183,1145,64163,14629,US-EAST
7434,50842,14,CRITICAL,3,14922,1,1749,15,55870,5028,US-EAST
7435,71632,19,ROUTINE,2,507007,4,4393,156,89311,17679,US-EAST
7436,53562,14,ROUTINE,3,52278,4,2725,233,63836,10274,EU-CENTRAL
7437,34603,9,CRITICAL,3,228963,7,6329,50,42813,8210,EU-WEST
7438,78284,21,ROUTINE,3,80648,2,4032,43,93237,14953,US-EAST
7439,72715,20,ROUTINE,1,20570,2,3461,1170,77916,5201,EU-WEST
7440,61077,16,ROUTINE,2,119964,3,4225,336,75989,14912,EU-WEST
7441,30085,8,ROUTINE,2,124500,2,1337,136,39810,9725,EU-WEST
7442,34262,9,CRITICAL,3,37072,2,4233,52,39759,5497,EU-WEST
7443,47803,13,CRITICAL,3,29798,1,4213,175,51428,3625,EU-WEST
7444,21996,6,ROUTINE,1,160096,4,4800,294,41410,19414,EU-CENTRAL
7445,68500,19,ROUTINE,2,21856,1,1056,235,72719,4219,US-EAST
7446,49801,13,CRITICAL,3,566177,6,4063,171,61358,11557,EU-WEST
7447,71568,19,ROUTINE,1,26330,2,2678,1062,79006,7438,EU-CENTRAL
7448,50588,14,ROUTINE,1,48226,4,3219,693,61370,10782,EU-CENTRAL
7449,34335,9,ROUTINE,1,114162,3,3795,185,49504,15169,EU-WEST
7450,47202,13,ROUTINE,3,29458,2,3305,113,54582,7380,EU-WEST
7451,28686,7,ROUTINE,3,74679,3,2740,136,44274,15588,US-EAST
7452,82038,22,ROUTINE,1,36586,2,4333,259,87362,5324,EU-WEST
7453,60676,16,ROUTINE,2,22876,2,2125,172,76245,15569,EU-WEST
7454,79966,22,CRITICAL,3,73024,4,3751,266,86238,6272,US-EAST
7455,85651,23,ROUTINE,1,5206,2,4156,1425,101578,15927,US-EAST
7456,43617,12,ROUTINE,1,40339,2,3001,96,50294,6677,EU-CENTRAL
7457,25995,7,ROUTINE,1,503447,7,4722,278,48159,22164,US-EAST
7458,40813,11,CRITICAL,5,58022,3,3891,1419,45640,4827,US-EAST
7459,33999,9,ROUTINE,2,219257,8,6836,111,51282,17283,US-EAST
7460,25297,7,ROUTINE,1,383622,7,5524,846,44978,19681,US-EAST
7461,28078,7,ROUTINE,2,115200,2,3502,242,39338,11260,EU-WEST
7462,23563,6,ROUTINE,3,171867,8,5608,113,38685,15122,US-EAST
7463,64424,17,ROUTINE,3,34217,2,3157,38,80704,16280,US-EAST
7464,66175,18,ROUTINE,1,38205,2,4048,70,82175,16000,US-EAST
7465,42825,11,ROUTINE,2,58887,4,2354,1003,50593,7768,US-EAST
7466,70958,19,ROUTINE,2,33076,1,1562,146,81725,10767,US-EAST
7467,28324,7,ROUTINE,1,182152,8,6502,251,35431,7107,US-EAST
7468,76201,21,ROUTINE,2,412146,8,6310,369,95705,19504,EU-WEST
7469,68105,18,ROUTINE,1,58126,4,3343,1869,82317,14212,EU-WEST
7470,62768,17,CRITICAL,5,434530,7,5709,1421,72507,9739,EU-CENTRAL
7471,48944,13,CRITICAL,3,132353,4,2886,808,54596,5652,EU-WEST
7472,55408,15,CRITICAL,5,330883,4,3914,134,64039,8631,EU-WEST
7473,25051,6,CRITICAL,3,232689,6,4498,181,32308,7257,EU-WEST
7474,51051,14,ROUTINE,3,30461,1,2603,115,55761,4710,EU-CENTRAL
7475,40743,11,CRITICAL,5,168568,4,5351,258,46519,5776,US-EAST
7476,42078,11,ROUTINE,2,24011,1,2134,1909,45129,3051,US-EAST
7477,56532,15,ROUTINE,2,160309,5,5076,36,73686,17154,EU-CENTRAL
7478,47576,13,ROUTINE,3,83328,2,4709,248,63158,15582,US-EAST
7479,50582,14,ROUTINE,2,29214,2,4734,141,62088,11506,EU-WEST
7480,43129,11,ROUTINE,3,84797,4,4871,88,60722,17593,EU-CENTRAL
7481,49674,13,ROUTINE,3,255471,7,3915,63,69772,20098,US-EAST
7482,61159,16,ROUTINE,1,217131,5,3743,682,70731,9572,EU-WEST
7483,28984,8,ROUTINE,1,157815,6,6811,305,44137,15153,EU-WEST
7484,60639,16,ROUTINE,2,86824,2,3969,234,74159,13520,EU-WEST
7485,48958,13,CRITICAL,5,210749,7,5573,89,56626,7668,US-EAST
7486,31896,8,CRITICAL,3,27634,1,3170,269,35045,3149,EU-CENTRAL
7487,77367,21,ROUTINE,1,134674,2,4720,1879,88976,11609,EU-WEST
7488,75395,20,ROUTINE,1,41337,3,5096,268,89575,14180,US-EAST
7489,26475,7,ROUTINE,1,57095,2,3863,49,36359,9884,US-EAST
7490,61867,17,CRITICAL,5,444708,7,5837,299,72891,11024,EU-CENTRAL
7491,75666,21,ROUTINE,2,152126,6,3853,428,92474,16808,US-EAST
7492,42618,11,CRITICAL,3,188928,5,4052,200,51969,9351,EU-WEST
7493,58730,16,ROUTINE,1,491176,5,6341,212,75565,16835,EU-CENTRAL
7494,37124,10,CRITICAL,4,303035,6,4251,1131,45902,8778,EU-CENTRAL
7495,67026,18,ROUTINE,2,40297,4,3203,140,72987,5961,US-EAST
7496,30143,8,CRITICAL,5,34411,2,4752,262,32655,2512,EU-CENTRAL
7497,61114,16,ROUTINE,1,175330,8,7216,41,71903,10789,EU-WEST
7498,81754,22,CRITICAL,3,249303,8,6879,5,92389,10635,US-EAST
7499,35988,9,ROUTINE,2,53260,4,5294,86,43217,7229,US-EAST
7500,29060,8,ROUTINE,1,48448,2,2513,8,38982,9922,US-EAST
7501,44772,12,CRITICAL,3,513439,5,4634,1962,56246,11474,EU-WEST
7502,30077,8,CRITICAL,4,30005,1,2257,22,35073,4996,EU-WEST
7503,85825,23,ROUTINE,3,245966,7,5256,221,98453,12628,US-EAST
7504,88430,24,ROUTINE,1,9712,1,1918,765,98878,10448,US-EAST
7505,39153,10,CRITICAL,3,48461,2,4254,202,45121,5968,EU-CENTRAL
7506,55314,15,CRITICAL,3,44167,2,3003,270,59735,4421,US-EAST
7507,60515,16,ROUTINE,3,168176,6,4558,1717,78108,17593,EU-WEST
7508,76296,21,CRITICAL,5,10779,2,1789,78,81092,4796,EU-WEST
7509,32086,8,ROUTINE,3,7658,1,3157,72,36040,3954,US-EAST
7510,83354,23,ROUTINE,2,68286,3,4482,907,87473,4119,EU-WEST
7511,49428,13,ROUTINE,1,37966,2,2803,1031,64412,14984,EU-CENTRAL
7512,83845,23,ROUTINE,3,350324,7,5335,230,95444,11599,EU-WEST
7513,37025,10,ROUTINE,2,118449,4,5738,202,44836,7811,US-EAST
7514,80885,22,ROUTINE,2,159105,7,6659,111,87873,6988,EU-CENTRAL
7515,54734,15,ROUTINE,1,534680,8,7403,107,70627,15893,EU-WEST
7516,78761,21,ROUTINE,1,175765,7,3913,858,98196,19435,US-EAST
7517,34148,9,ROUTINE,3,578102,6,3662,233,50273,16125,US-EAST
7518,72810,20,CRITICAL,3,27520,1,3811,240,74227,1417,US-EAST
7519,73182,20,ROUTINE,1,256574,4,5638,143,92947,19765,EU-WEST
7520,36088,10,ROUTINE,3,7009,2,4588,150,39374,3286,US-EAST
7521,31704,8,CRITICAL,5,503493,4,2629,197,43075,11371,EU-WEST
7522,81968,22,ROUTINE,3,261118,7,4969,25,100317,18349,EU-CENTRAL
7523,64130,17,CRITICAL,3,58952,4,3924,224,69485,5355,US-EAST
7524,22440,6,CRITICAL,3,27444,1,1097,50,26813,4373,EU-WEST
7525,23427,6,CRITICAL,3,40909,4,2943,115,26255,2828,US-EAST
7526,26026,7,ROUTINE,1,49424,4,4743,1092,32351,6325,EU-WEST
7527,80947,22,ROUTINE,3,74670,2,2479,573,92927,11980,EU-WEST
7528,60428,16,CRITICAL,3,257823,7,7147,293,68358,7930,EU-CENTRAL
7529,27936,7,ROUTINE,1,56703,3,2447,155,38915,10979,EU-CENTRAL
7530,72664,20,ROUTINE,2,21060,2,2739,61,79968,7304,US-EAST
7531,63303,17,CRITICAL,5,44330,3,4848,272,65512,2209,US-EAST
7532,37574,10,ROUTINE,1,79456,2,1704,20,54322,16748,EU-CENTRAL
7533,49388,13,ROUTINE,2,202092,6,5660,585,56869,7481,EU-WEST
7534,51049,14,CRITICAL,3,431929,8,4465,291,62484,11435,US-EAST
7535,26862,7,CRITICAL,5,173761,7,4104,625,32345,5483,US-EAST
7536,34594,9,CRITICAL,5,7625,1,4225,178,35834,1240,EU-WEST
7537,79662,22,ROUTINE,3,180373,6,6814,233,96471,16809,EU-WEST
7538,53055,14,ROUTINE,3,51143,3,2741,118,59936,6881,US-EAST
7539,60942,16,ROUTINE,1,227595,6,5619,284,73020,12078,EU-WEST
7540,31011,8,ROUTINE,1,8705,2,4399,168,36445,5434,EU-CENTRAL
7541,42227,11,ROUTINE,3,69369,3,1859,182,51476,9249,EU-CENTRAL
7542,26244,7,ROUTINE,1,117076,3,5230,230,35549,9305,EU-CENTRAL
7543,33968,9,ROUTINE,3,54413,4,2500,214,46182,12214,US-EAST
7544,23869,6,CRITICAL,3,17997,2,1839,155,25357,1488,EU-WEST
7545,63505,17,ROUTINE,3,299401,6,5906,72,83516,20011,EU-WEST
7546,30525,8,CRITICAL,3,215610,7,5961,281,38142,7617,US-EAST
7547,63140,17,ROUTINE,3,481847,7,6041,81,82580,19440,EU-CENTRAL
7548,72216,20,ROUTINE,2,51393,2,4111,86,76779,4563,EU-WEST
7549,80970,22,CRITICAL,5,157360,5,5770,256,86768,5798,EU-CENTRAL
7550,59797,16,ROUTINE,1,239395,8,4406,38,75427,15630,US-EAST
7551,28648,7,ROUTINE,1,537379,8,5696,136,45558,16910,EU-CENTRAL
7552,59475,16,ROUTINE,1,72981,2,2196,58,64401,4926,US-EAST
7553,39906,11,CRITICAL,3,23103,1,3159,82,44267,4361,EU-WEST
7554,83886,23,CRITICAL,3,26518,2,4279,100,87310,3424,EU-WEST
7555,48348,13,ROUTINE,1,245369,5,4604,275,59898,11550,EU-WEST
7556,40970,11,CRITICAL,3,49720,2,3577,241,43167,2197,EU-WEST
7557,26571,7,ROUTINE,2,104992,3,3860,224,33514,6943,US-EAST
7558,41560,11,ROUTINE,1,11046,2,4064,90,55040,13480,US-EAST
7559,26044,7,ROUTINE,1,197410,4,5040,250,37442,11398,US-EAST
7560,35267,9,ROUTINE,2,105998,4,5086,222,45065,9798,EU-WEST
7561,55226,15,CRITICAL,4,462657,7,3891,223,63296,8070,EU-CENTRAL
7562,24189,6,ROUTINE,3,195005,5,3690,1943,40310,16121,EU-CENTRAL
7563,37026,10,ROUTINE,2,232746,5,5647,160,55320,18294,EU-CENTRAL
7564,34009,9,ROUTINE,2,9948,2,1510,22,36966,2957,EU-WEST
7565,69026,19,ROUTINE,2,36132,1,2126,128,81730,12704,EU-CENTRAL
7566,32021,8,ROUTINE,1,58772,4,3638,238,40528,8507,EU-CENTRAL
7567,83242,23,ROUTINE,1,31632,1,962,18,91089,7847,EU-WEST
7568,55080,15,ROUTINE,1,29056,2,1368,192,63506,8426,US-EAST
7569,75783,21,CRITICAL,3,21322,1,2124,99,78189,2406,US-EAST
7570,36772,10,ROUTINE,1,350416,8,7718,203,58745,21973,EU-CENTRAL
7571,77134,21,ROUTINE,3,195066,8,5658,131,93272,16138,US-EAST
7572,73043,20,ROUTINE,3,520507,7,6852,212,86122,13079,EU-WEST
7573,62652,17,ROUTINE,1,41013,4,4530,190,67577,4925,EU-CENTRAL
7574,62639,17,ROUTINE,2,98469,3,2480,210,69113,6474,EU-WEST
7575,72477,20,ROUTINE,2,219214,7,6383,152,83387,10910,EU-CENTRAL
7576,28644,7,CRITICAL,5,48253,2,3043,10,34278,5634,US-EAST
7577,70518,19,ROUTINE,3,251596,7,6778,212,91454,20936,US-EAST
7578,65224,18,ROUTINE,3,24873,2,1514,50,68693,3469,EU-WEST
7579,63126,17,ROUTINE,3,433514,8,4388,41,83309,20183,EU-CENTRAL
7580,58885,16,ROUTINE,2,36259,2,3764,16,68877,9992,EU-CENTRAL
7581,65409,18,ROUTINE,3,53753,4,2887,51,80317,14908,EU-CENTRAL
7582,61509,17,ROUTINE,2,440802,4,5189,119,74593,13084,US-EAST
7583,65770,18,CRITICAL,3,213955,5,3799,1397,71952,6182,EU-WEST
7584,65227,18,ROUTINE,2,51188,3,3739,205,82137,16910,EU-WEST
7585,37383,10,ROUTINE,2,62694,4,4526,124,50888,13505,EU-WEST
7586,70457,19,ROUTINE,2,27802,1,1881,297,81676,11219,EU-CENTRAL
7587,38507,10,CRITICAL,5,599408,6,6277,1062,49724,11217,EU-CENTRAL
7588,25437,7,CRITICAL,3,51446,3,2411,12,28316,2879,US-EAST
7589,71024,19,ROUTINE,2,50186,3,2170,108,85720,14696,EU-WEST
7590,33111,9,ROUTINE,3,52518,3,2441,716,40553,7442,US-EAST
7591,34691,9,ROUTINE,3,30423,1,2049,220,44235,9544,US-EAST
7592,33335,9,CRITICAL,5,565874,4,2811,102,44927,11592,EU-WEST
7593,84366,23,ROUTINE,2,11687,1,1014,929,88414,4048,EU-WEST
7594,67775,18,ROUTINE,2,332943,4,2813,21,84348,16573,US-EAST
7595,25402,7,ROUTINE,1,26859,1,2685,277,31811,6409,US-EAST
7596,63736,17,ROUTINE,1,61925,3,2487,78,79663,15927,US-EAST
7597,39202,10,ROUTINE,2,59697,4,2433,79,52305,13103,EU-CENTRAL
7598,89285,24,CRITICAL,3,473564,5,3479,906,96991,7706,EU-CENTRAL
7599,50074,13,ROUTINE,3,214801,6,3576,126,62782,12708,US-EAST
7600,51439,14,ROUTINE,2,97218,3,4640,246,65665,14226,EU-WEST
7601,41969,11,CRITICAL,5,22129,1,2011,70,44979,3010,US-EAST
7602,64417,17,ROUTINE,2,26609,1,4090,1005,79757,15340,EU-WEST
7603,45002,12,ROUTINE,1,104439,3,4146,275,61919,16917,EU-WEST
7604,37634,10,ROUTINE,1,206820,4,4287,271,50962,13328,EU-CENTRAL
7605,64725,17,CRITICAL,3,226982,7,3851,1296,75005,10280,US-EAST
7606,50316,13,ROUTINE,2,396001,6,6842,273,69127,18811,EU-CENTRAL
7607,86006,23,ROUTINE,1,70985,4,3127,1126,90509,4503,EU-CENTRAL
7608,26081,7,ROUTINE,1,452211,5,3309,15,46703,20622,EU-CENTRAL
7609,78861,21,ROUTINE,3,41746,2,4410,223,93772,14911,EU-WEST
7610,83820,23,CRITICAL,3,166319,6,6186,85,89390,5570,EU-CENTRAL
7611,37453,10,ROUTINE,2,310221,5,5235,1599,60169,22716,EU-CENTRAL
7612,53969,14,ROUTINE,3,95430,2,4440,308,65911,11942,US-EAST
7613,37178,10,CRITICAL,3,72456,4,2404,191,39686,2508,EU-WEST
7614,77787,21,ROUTINE,3,164368,7,4107,1161,87010,9223,EU-CENTRAL
7615,64399,17,CRITICAL,4,214080,5,3403,1232,70899,6500,EU-WEST
7616,58997,16,CRITICAL,4,467361,4,4801,32,68298,9301,EU-CENTRAL
7617,65543,18,ROUTINE,2,224541,7,6974,1230,78650,13107,EU-WEST
7618,32139,8,ROUTINE,3,133910,4,3954,219,42413,10274,EU-WEST
7619,40496,11,CRITICAL,4,378524,8,7372,448,49180,8684,US-EAST
7620,51627,14,ROUTINE,2,48153,4,2479,299,60011,8384,US-EAST
7621,30201,8,ROUTINE,2,117383,3,4370,206,42381,12180,EU-WEST
7622,36903,10,ROUTINE,3,221350,6,3774,40,47546,10643,EU-WEST
7623,30961,8,CRITICAL,4,191542,8,7731,23,38070,7109,EU-CENTRAL
7624,73961,20,ROUTINE,2,6336,2,4065,99,81751,7790,EU-WEST
7625,89898,24,ROUTINE,1,113298,4,5005,1357,101770,11872,EU-CENTRAL
7626,52195,14,CRITICAL,3,153513,5,3667,176,58570,6375,US-EAST
7627,79899,22,ROUTINE,1,228041,8,7299,1738,92105,12206,US-EAST
7628,42273,11,ROUTINE,3,594092,4,4964,99,62049,19776,US-EAST
7629,69053,19,ROUTINE,1,34140,2,3753,144,81892,12839,US-EAST
7630,67242,18,ROUTINE,3,138103,3,2599,141,83376,16134,EU-WEST
7631,73048,20,CRITICAL,3,270193,5,3273,190,83102,10054,EU-WEST
7632,41375,11,ROUTINE,1,53112,2,1562,150,48173,6798,EU-WEST
7633,62587,17,ROUTINE,2,124824,3,4428,158,70067,7480,EU-CENTRAL
7634,76714,21,ROUTINE,1,36577,1,1483,266,82790,6076,EU-CENTRAL
7635,30703,8,ROUTINE,1,82166,4,3063,8,45616,14913,US-EAST
7636,83583,23,ROUTINE,2,336393,8,6768,1860,95015,11432,EU-WEST
7637,46370,12,ROUTINE,1,241151,5,4718,1823,60952,14582,EU-WEST
7638,62669,17,ROUTINE,1,5768,2,1791,517,77688,15019,EU-CENTRAL
7639,80119,22,ROUTINE,2,100947,2,2561,257,95125,15006,US-EAST
7640,52422,14,ROUTINE,3,35813,2,2202,1217,66322,13900,EU-WEST
7641,63328,17,ROUTINE,3,246894,4,4426,286,75715,12387,EU-WEST
7642,55085,15,ROUTINE,3,181134,6,6162,299,74111,19026,US-EAST
7643,79197,21,ROUTINE,2,102897,4,5864,1252,97023,17826,EU-WEST
7644,34719,9,ROUTINE,1,128628,3,1923,187,41566,6847,US-EAST
7645,84065,23,ROUTINE,1,161174,7,7234,34,95397,11332,US-EAST
7646,34216,9,ROUTINE,1,117351,4,3920,1633,42873,8657,US-EAST
7647,44084,12,ROUTINE,1,46504,2,3893,130,58305,14221,EU-WEST
7648,83360,23,CRITICAL,3,245458,7,5181,46,92376,9016,US-EAST
7649,83770,23,ROUTINE,3,240979,8,5101,165,102517,18747,EU-WEST
7650,57898,16,ROUTINE,1,11843,1,3552,201,62960,5062,EU-WEST
7651,38103,10,CRITICAL,3,6330,2,3099,7,42201,4098,EU-WEST
7652,82600,22,ROUTINE,2,245705,8,7331,175,95982,13382,US-EAST
7653,29705,8,CRITICAL,3,105503,3,2973,80,34177,4472,EU-WEST
7654,43195,11,CRITICAL,4,28148,1,4029,11,44722,1527,EU-WEST
7655,41062,11,CRITICAL,4,69078,3,3615,105,47396,6334,EU-CENTRAL
7656,29375,8,ROUTINE,2,14647,2,4659,230,39684,10309,EU-CENTRAL
7657,88958,24,ROUTINE,1,35320,2,2611,1909,92965,4007,EU-WEST
7658,63900,17,ROUTINE,3,187471,5,3639,226,77282,13382,US-EAST
7659,52180,14,ROUTINE,3,32778,2,3224,209,59928,7748,EU-CENTRAL
7660,86520,24,ROUTINE,2,29338,2,2315,27,100888,14368,EU-CENTRAL
7661,33104,9,ROUTINE,1,336769,7,4453,131,44425,11321,EU-WEST
7662,70069,19,CRITICAL,4,412680,7,6772,126,79923,9854,EU-WEST
7663,39537,10,CRITICAL,5,343378,7,5250,422,48632,9095,US-EAST
7664,69044,19,ROUTINE,3,176216,7,3988,185,83559,14515,EU-WEST
7665,39647,11,ROUTINE,1,28314,1,3119,177,46095,6448,EU-WEST
7666,25447,7,CRITICAL,4,34148,2,1502,217,29544,4097,US-EAST
7667,86098,23,ROUTINE,2,19829,2,4784,159,89311,3213,EU-CENTRAL
7668,43427,12,ROUTINE,2,153460,5,3807,291,56513,13086,EU-CENTRAL
7669,56216,15,CRITICAL,4,139632,3,3653,70,62832,6616,EU-WEST
7670,84086,23,ROUTINE,2,278750,4,3047,160,95039,10953,EU-WEST
7671,27534,7,ROUTINE,3,58812,4,3137,1576,36451,8917,EU-WEST
7672,85712,23,ROUTINE,1,32286,1,2617,276,94688,8976,EU-WEST
7673,67222,18,ROUTINE,3,122840,2,2863,256,83501,16279,EU-CENTRAL
7674,60795,16,ROUTINE,2,83028,2,4773,67,70157,9362,EU-CENTRAL
7675,29217,8,ROUTINE,2,185253,6,5848,17,36875,7658,EU-CENTRAL
7676,37207,10,ROUTINE,2,308288,6,5062,38,47650,10443,US-EAST
7677,40493,11,ROUTINE,3,140798,3,3568,276,51896,11403,US-EAST
7678,36985,10,CRITICAL,5,36056,2,1871,1145,39536,2551,US-EAST
7679,35004,9,CRITICAL,5,139201,3,2769,1342,43191,8187,EU-CENTRAL
7680,47420,13,ROUTINE,3,51065,2,2193,244,56978,9558,EU-WEST
7681,53773,14,ROUTINE,1,16802,1,3431,185,68629,14856,US-EAST
7682,69913,19,CRITICAL,5,24927,1,791,1022,74527,4614,US-EAST
7683,38073,10,ROUTINE,2,147338,2,3656,260,52462,14389,US-EAST
7684,53024,14,ROUTINE,2,214931,5,3293,80,72454,19430,EU-WEST
7685,77110,21,ROUTINE,3,395851,4,5179,54,89877,12767,EU-CENTRAL
7686,31464,8,CRITICAL,3,24635,1,4026,112,34493,3029,EU-WEST
7687,88161,24,CRITICAL,4,32858,2,2676,275,93285,5124,US-EAST
7688,45213,12,ROUTINE,2,22243,1,2166,32,49765,4552,US-EAST
7689,83110,23,ROUTINE,1,157404,4,3865,159,100941,17831,US-EAST
7690,51980,14,CRITICAL,4,19001,2,4597,277,56623,4643,US-EAST
7691,30927,8,ROUTINE,1,16263,1,4318,268,39114,8187,EU-CENTRAL
7692,35738,9,ROUTINE,1,196068,4,4355,902,56193,20455,EU-CENTRAL
7693,75119,20,ROUTINE,3,108233,4,3717,254,84798,9679,US-EAST
7694,50256,13,ROUTINE,3,31626,2,4729,25,57710,7454,EU-WEST
7695,24206,6,ROUTINE,3,27944,1,2449,130,39792,15586,EU-CENTRAL
7696,45809,12,ROUTINE,2,55334,4,3183,54,50888,5079,US-EAST
7697,22455,6,ROUTINE,2,131190,3,3403,284,37948,15493,US-EAST
7698,61618,17,CRITICAL,5,52630,4,2798,62,67666,6048,EU-WEST
7699,49977,13,CRITICAL,5,65121,3,5312,273,52312,2335,EU-CENTRAL
7700,51041,14,ROUTINE,3,150291,6,5419,234,63611,12570,EU-CENTRAL
7701,31938,8,CRITICAL,3,49887,2,4182,51,34310,2372,EU-CENTRAL
7702,32292,8,CRITICAL,4,363744,5,6280,686,41576,9284,EU-WEST
7703,50507,14,ROUTINE,1,338268,6,5649,226,67126,16619,US-EAST
7704,78066,21,ROUTINE,1,48712,3,4997,138,86956,8890,US-EAST
7705,60689,16,ROUTINE,3,27633,2,2382,235,76350,15661,US-EAST
7706,52867,14,ROUTINE,2,37236,2,1645,207,68969,16102,US-EAST
7707,67810,18,ROUTINE,1,66904,4,3051,166,80359,12549,EU-WEST
7708,66793,18,ROUTINE,2,405701,4,5632,1795,77997,11204,US-EAST
7709,23504,6,ROUTINE,3,45857,4,2907,539,28625,5121,US-EAST
7710,32683,9,CRITICAL,3,43368,4,4604,95,37448,4765,EU-CENTRAL
7711,60633,16,ROUTINE,2,478373,4,4153,838,74557,13924,EU-CENTRAL
7712,45540,12,ROUTINE,2,49413,3,4321,10,51282,5742,US-EAST
7713,62355,17,ROUTINE,3,5914,1,2173,43,69989,7634,EU-WEST
7714,21790,6,ROUTINE,3,185568,6,6080,53,36106,14316,EU-WEST
7715,83553,23,CRITICAL,5,27152,1,2160,33,85221,1668,US-EAST
7716,64729,17,ROUTINE,2,15211,1,3514,12,70985,6256,US-EAST
7717,35894,9,CRITICAL,4,123013,2,4255,277,39681,3787,EU-WEST
7718,88749,24,ROUTINE,2,484330,4,2809,73,108377,19628,EU-CENTRAL
7719,46896,13,ROUTINE,1,449271,5,5261,102,66342,19446,EU-CENTRAL
7720,51664,14,ROUTINE,2,16775,1,1536,39,60369,8705,EU-WEST
7721,71745,19,ROUTINE,1,431187,7,4245,63,84757,13012,EU-WEST
7722,35315,9,ROUTINE,3,45099,4,3889,1550,40540,5225,US-EAST
7723,30468,8,CRITICAL,5,177652,4,5828,35,37616,7148,EU-WEST
7724,26532,7,CRITICAL,4,58257,3,3507,1228,30398,3866,US-EAST
7725,63639,17,CRITICAL,3,40719,2,1780,756,67417,3778,EU-WEST
7726,56710,15,ROUTINE,1,216025,7,6403,246,68688,11978,EU-CENTRAL
7727,61019,16,ROUTINE,1,292663,4,2438,95,73160,12141,EU-WEST
7728,35908,9,ROUTINE,2,555075,8,7042,1532,55363,19455,US-EAST
7729,89158,24,ROUTINE,1,464809,6,4512,46,109011,19853,EU-WEST
7730,40921,11,ROUTINE,2,28591,2,3597,1473,53287,12366,US-EAST
7731,84421,23,ROUTINE,1,6567,1,4213,117,91095,6674,EU-WEST
7732,45386,12,ROUTINE,2,544517,7,5308,149,60692,15306,EU-WEST
7733,49517,13,CRITICAL,4,39993,2,4523,109,54961,5444,EU-WEST
7734,26831,7,CRITICAL,3,13550,1,4169,291,31362,4531,EU-CENTRAL
7735,77694,21,ROUTINE,3,559432,8,6148,216,91232,13538,EU-WEST
7736,34466,9,ROUTINE,2,21080,2,3843,287,44236,9770,US-EAST
7737,62189,17,ROUTINE,2,29475,1,1735,90,67814,5625,US-EAST
7738,43085,11,ROUTINE,2,223097,7,5326,132,63486,20401,EU-WEST
7739,64569,17,CRITICAL,3,116540,3,2262,203,69502,4933,US-EAST
7740,50699,14,ROUTINE,1,41740,2,4161,286,64238,13539,EU-WEST
7741,35355,9,ROUTINE,3,321262,6,5575,89,56286,20931,EU-WEST
7742,71010,19,ROUTINE,2,43616,2,2349,182,79980,8970,US-EAST
7743,34678,9,ROUTINE,1,275281,8,5811,193,55056,20378,US-EAST
7744,71545,19,ROUTINE,2,182675,5,5050,169,84283,12738,EU-CENTRAL
7745,62989,17,ROUTINE,3,39522,1,3286,250,79617,16628,US-EAST
7746,39090,10,CRITICAL,4,214939,6,6850,148,48427,9337,EU-CENTRAL
7747,27070,7,ROUTINE,1,48092,2,3732,149,36313,9243,US-EAST
7748,29245,8,CRITICAL,4,154510,7,5202,272,37372,8127,EU-CENTRAL
7749,59059,16,CRITICAL,4,38657,1,1424,1581,61423,2364,EU-WEST
7750,80519,22,ROUTINE,2,122729,3,3030,102,87030,6511,EU-CENTRAL
7751,46023,12,CRITICAL,3,165408,4,2815,113,53710,7687,EU-WEST
7752,83546,23,ROUTINE,2,42032,3,3676,9,94017,10471,EU-CENTRAL
7753,65602,18,ROUTINE,2,245682,8,4772,134,75597,9995,EU-WEST
7754,32455,9,ROUTINE,1,499977,7,6276,58,47125,14670,EU-CENTRAL
7755,34976,9,ROUTINE,1,164779,5,5746,286,50118,15142,EU-WEST
7756,56582,15,ROUTINE,2,232733,5,3338,887,67340,10758,US-EAST
7757,38988,10,CRITICAL,3,28963,1,3478,85,40564,1576,EU-WEST
7758,67969,18,ROUTINE,3,33975,1,2309,291,75723,7754,US-EAST
7759,43637,12,ROUTINE,3,9441,2,3993,122,48966,5329,US-EAST
7760,87755,24,ROUTINE,3,34545,1,1136,119,92153,4398,US-EAST
7761,42295,11,ROUTINE,1,358558,6,5606,531,55540,13245,US-EAST
7762,79560,22,ROUTINE,3,177993,6,3889,23,96685,17125,EU-CENTRAL
7763,43181,11,ROUTINE,1,74137,4,2621,659,53111,9930,EU-WEST
7764,45772,12,CRITICAL,3,57378,3,3755,75,50388,4616,EU-WEST
7765,80973,22,CRITICAL,5,422400,5,2974,102,90253,9280,US-EAST
7766,67719,18,ROUTINE,3,135442,4,3116,1804,84667,16948,US-EAST
7767,61104,16,ROUTINE,3,29866,2,4416,289,71378,10274,EU-CENTRAL
7768,36701,10,ROUTINE,1,268727,8,4944,222,50539,13838,US-EAST
7769,43028,11,ROUTINE,2,47667,4,3390,113,56542,13514,EU-WEST
7770,30836,8,ROUTINE,1,581587,5,4716,228,49072,18236,US-EAST
7771,86327,23,ROUTINE,1,8154,1,3122,265,98700,12373,US-EAST
7772,70767,19,ROUTINE,2,352645,6,5928,86,80506,9739,EU-WEST
7773,89935,24,ROUTINE,3,10258,2,2345,266,97017,7082,US-EAST
7774,37143,10,ROUTINE,1,61768,3,2237,214,53110,15967,EU-CENTRAL
7775,83351,23,CRITICAL,5,59245,3,2059,221,88305,4954,EU-CENTRAL
7776,73533,20,ROUTINE,3,19453,2,2333,54,84464,10931,EU-CENTRAL
7777,31553,8,ROUTINE,1,52375,2,3114,436,37730,6177,EU-WEST
7778,64016,17,ROUTINE,3,494039,8,5077,211,86148,22132,US-EAST
7779,47617,13,ROUTINE,3,38093,1,772,177,53080,5463,EU-CENTRAL
7780,48282,13,ROUTINE,3,31526,2,3212,1858,55427,7145,EU-WEST
7781,52530,14,CRITICAL,3,52735,3,4552,18,57975,5445,EU-WEST
7782,29045,8,ROUTINE,3,33092,2,2702,178,41966,12921,US-EAST
7783,44447,12,ROUTINE,3,55632,4,4861,1186,53534,9087,US-EAST
7784,49740,13,ROUTINE,2,9000,1,1906,159,65247,15507,US-EAST
7785,74009,20,ROUTINE,3,12400,1,3328,298,84097,10088,US-EAST
7786,61764,17,ROUTINE,2,173778,6,5776,1857,77780,16016,US-EAST
7787,34615,9,CRITICAL,5,46273,3,2015,233,38545,3930,EU-WEST
7788,60486,16,ROUTINE,3,545809,7,6603,304,83143,22657,EU-CENTRAL
7789,43321,12,ROUTINE,2,59871,4,3379,206,49492,6171,EU-WEST
7790,72505,20,CRITICAL,5,6616,2,2922,1959,76860,4355,EU-WEST
7791,68628,19,ROUTINE,1,547515,7,5238,55,85746,17118,EU-CENTRAL
7792,34289,9,ROUTINE,1,184959,4,2494,162,47570,13281,US-EAST
7793,38189,10,ROUTINE,1,443027,5,3393,75,56403,18214,US-EAST
7794,43723,12,ROUTINE,2,35222,2,2154,79,57334,13611,US-EAST
7795,45885,12,ROUTINE,1,205470,6,6218,331,58969,13084,EU-CENTRAL
7796,54780,15,CRITICAL,4,149997,2,2500,1407,61064,6284,US-EAST
7797,46007,12,ROUTINE,2,387459,7,4263,116,64987,18980,EU-WEST
7798,23930,6,ROUTINE,1,310337,8,6569,73,46398,22468,US-EAST
7799,39673,11,CRITICAL,3,15225,1,2223,13,43425,3752,EU-WEST
7800,56176,15,ROUTINE,2,144625,3,2895,183,73568,17392,US-EAST
7801,70705,19,ROUTINE,3,230552,5,4485,190,90051,19346,EU-WEST
7802,38278,10,ROUTINE,3,90144,3,3057,69,44915,6637,US-EAST
7803,62557,17,CRITICAL,3,14057,2,2695,132,65017,2460,US-EAST
7804,44142,12,CRITICAL,3,525514,7,5244,286,53454,9312,EU-CENTRAL
7805,84129,23,ROUTINE,2,56415,3,5225,11,90908,6779,EU-WEST
7806,35554,9,ROUTINE,2,12339,2,1796,649,41648,6094,EU-WEST
7807,22881,6,CRITICAL,3,40442,3,3346,175,28125,5244,EU-WEST
7808,35200,9,ROUTINE,3,48035,4,5064,1854,39781,4581,EU-CENTRAL
7809,63998,17,ROUTINE,3,11951,1,1442,684,77814,13816,US-EAST
7810,71054,19,ROUTINE,2,51200,3,2491,256,75226,4172,EU-CENTRAL
7811,81212,22,ROUTINE,1,41222,4,4728,212,90468,9256,EU-CENTRAL
7812,52315,14,ROUTINE,3,204532,8,6666,286,66096,13781,US-EAST
7813,70105,19,ROUTINE,3,324590,8,5066,233,90706,20601,US-EAST
7814,58020,16,ROUTINE,2,14919,1,3944,413,68794,10774,EU-WEST
7815,50714,14,ROUTINE,2,149532,3,4757,685,60875,10161,EU-WEST
7816,62991,17,CRITICAL,5,59503,4,4675,1536,68936,5945,US-EAST
7817,67421,18,ROUTINE,2,26151,2,2527,1797,72753,5332,EU-WEST
7818,43042,11,CRITICAL,3,79652,2,4142,203,46927,3885,US-EAST
7819,48712,13,CRITICAL,5,190733,7,4584,67,58048,9336,US-EAST
7820,75721,21,ROUTINE,1,456716,8,7215,1183,97778,22057,US-EAST
7821,68457,19,ROUTINE,1,10459,2,4101,48,75047,6590,EU-CENTRAL
7822,66939,18,ROUTINE,3,274793,8,5040,231,80824,13885,US-EAST
7823,69967,19,ROUTINE,3,119555,3,1914,194,75949,5982,EU-WEST
7824,32572,9,CRITICAL,5,7439,1,1166,245,35829,3257,US-EAST
7825,77110,21,ROUTINE,1,500704,5,4184,297,92769,15659,EU-WEST
7826,48994,13,ROUTINE,3,214553,7,5097,416,68669,19675,EU-WEST
7827,62924,17,ROUTINE,1,517139,4,3889,186,77621,14697,EU-CENTRAL
7828,46601,12,ROUTINE,2,42647,3,4626,209,54111,7510,US-EAST
7829,28244,7,ROUTINE,1,33434,1,1407,231,35248,7004,US-EAST
7830,30111,8,ROUTINE,1,595972,6,4528,240,42463,12352,EU-WEST
7831,80808,22,CRITICAL,3,240331,8,7325,79,88706,7898,US-EAST
7832,54051,15,CRITICAL,3,35968,1,1234,24,57105,3054,US-EAST
7833,71038,19,ROUTINE,2,32934,1,2268,279,81641,10603,EU-WEST
7834,84204,23,CRITICAL,3,55057,4,4928,167,88617,4413,EU-WEST
7835,68066,18,ROUTINE,1,8891,2,1613,50,83816,15750,EU-WEST
7836,29696,8,ROUTINE,3,59878,3,2522,276,34711,5015,US-EAST
7837,77872,21,ROUTINE,2,39707,1,2308,49,93132,15260,EU-CENTRAL
7838,36123,10,ROUTINE,2,14071,1,4033,150,42274,6151,US-EAST
7839,40380,11,ROUTINE,3,546740,5,4361,264,58642,18262,EU-WEST
7840,82402,22,ROUTINE,2,17544,2,3214,859,87838,5436,EU-WEST
7841,72204,20,CRITICAL,4,25833,2,2859,327,74133,1929,EU-WEST
7842,68813,19,CRITICAL,5,342842,7,4326,46,79186,10373,EU-CENTRAL
7843,54975,15,ROUTINE,1,117894,2,1806,144,61077,6102,US-EAST
7844,42979,11,CRITICAL,3,56486,3,2682,260,47376,4397,EU-WEST
7845,43215,12,ROUTINE,3,46263,3,1957,55,59320,16105,US-EAST
7846,74557,20,ROUTINE,3,140096,4,4531,255,85646,11089,EU-WEST
7847,29521,8,CRITICAL,4,159840,5,5994,72,34358,4837,EU-CENTRAL
7848,83615,23,ROUTINE,3,50885,2,1560,219,91056,7441,US-EAST
7849,74431,20,ROUTINE,1,158784,5,3873,289,91165,16734,EU-WEST
7850,45359,12,ROUTINE,2,17809,2,2843,121,49262,3903,EU-CENTRAL
7851,32203,8,ROUTINE,2,48846,2,4741,167,48007,15804,EU-CENTRAL
7852,56790,15,ROUTINE,2,13892,1,3653,178,60799,4009,EU-WEST
7853,45894,12,ROUTINE,3,51694,2,4044,873,59967,14073,US-EAST
7854,67073,18,ROUTINE,3,31904,2,4460,227,78833,11760,US-EAST
7855,29055,8,CRITICAL,4,24689,2,2456,197,31402,2347,US-EAST
7856,74296,20,ROUTINE,2,186083,7,6216,157,88623,14327,US-EAST
7857,63153,17,CRITICAL,3,95007,2,2910,162,70230,7077,US-EAST
7858,63638,17,CRITICAL,5,523406,8,7738,83,75329,11691,EU-WEST
7859,81831,22,ROUTINE,3,50386,3,1885,41,86625,4794,EU-CENTRAL
7860,58241,16,ROUTINE,1,30398,1,1693,1138,73345,15104,EU-WEST
7861,74742,20,ROUTINE,1,487931,6,4110,219,95119,20377,EU-WEST
7862,43189,11,ROUTINE,1,52420,3,2664,205,48840,5651,EU-WEST
7863,35462,9,ROUTINE,2,36328,2,3503,268,40019,4557,EU-CENTRAL
7864,34160,9,ROUTINE,2,153806,5,5279,42,49786,15626,US-EAST
7865,40766,11,ROUTINE,1,18692,1,3676,1564,46200,5434,EU-CENTRAL
7866,53860,14,ROUTINE,1,45697,2,4391,24,60402,6542,US-EAST
7867,35435,9,ROUTINE,2,217450,7,6683,159,56591,21156,EU-WEST
7868,64588,17,ROUTINE,3,236376,5,6286,105,76029,11441,US-EAST
7869,26962,7,ROUTINE,1,46061,4,5385,96,34369,7407,EU-WEST
7870,33800,9,ROUTINE,2,46684,2,2358,81,41091,7291,EU-CENTRAL
7871,53885,14,CRITICAL,3,170727,5,5342,97,59580,5695,EU-WEST
7872,43588,12,ROUTINE,3,249965,6,5929,260,56481,12893,EU-WEST
7873,76066,21,ROUTINE,3,9218,2,4645,1835,88359,12293,EU-CENTRAL
7874,75494,20,ROUTINE,3,31143,1,1398,298,86344,10850,EU-WEST
7875,67235,18,ROUTINE,2,58895,3,3962,59,83348,16113,US-EAST
7876,26501,7,ROUTINE,2,23829,1,3748,190,32953,6452,EU-CENTRAL
7877,72255,20,ROUTINE,3,25012,1,2938,52,78550,6295,EU-WEST
7878,68862,19,CRITICAL,5,10071,2,2480,1748,73023,4161,US-EAST
7879,31656,8,ROUTINE,1,25666,1,1411,265,35323,3667,US-EAST
7880,70106,19,ROUTINE,1,324204,6,5901,1379,90913,20807,US-EAST
7881,28027,7,ROUTINE,1,489530,5,4076,245,38910,10883,EU-WEST
7882,34121,9,ROUTINE,2,32042,2,3807,160,46525,12404,US-EAST
7883,84173,23,ROUTINE,2,25770,1,1123,163,91567,7394,US-EAST
7884,27708,7,CRITICAL,3,111807,2,4207,279,32487,4779,EU-WEST
7885,43548,12,ROUTINE,3,43188,3,5372,1945,49669,6121,EU-WEST
7886,75232,20,CRITICAL,3,505801,5,3903,18,84845,9613,EU-CENTRAL
7887,81298,22,CRITICAL,4,16697,2,4723,218,83469,2171,EU-CENTRAL
7888,32442,9,CRITICAL,3,45923,2,2568,227,38327,5885,US-EAST
7889,36059,10,CRITICAL,5,26835,1,4107,1134,37486,1427,EU-CENTRAL
7890,86228,23,ROUTINE,2,41765,4,4067,48,92675,6447,EU-WEST
7891,72501,20,ROUTINE,1,148930,3,2438,1841,89184,16683,EU-WEST
7892,38965,10,ROUTINE,1,100728,2,4012,125,49469,10504,EU-CENTRAL
7893,46192,12,ROUTINE,3,507394,7,5738,22,64308,18116,EU-CENTRAL
7894,56013,15,ROUTINE,3,44680,3,5293,267,62562,6549,EU-CENTRAL
7895,39760,11,ROUTINE,2,245290,8,5111,196,49613,9853,EU-CENTRAL
7896,79390,22,ROUTINE,2,122397,3,5238,187,87594,8204,US-EAST
7897,49840,13,ROUTINE,2,572429,6,5069,205,71237,21397,EU-CENTRAL
7898,49497,13,ROUTINE,3,306370,8,4519,156,65092,15595,EU-WEST
7899,28062,7,ROUTINE,3,5624,1,2097,19,39109,11047,US-EAST
7900,70542,19,ROUTINE,3,11459,1,2355,205,76936,6394,EU-CENTRAL
7901,73103,20,ROUTINE,1,17947,1,3719,214,85464,12361,EU-WEST
7902,48324,13,ROUTINE,1,226724,5,3566,94,65924,17600,EU-CENTRAL
7903,25208,7,ROUTINE,2,7751,2,3872,50,41250,16042,EU-WEST
7904,66798,18,ROUTINE,1,420488,8,4793,14,82645,15847,EU-CENTRAL
7905,82810,23,ROUTINE,2,47931,3,2480,25,87753,4943,EU-WEST
7906,75736,21,ROUTINE,2,54340,2,4814,216,84307,8571,EU-WEST
7907,38544,10,CRITICAL,3,315844,4,2806,199,49726,11182,EU-WEST
7908,26617,7,ROUTINE,2,199394,8,5420,287,37224,10607,EU-CENTRAL
7909,69041,19,ROUTINE,1,14081,1,2899,267,77735,8694,EU-WEST
7910,36148,10,ROUTINE,2,21452,1,1219,271,39770,3622,EU-CENTRAL
7911,30112,8,CRITICAL,5,25707,1,2903,555,32910,2798,EU-CENTRAL
7912,34382,9,ROUTINE,2,57329,3,4572,1742,46055,11673,EU-WEST
7913,52674,14,ROUTINE,1,68217,2,3319,147,58649,5975,EU-WEST
7914,57169,15,ROUTINE,1,6908,1,1613,175,65138,7969,EU-WEST
7915,24609,6,ROUTINE,2,31549,1,1211,177,36010,11401,EU-CENTRAL
7916,62314,17,ROUTINE,1,23905,1,2886,1169,76009,13695,EU-CENTRAL
7917,38041,10,CRITICAL,4,557673,6,6712,226,46548,8507,EU-WEST
7918,77876,21,ROUTINE,1,165965,7,6184,224,91307,13431,EU-CENTRAL
7919,55887,15,CRITICAL,4,196247,6,5504,152,64472,8585,EU-CENTRAL
7920,59170,16,CRITICAL,3,548697,7,5290,1068,69613,10443,EU-WEST
7921,33710,9,ROUTINE,1,164576,4,5351,1552,44876,11166,US-EAST
7922,65703,18,ROUTINE,2,519735,4,5289,69,88642,22939,EU-CENTRAL
7923,47186,13,ROUTINE,2,80965,4,3741,471,61725,14539,US-EAST
7924,77675,21,ROUTINE,1,95120,3,3199,116,87752,10077,EU-WEST
7925,45622,12,ROUTINE,2,18865,1,1697,383,52876,7254,EU-WEST
7926,85004,23,CRITICAL,3,38862,2,1772,131,87180,2176,US-EAST
7927,45330,12,CRITICAL,5,93412,2,3669,7,52275,6945,EU-CENTRAL
7928,45152,12,CRITICAL,5,44590,3,4628,212,48686,3534,EU-WEST
7929,63536,17,CRITICAL,4,216170,7,4606,99,70155,6619,US-EAST
7930,59599,16,CRITICAL,4,27309,2,3846,827,64234,4635,EU-WEST
7931,35441,9,ROUTINE,2,38646,2,1343,1265,43248,7807,EU-WEST
7932,69582,19,ROUTINE,1,549019,8,5327,9,79403,9821,EU-CENTRAL
7933,42408,11,ROUTINE,2,11448,2,4100,927,56182,13774,EU-WEST
7934,49928,13,CRITICAL,3,65510,4,3957,84,55069,5141,EU-WEST
7935,42534,11,ROUTINE,2,286755,6,6326,31,58270,15736,EU-WEST
7936,37787,10,ROUTINE,3,416321,5,4569,39,53877,16090,EU-WEST
7937,43782,12,ROUTINE,2,192169,7,6761,325,55983,12201,EU-WEST
7938,51633,14,ROUTINE,1,63856,2,1922,934,68710,17077,EU-CENTRAL
7939,51471,14,ROUTINE,3,173207,4,3869,97,58372,6901,US-EAST
7940,64120,17,ROUTINE,1,222504,5,4327,20,75324,11204,US-EAST
7941,40369,11,CRITICAL,5,31334,1,4113,298,43069,2700,US-EAST
7942,39963,11,CRITICAL,5,16392,2,2952,220,44025,4062,US-EAST
7943,72667,20,CRITICAL,5,29699,2,2074,159,76251,3584,US-EAST
7944,44836,12,ROUTINE,2,28490,1,1918,11,50254,5418,EU-WEST
7945,31489,8,ROUTINE,3,437416,8,5506,37,42639,11150,US-EAST
7946,87970,24,ROUTINE,1,240342,6,6339,9,101167,13197,US-EAST
7947,62926,17,ROUTINE,3,52723,3,2661,490,71760,8834,EU-CENTRAL
7948,59861,16,CRITICAL,3,40542,2,2077,199,62359,2498,EU-CENTRAL
7949,41884,11,ROUTINE,2,200502,6,3952,131,61315,19431,US-EAST
7950,77642,21,ROUTINE,1,22537,2,4455,272,86966,9324,US-EAST
7951,61575,17,ROUTINE,3,292881,7,6419,278,79041,17466,US-EAST
7952,53853,14,ROUTINE,3,20757,2,2940,206,62242,8389,EU-CENTRAL
7953,41314,11,ROUTINE,2,153074,8,4594,97,52765,11451,US-EAST
7954,69227,19,CRITICAL,5,145995,4,4088,134,76435,7208,US-EAST
7955,47534,13,ROUTINE,2,407310,6,6911,34,59639,12105,EU-WEST
7956,51512,14,ROUTINE,2,169212,6,5660,94,58680,7168,EU-WEST
7957,76983,21,ROUTINE,3,40139,2,4795,260,92476,15493,US-EAST
7958,76009,21,ROUTINE,1,15753,1,1764,194,80553,4544,EU-WEST
7959,57979,16,ROUTINE,1,481144,5,3554,36,73857,15878,EU-WEST
7960,83431,23,ROUTINE,2,40233,4,2605,148,94206,10775,EU-WEST
7961,38151,10,ROUTINE,1,151955,6,5217,276,46790,8639,EU-WEST
7962,77417,21,ROUTINE,2,19344,2,1832,84,83572,6155,US-EAST
7963,30136,8,ROUTINE,2,220208,6,5714,237,41880,11744,US-EAST
7964,53653,14,ROUTINE,1,25025,1,2506,80,59471,5818,EU-CENTRAL
7965,53877,14,CRITICAL,4,245643,6,6853,286,61867,7990,US-EAST
7966,47861,13,ROUTINE,3,88987,3,3117,232,52605,4744,EU-CENTRAL
7967,56550,15,ROUTINE,1,381352,4,2622,177,72142,15592,EU-CENTRAL
7968,28109,7,ROUTINE,3,24236,2,1583,61,38385,10276,EU-WEST
7969,56984,15,ROUTINE,1,54467,2,2277,254,61872,4888,EU-WEST
7970,79754,22,CRITICAL,5,341989,7,6876,1086,88780,9026,US-EAST
7971,22832,6,ROUTINE,2,170951,4,3460,213,33193,10361,EU-WEST
7972,60211,16,CRITICAL,3,466887,6,6508,1821,69820,9609,EU-CENTRAL
7973,39768,11,CRITICAL,3,363379,8,7386,281,48735,8967,US-EAST
7974,46143,12,CRITICAL,3,227520,6,4238,19,56107,9964,EU-CENTRAL
7975,64379,17,CRITICAL,4,67604,2,2398,40,69956,5577,EU-WEST
7976,81793,22,ROUTINE,3,181442,5,3249,226,94285,12492,US-EAST
7977,54800,15,CRITICAL,3,81619,2,4770,206,59489,4689,EU-WEST
7978,80307,22,CRITICAL,3,33284,2,4711,162,82827,2520,EU-WEST
7979,26041,7,CRITICAL,4,7170,1,776,590,28931,2890,EU-WEST
7980,32221,8,CRITICAL,5,33133,1,1061,1883,35548,3327,US-EAST
7981,71623,19,ROUTINE,3,158592,8,4585,254,88265,16642,EU-WEST
7982,51418,14,ROUTINE,1,158771,5,3603,280,63826,12408,EU-CENTRAL
7983,85976,23,CRITICAL,4,216498,5,4524,73,93553,7577,EU-WEST
7984,80707,22,CRITICAL,5,51923,4,2558,276,83467,2760,EU-WEST
7985,31191,8,ROUTINE,1,48012,4,5871,1064,42552,11361,EU-CENTRAL
7986,76892,21,CRITICAL,5,34481,2,4150,1266,79918,3026,US-EAST
7987,38920,10,ROUTINE,2,420612,7,6881,545,60201,21281,EU-WEST
7988,55219,15,ROUTINE,3,321900,4,4952,269,67366,12147,EU-CENTRAL
7989,33050,9,ROUTINE,3,31216,1,3197,59,37218,4168,EU-CENTRAL
7990,54928,15,CRITICAL,4,51335,3,3537,92,59899,4971,EU-WEST
7991,40914,11,ROUTINE,3,311238,8,7284,53,60510,19596,US-EAST
7992,75285,20,CRITICAL,4,112967,2,4440,232,80455,5170,US-EAST
7993,43855,12,ROUTINE,2,185277,8,7294,133,58141,14286,EU-WEST
7994,83753,23,ROUTINE,1,113538,3,1873,142,92321,8568,EU-CENTRAL
7995,44605,12,ROUTINE,3,268349,6,6250,193,64251,19646,US-EAST
7996,23743,6,ROUTINE,2,228500,6,6143,258,36913,13170,EU-WEST
7997,31876,8,ROUTINE,3,74292,2,2912,174,41854,9978,EU-CENTRAL
7998,57699,16,CRITICAL,5,364354,6,4014,341,68986,11287,EU-WEST
7999,70475,19,ROUTINE,2,33598,2,2966,146,86209,15734,EU-CENTRAL
8000,85234,23,ROUTINE,1,94094,4,4710,212,93094,7860,EU-WEST
8001,38546,10,ROUTINE,3,40218,4,4047,264,42504,3958,EU-WEST
8002,39477,10,ROUTINE,2,189141,7,7260,238,59444,19967,EU-WEST
8003,57257,15,ROUTINE,1,453636,5,6180,283,77028,19771,EU-WEST
8004,36284,10,ROUTINE,1,164796,8,5400,7,44342,8058,US-EAST
8005,30666,8,ROUTINE,2,280296,8,7278,281,42495,11829,EU-CENTRAL
8006,35050,9,ROUTINE,2,41572,3,3359,191,45051,10001,EU-CENTRAL
8007,86265,23,CRITICAL,3,596727,4,5076,1636,94394,8129,EU-CENTRAL
8008,38944,10,ROUTINE,1,49626,2,4117,77,54183,15239,US-EAST
8009,80997,22,ROUTINE,3,518458,8,7671,295,90919,9922,EU-CENTRAL
8010,28992,8,CRITICAL,3,494691,5,2822,240,38318,9326,EU-WEST
8011,52010,14,CRITICAL,3,99467,4,5586,190,55375,3365,EU-WEST
8012,83734,23,CRITICAL,3,507713,5,3201,295,91417,7683,EU-CENTRAL
8013,41590,11,ROUTINE,2,169216,6,4764,129,53378,11788,US-EAST
8014,44026,12,CRITICAL,3,11654,2,1464,369,44969,943,US-EAST
8015,79793,22,ROUTINE,2,181668,8,5867,735,88626,8833,US-EAST
8016,84841,23,ROUTINE,3,379656,5,4864,10,99449,14608,US-EAST
8017,65909,18,CRITICAL,5,36776,2,2081,11,71432,5523,EU-CENTRAL
8018,31828,8,ROUTINE,3,44088,3,3887,168,38049,6221,EU-WEST
8019,51799,14,CRITICAL,4,55151,2,3527,148,57394,5595,US-EAST
8020,58725,16,CRITICAL,4,349592,8,6968,373,69148,10423,US-EAST
8021,32989,9,ROUTINE,2,34705,2,2548,60,40721,7732,EU-CENTRAL
8022,38941,10,ROUTINE,1,22806,1,1932,274,51301,12360,EU-WEST
8023,42826,11,ROUTINE,1,37445,1,3860,142,47477,4651,EU-CENTRAL
8024,45776,12,ROUTINE,1,51566,2,4311,11,60688,14912,EU-WEST
8025,66682,18,ROUTINE,2,38662,2,4863,285,70303,3621,US-EAST
8026,24673,6,CRITICAL,4,55296,4,2314,152,30288,5615,EU-WEST
8027,34080,9,ROUTINE,3,128227,2,1679,536,42559,8479,US-EAST
8028,80753,22,CRITICAL,3,10009,2,4172,202,84396,3643,US-EAST
8029,86452,24,ROUTINE,1,28102,1,2134,162,90531,4079,EU-CENTRAL
8030,35238,9,ROUTINE,3,47406,2,2330,113,47894,12656,US-EAST
8031,39236,10,ROUTINE,2,247358,5,5299,87,59552,20316,EU-CENTRAL
8032,82167,22,ROUTINE,2,456893,7,3930,57,95205,13038,US-EAST
8033,59480,16,ROUTINE,2,155745,6,6396,149,72990,13510,US-EAST
8034,67894,18,ROUTINE,1,115548,2,1729,99,75110,7216,US-EAST
8035,46699,12,ROUTINE,2,163558,5,3431,1473,53887,7188,EU-WEST
8036,59185,16,CRITICAL,3,34676,2,1870,251,61577,2392,EU-CENTRAL
8037,69221,19,ROUTINE,3,49422,2,1922,138,82505,13284,EU-CENTRAL
8038,62280,17,ROUTINE,2,22788,1,3926,182,71085,8805,EU-WEST
8039,80280,22,ROUTINE,1,45188,3,1988,304,86884,6604,US-EAST
8040,42466,11,ROUTINE,1,440815,5,4858,165,59709,17243,EU-CENTRAL
8041,61417,17,ROUTINE,2,142600,2,2077,287,79350,17933,US-EAST
8042,51444,14,ROUTINE,2,54097,3,4244,112,57261,5817,EU-CENTRAL
8043,65311,18,ROUTINE,1,193145,7,5528,111,79784,14473,EU-WEST
8044,43156,11,CRITICAL,3,451235,4,4731,299,53585,10429,US-EAST
8045,33271,9,ROUTINE,1,127387,2,1355,464,44588,11317,US-EAST
8046,25968,7,ROUTINE,2,404842,8,7667,107,39608,13640,EU-CENTRAL
8047,50483,14,ROUTINE,3,35443,1,2614,1022,56409,5926,EU-CENTRAL
8048,72930,20,ROUTINE,1,408253,5,5126,275,88075,15145,US-EAST
8049,31508,8,ROUTINE,1,446076,8,4976,79,42991,11483,EU-WEST
8050,82675,22,ROUTINE,1,126929,2,2244,200,92816,10141,EU-CENTRAL
8051,54010,15,ROUTINE,2,10269,1,1052,213,69430,15420,EU-WEST
8052,54931,15,ROUTINE,2,19400,1,4138,106,60752,5821,US-EAST
8053,29793,8,ROUTINE,3,45996,4,3882,280,33932,4139,EU-WEST
8054,38938,10,ROUTINE,1,31657,1,1700,267,43651,4713,US-EAST
8055,61800,17,ROUTINE,3,233777,5,6334,23,73438,11638,EU-WEST
8056,65599,18,CRITICAL,4,25486,2,2239,25,67179,1580,EU-WEST
8057,57118,15,CRITICAL,4,142625,3,3761,1689,62886,5768,EU-WEST
8058,58973,16,ROUTINE,2,476763,4,2388,30,76386,17413,EU-CENTRAL
8059,72157,20,ROUTINE,2,169798,6,4294,168,82432,10275,US-EAST
8060,39661,11,ROUTINE,1,70091,4,4343,266,50325,10664,EU-CENTRAL
8061,30402,8,ROUTINE,3,539161,6,3459,120,46317,15915,US-EAST
8062,35804,9,ROUTINE,1,278907,5,4237,10,45296,9492,EU-WEST
8063,67604,18,CRITICAL,4,58224,3,2308,849,72082,4478,EU-CENTRAL
8064,73572,20,ROUTINE,2,489325,6,4610,360,83752,10180,US-EAST
8065,42510,11,ROUTINE,2,190327,6,4465,261,52834,10324,EU-CENTRAL
8066,49046,13,ROUTINE,3,39360,1,1613,288,57725,8679,US-EAST
8067,43773,12,CRITICAL,3,28539,1,3284,1465,47445,3672,EU-WEST
8068,68988,19,ROUTINE,1,245366,5,4316,235,89893,20905,US-EAST
8069,56898,15,CRITICAL,3,260560,4,2956,80,67092,10194,EU-WEST
8070,58077,16,ROUTINE,3,380096,5,4548,451,71411,13334,US-EAST
8071,57582,15,ROUTINE,1,23904,1,1883,92,62449,4867,EU-CENTRAL
8072,59479,16,ROUTINE,2,376860,6,6338,744,75306,15827,EU-CENTRAL
8073,66658,18,ROUTINE,1,168708,5,4462,18,76111,9453,EU-WEST
8074,85423,23,ROUTINE,3,387506,6,3695,262,101840,16417,US-EAST
8075,28186,7,ROUTINE,1,134607,4,4238,1130,37362,9176,US-EAST
8076,74709,20,ROUTINE,1,128113,2,1410,221,81793,7084,EU-CENTRAL
8077,42876,11,ROUTINE,1,136606,3,3718,169,61707,18831,US-EAST
8078,52302,14,ROUTINE,3,29694,1,1695,244,57410,5108,US-EAST
8079,48061,13,CRITICAL,3,12093,1,1878,232,51885,3824,US-EAST
8080,67042,18,CRITICAL,3,30699,1,1365,193,71033,3991,US-EAST
8081,56244,15,CRITICAL,3,5684,1,1667,771,58764,2520,EU-CENTRAL
8082,53826,14,CRITICAL,3,161121,5,4239,1766,62310,8484,EU-WEST
8083,61284,17,CRITICAL,5,14902,2,1844,48,65069,3785,EU-CENTRAL
8084,70532,19,ROUTINE,2,98020,4,4763,54,87326,16794,US-EAST
8085,29136,8,CRITICAL,3,512389,6,6031,12,39104,9968,US-EAST
8086,82254,22,ROUTINE,2,283519,4,4966,242,98679,16425,EU-WEST
8087,71536,19,ROUTINE,3,8417,2,2248,157,82584,11048,EU-WEST
8088,33053,9,CRITICAL,5,523711,7,7269,407,41955,8902,EU-CENTRAL
8089,84338,23,ROUTINE,1,335624,5,2929,59,106827,22489,EU-WEST
8090,70864,19,ROUTINE,2,240453,7,5023,1503,82487,11623,EU-WEST
8091,35563,9,ROUTINE,3,108545,4,3038,254,43748,8185,US-EAST
8092,31753,8,ROUTINE,2,387535,7,4513,7,48754,17001,EU-CENTRAL
8093,49145,13,ROUTINE,3,213181,4,4981,152,65551,16406,EU-WEST
8094,76360,21,ROUTINE,3,428242,4,3878,252,90421,14061,EU-CENTRAL
8095,85068,23,CRITICAL,3,345644,6,3334,34,93361,8293,US-EAST
8096,25823,7,ROUTINE,3,30503,2,1921,122,34039,8216,EU-CENTRAL
8097,37623,10,CRITICAL,5,438533,8,5036,221,47856,10233,US-EAST
8098,81618,22,ROUTINE,1,431024,7,5115,418,98033,16415,US-EAST
8099,31234,8,CRITICAL,4,43794,2,4752,1203,36065,4831,EU-WEST
8100,64665,17,ROUTINE,2,43251,3,4332,43,78782,14117,EU-WEST
8101,81442,22,ROUTINE,3,21370,2,1720,15,89280,7838,EU-WEST
8102,56529,15,CRITICAL,3,216765,4,5497,121,64358,7829,EU-WEST
8103,74396,20,ROUTINE,1,57332,3,3422,203,90951,16555,EU-CENTRAL
8104,39412,10,ROUTINE,1,447030,5,4667,230,59272,19860,EU-CENTRAL
8105,45593,12,ROUTINE,3,23254,2,3771,44,48831,3238,EU-CENTRAL
8106,27980,7,CRITICAL,3,48826,4,4573,588,31428,3448,EU-CENTRAL
8107,47349,13,CRITICAL,5,26997,2,3046,1136,50480,3131,EU-WEST
8108,26887,7,ROUTINE,3,7886,2,2451,138,39456,12569,EU-WEST
8109,78118,21,ROUTINE,2,174310,7,6386,164,88022,9904,EU-CENTRAL
8110,29926,8,ROUTINE,3,135143,3,4215,53,40529,10603,EU-WEST
8111,45154,12,ROUTINE,2,237901,4,4402,298,59325,14171,US-EAST
8112,85235,23,ROUTINE,3,278118,6,6624,185,103519,18284,EU-CENTRAL
8113,83319,23,ROUTINE,2,116442,2,2268,71,99073,15754,EU-CENTRAL
8114,65026,18,ROUTINE,1,52970,3,4147,274,75298,10272,EU-WEST
8115,27976,7,ROUTINE,3,498748,8,7307,12,49638,21662,EU-CENTRAL
8116,47835,13,ROUTINE,2,248880,4,2632,159,59830,11995,EU-WEST
8117,51248,14,CRITICAL,3,44622,2,2354,114,54498,3250,US-EAST
8118,53199,14,CRITICAL,4,349350,8,5421,10,62723,9524,EU-WEST
8119,40118,11,ROUTINE,1,40940,3,5372,183,54313,14195,EU-WEST
8120,86973,24,ROUTINE,3,66634,2,2314,28,97593,10620,EU-WEST
8121,55548,15,ROUTINE,1,41156,4,3911,51,60591,5043,EU-CENTRAL
8122,85117,23,ROUTINE,1,7032,1,1143,212,90613,5496,US-EAST
8123,40651,11,ROUTINE,3,24046,2,3751,68,52519,11868,EU-CENTRAL
8124,46864,13,ROUTINE,1,12049,2,4480,159,54795,7931,EU-CENTRAL
8125,62046,17,CRITICAL,5,228680,8,5655,142,68745,6699,US-EAST
8126,25784,7,CRITICAL,4,5616,1,1588,104,29249,3465,US-EAST
8127,46693,12,ROUTINE,2,135041,2,3192,52,65382,18689,EU-CENTRAL
8128,65573,18,ROUTINE,3,55199,2,2892,94,75638,10065,EU-WEST
8129,35342,9,CRITICAL,4,59322,3,3777,215,38945,3603,EU-WEST
8130,78539,21,ROUTINE,3,309817,7,5796,209,89355,10816,US-EAST
8131,68274,18,ROUTINE,3,238310,6,5967,161,89711,21437,US-EAST
8132,55048,15,ROUTINE,3,564887,8,5128,192,70376,15328,EU-WEST
8133,26663,7,CRITICAL,4,282193,5,4321,272,34409,7746,US-EAST
8134,35854,9,ROUTINE,1,566078,6,4077,192,57071,21217,EU-CENTRAL
8135,59642,16,ROUTINE,1,104443,3,4111,189,67561,7919,US-EAST
8136,33132,9,ROUTINE,3,10378,2,4051,737,40472,7340,EU-CENTRAL
8137,31159,8,CRITICAL,4,29447,1,3840,287,33612,2453,EU-WEST
8138,48524,13,ROUTINE,2,9146,2,1399,202,59695,11171,EU-CENTRAL
8139,36134,10,CRITICAL,4,419947,7,6971,298,45951,9817,EU-WEST
8140,75644,21,ROUTINE,2,200627,7,4856,67,87638,11994,US-EAST
8141,44997,12,ROUTINE,2,221596,8,5659,188,64837,19840,EU-WEST
8142,35238,9,ROUTINE,3,96310,3,2888,336,41171,5933,US-EAST
8143,88979,24,ROUTINE,3,26401,2,3855,64,94085,5106,EU-CENTRAL
8144,42123,11,ROUTINE,3,13341,2,2781,1693,50026,7903,US-EAST
8145,53352,14,ROUTINE,2,174023,5,5089,488,63816,10464,EU-CENTRAL
8146,76066,21,ROUTINE,2,83751,4,3595,1687,93746,17680,US-EAST
8147,69742,19,ROUTINE,3,300637,5,5000,278,89812,20070,US-EAST
8148,74946,20,ROUTINE,1,218835,7,6692,176,87755,12809,US-EAST
8149,31019,8,CRITICAL,3,8371,1,3808,1930,31972,953,EU-WEST
8150,32075,8,ROUTINE,1,44267,4,5398,284,43263,11188,EU-CENTRAL
8151,22713,6,ROUTINE,2,165791,6,5708,225,40488,17775,EU-CENTRAL
8152,84077,23,ROUTINE,3,484997,5,4165,226,105000,20923,US-EAST
8153,41583,11,ROUTINE,1,154114,5,5607,504,55186,13603,EU-WEST
8154,30489,8,ROUTINE,3,28758,1,1783,140,37640,7151,US-EAST
8155,36962,10,ROUTINE,2,64484,3,3286,9,45187,8225,EU-WEST
8156,23605,6,CRITICAL,3,52327,3,4276,249,28060,4455,US-EAST
8157,62461,17,CRITICAL,4,5656,2,3452,279,65558,3097,EU-WEST
8158,89097,24,CRITICAL,4,76802,3,5160,100,92155,3058,EU-WEST
8159,82041,22,ROUTINE,1,58489,3,2678,36,98339,16298,US-EAST
8160,44827,12,ROUTINE,1,42057,4,3875,1745,56068,11241,EU-WEST
8161,28817,8,ROUTINE,3,555022,5,3162,246,50577,21760,EU-CENTRAL
8162,48044,13,ROUTINE,2,34414,1,1478,277,63948,15904,EU-CENTRAL
8163,83730,23,ROUTINE,2,272960,6,6685,194,98024,14294,US-EAST
8164,23982,6,CRITICAL,5,355981,4,2609,224,34547,10565,EU-CENTRAL
8165,60884,16,ROUTINE,1,6190,2,2437,1353,75373,14489,US-EAST
8166,44490,12,CRITICAL,3,268314,8,6093,299,53000,8510,EU-WEST
8167,50050,13,ROUTINE,3,236635,5,3630,12,65944,15894,EU-CENTRAL
8168,62205,17,ROUTINE,3,164670,7,5619,1495,79858,17653,US-EAST
8169,81981,22,ROUTINE,2,458507,7,6120,13,94913,12932,US-EAST
8170,85118,23,CRITICAL,4,88106,2,3792,229,89665,4547,EU-WEST
8171,68018,18,ROUTINE,1,233975,8,6012,263,77751,9733,US-EAST
8172,83425,23,ROUTINE,1,392773,7,6476,72,97839,14414,EU-CENTRAL
8173,49806,13,ROUTINE,1,163373,6,6350,224,67556,17750,EU-CENTRAL
8174,43328,12,ROUTINE,1,37075,1,2773,263,52133,8805,US-EAST
8175,85389,23,CRITICAL,5,50731,2,2157,211,88443,3054,EU-WEST
8176,29290,8,ROUTINE,2,28242,1,997,118,43708,14418,US-EAST
8177,28341,7,ROUTINE,3,44388,4,5678,249,32871,4530,US-EAST
8178,55106,15,CRITICAL,5,289419,6,5534,269,64381,9275,EU-CENTRAL
8179,81139,22,CRITICAL,3,218731,4,4768,289,90051,8912,EU-WEST
8180,69032,19,ROUTINE,1,127738,4,3829,290,84543,15511,EU-CENTRAL
8181,34376,9,ROUTINE,2,33418,2,3917,124,40237,5861,US-EAST
8182,40512,11,ROUTINE,1,58156,4,3076,91,45911,5399,US-EAST
8183,37717,10,ROUTINE,1,139801,4,3717,188,53653,15936,EU-WEST
8184,64999,18,ROUTINE,1,80365,2,2242,202,70384,5385,EU-WEST
8185,71108,19,ROUTINE,1,45743,3,2253,48,76013,4905,EU-WEST
8186,62240,17,ROUTINE,1,88405,3,3809,277,70225,7985,EU-WEST
8187,50389,13,ROUTINE,3,143221,2,3957,50,68961,18572,EU-CENTRAL
8188,44649,12,ROUTINE,1,497958,4,5689,1707,67562,22913,EU-WEST
8189,38484,10,CRITICAL,5,239033,7,4057,46,46469,7985,EU-CENTRAL
8190,75892,21,ROUTINE,1,97527,2,3898,499,80878,4986,EU-WEST
8191,56062,15,ROUTINE,1,245534,7,5528,148,68966,12904,EU-CENTRAL
8192,88639,24,ROUTINE,1,40665,3,5250,260,101443,12804,EU-WEST
8193,74764,20,CRITICAL,3,55794,4,5642,586,77469,2705,EU-WEST
8194,45224,12,CRITICAL,5,49898,3,2558,115,50476,5252,US-EAST
8195,67147,18,ROUTINE,3,151056,8,4998,74,77897,10750,US-EAST
8196,64944,18,CRITICAL,4,552185,4,2350,207,73387,8443,EU-WEST
8197,81295,22,CRITICAL,3,123865,2,2657,11,87361,6066,EU-CENTRAL
8198,69489,19,ROUTINE,1,109766,3,2921,36,77365,7876,EU-WEST
8199,37824,10,ROUTINE,3,29458,1,2937,182,46000,8176,US-EAST
8200,76781,21,CRITICAL,3,59716,3,2526,259,81624,4843,EU-CENTRAL
8201,78226,21,ROUTINE,3,236469,7,6623,225,90891,12665,US-EAST
8202,54512,15,CRITICAL,5,186768,8,5290,64,59842,5330,US-EAST
8203,31733,8,ROUTINE,2,356577,5,4398,19,42781,11048,EU-CENTRAL
8204,83365,23,ROUTINE,2,29238,1,4283,41,88647,5282,EU-WEST
8205,75690,21,ROUTINE,2,17703,1,3387,289,79899,4209,US-EAST
8206,77635,21,ROUTINE,2,32237,2,3855,1500,88452,10817,US-EAST
8207,27979,7,CRITICAL,5,152339,4,3439,212,35269,7290,EU-WEST
8208,47606,13,ROUTINE,1,419068,4,3827,125,58129,10523,EU-WEST
8209,65028,18,CRITICAL,4,22444,2,3754,283,67211,2183,EU-WEST
8210,74515,20,ROUTINE,3,24342,1,4082,100,87837,13322,EU-CENTRAL
8211,38938,10,CRITICAL,3,38650,2,4545,90,43064,4126,US-EAST
8212,26525,7,ROUTINE,3,236336,7,6952,219,42127,15602,EU-WEST
8213,70419,19,ROUTINE,2,213682,5,6221,56,87749,17330,EU-CENTRAL
8214,70077,19,ROUTINE,3,25375,1,1718,1608,83781,13704,US-EAST
8215,65194,18,CRITICAL,4,111760,3,4949,82,71036,5842,EU-CENTRAL
8216,25664,7,ROUTINE,1,5287,2,2256,54,32501,6837,US-EAST
8217,80658,22,ROUTINE,3,208971,4,3115,224,89420,8762,US-EAST
8218,80586,22,ROUTINE,1,12499,2,2145,532,91114,10528,EU-WEST
8219,74728,20,ROUTINE,3,52959,4,4913,364,84225,9497,EU-WEST
8220,73809,20,ROUTINE,1,6857,1,2573,147,89067,15258,EU-CENTRAL
8221,66562,18,ROUTINE,1,43531,2,1672,100,74078,7516,US-EAST
8222,55117,15,CRITICAL,4,216808,8,5670,105,64284,9167,US-EAST
8223,29089,8,CRITICAL,5,362092,5,3833,1507,38504,9415,US-EAST
8224,31549,8,CRITICAL,3,190637,4,5173,46,40510,8961,EU-WEST
8225,32964,9,CRITICAL,4,190457,7,3944,19,39594,6630,EU-WEST
8226,46895,13,CRITICAL,3,99878,3,3288,47,50721,3826,EU-WEST
8227,23987,6,ROUTINE,1,57573,4,3999,40,32627,8640,EU-CENTRAL
8228,34035,9,ROUTINE,3,53469,3,2897,233,43410,9375,EU-WEST
8229,70163,19,ROUTINE,2,8569,1,2408,32,82703,12540,EU-WEST
8230,77096,21,ROUTINE,2,465545,5,3995,53,95173,18077,US-EAST
8231,31384,8,ROUTINE,3,433363,7,5928,122,49453,18069,EU-WEST
8232,29410,8,ROUTINE,1,11417,1,1575,17,43400,13990,EU-CENTRAL
8233,82956,23,CRITICAL,4,55321,2,3405,213,85784,2828,US-EAST
8234,55169,15,ROUTINE,1,548900,8,4807,164,75444,20275,EU-CENTRAL
8235,82028,22,ROUTINE,3,52044,2,4671,110,86689,4661,EU-WEST
8236,68714,19,ROUTINE,3,9265,1,1946,271,71630,2916,US-EAST
8237,54200,15,ROUTINE,3,209237,6,5363,71,72537,18337,US-EAST
8238,40241,11,ROUTINE,2,498872,8,5282,218,56398,16157,EU-WEST
8239,45492,12,ROUTINE,1,546099,7,6746,1944,65333,19841,EU-CENTRAL
8240,63158,17,CRITICAL,5,55447,4,5681,1128,69054,5896,US-EAST
8241,22608,6,ROUTINE,1,23998,1,2440,341,30225,7617,EU-WEST
8242,27153,7,CRITICAL,4,117950,3,3241,277,31501,4348,US-EAST
8243,69755,19,ROUTINE,1,241254,7,5935,15,81953,12198,EU-CENTRAL
8244,46352,12,ROUTINE,1,433197,4,5125,207,57670,11318,US-EAST
8245,85729,23,ROUTINE,1,415268,4,5048,32,108288,22559,EU-WEST
8246,62438,17,ROUTINE,1,36687,1,1758,1138,68668,6230,US-EAST
8247,79763,22,ROUTINE,2,226976,8,6336,256,94303,14540,US-EAST
8248,26093,7,ROUTINE,3,139289,2,2056,208,34415,8322,EU-WEST
8249,39859,11,ROUTINE,3,55507,4,5675,262,57241,17382,US-EAST
8250,43386,12,CRITICAL,4,161920,4,3785,1354,51004,7618,US-EAST
8251,42359,11,CRITICAL,5,17727,2,4303,1291,47595,5236,EU-CENTRAL
8252,57698,16,ROUTINE,3,385299,4,5856,29,75441,17743,EU-WEST
8253,64022,17,CRITICAL,5,171309,7,4464,989,71652,7630,EU-CENTRAL
8254,33149,9,ROUTINE,2,470570,8,7753,136,43649,10500,US-EAST
8255,40248,11,ROUTINE,1,56534,4,5486,1307,55195,14947,US-EAST
8256,82671,22,ROUTINE,1,341101,5,3601,236,100307,17636,US-EAST
8257,38667,10,ROUTINE,2,90800,4,3355,149,54460,15793,EU-CENTRAL
8258,32225,8,CRITICAL,3,173370,7,4020,282,38399,6174,US-EAST
8259,49805,13,CRITICAL,3,5166,2,1427,1935,52633,2828,EU-CENTRAL
8260,65287,18,ROUTINE,1,162110,5,5814,92,79932,14645,US-EAST
8261,25018,6,CRITICAL,3,143407,2,2472,255,30970,5952,EU-WEST
8262,29897,8,CRITICAL,5,113175,4,2384,131,35271,5374,EU-WEST
8263,38294,10,ROUTINE,2,20912,1,3938,259,43373,5079,EU-WEST
8264,30431,8,CRITICAL,4,132590,2,4749,76,34990,4559,EU-WEST
8265,43546,12,ROUTINE,3,124585,2,1567,177,49465,5919,EU-WEST
8266,34446,9,ROUTINE,1,50725,4,5467,280,51695,17249,EU-WEST
8267,37201,10,CRITICAL,3,104738,2,4745,1640,40880,3679,EU-WEST
8268,50520,14,ROUTINE,3,245943,6,5293,157,66037,15517,EU-WEST
8269,80718,22,ROUTINE,3,15745,2,2033,208,94419,13701,EU-WEST
8270,75675,21,CRITICAL,3,175349,4,5185,211,83260,7585,EU-CENTRAL
8271,41753,11,ROUTINE,2,217284,5,5545,178,62290,20537,EU-CENTRAL
8272,76885,21,ROUTINE,2,21016,2,3361,945,87314,10429,EU-CENTRAL
8273,69806,19,CRITICAL,5,369065,7,7210,100,81058,11252,US-EAST
8274,29384,8,ROUTINE,2,66468,2,3674,145,38228,8844,EU-CENTRAL
8275,49852,13,ROUTINE,1,61784,2,2027,1435,65531,15679,EU-WEST
8276,71612,19,ROUTINE,1,52420,3,2125,129,88172,16560,EU-CENTRAL
8277,66894,18,ROUTINE,2,61456,3,3941,266,83552,16658,EU-CENTRAL
8278,71235,19,ROUTINE,2,61736,3,5320,82,82826,11591,US-EAST
8279,49949,13,CRITICAL,4,112104,4,4066,81,53553,3604,EU-WEST
8280,43390,12,ROUTINE,1,19687,1,1391,36,58849,15459,EU-WEST
8281,63942,17,CRITICAL,4,13485,1,2551,167,68395,4453,EU-CENTRAL
8282,54707,15,ROUTINE,3,29570,2,1570,1188,61408,6701,EU-WEST
8283,41100,11,CRITICAL,4,91971,4,5878,58,45265,4165,US-EAST
8284,89974,24,ROUTINE,2,168363,7,4331,983,97109,7135,EU-WEST
8285,51452,14,ROUTINE,2,6103,2,4442,97,61123,9671,EU-WEST
8286,85537,23,CRITICAL,3,46660,4,4286,450,87945,2408,EU-WEST
8287,70882,19,CRITICAL,5,247283,4,3370,54,78146,7264,US-EAST
8288,82840,23,ROUTINE,3,51551,3,5023,433,90530,7690,EU-WEST
8289,64527,17,CRITICAL,5,24868,1,1049,170,68412,3885,EU-CENTRAL
8290,55336,15,CRITICAL,3,597428,8,5180,289,62950,7614,EU-CENTRAL
8291,42444,11,ROUTINE,1,31943,1,3317,83,54266,11822,EU-CENTRAL
8292,52655,14,ROUTINE,1,13431,2,2386,161,57926,5271,US-EAST
8293,46119,12,CRITICAL,4,160648,4,3224,74,52062,5943,US-EAST
8294,31774,8,ROUTINE,1,108992,3,2648,234,45674,13900,EU-WEST
8295,46791,12,ROUTINE,1,52854,4,2979,202,53151,6360,US-EAST
8296,58897,16,ROUTINE,1,36497,1,1181,147,67978,9081,US-EAST
8297,89293,24,CRITICAL,3,10739,1,2716,34,91331,2038,US-EAST
8298,33632,9,ROUTINE,1,10402,2,1782,36,37483,3851,US-EAST
8299,70722,19,CRITICAL,5,218762,5,6190,42,78478,7756,EU-CENTRAL
8300,72228,20,ROUTINE,1,213846,4,4997,83,84385,12157,US-EAST
8301,67703,18,ROUTINE,3,35124,2,2709,125,78910,11207,US-EAST
8302,46372,12,ROUTINE,1,176234,7,5565,28,64663,18291,EU-WEST
8303,26717,7,ROUTINE,3,377458,4,5212,122,42547,15830,EU-WEST
8304,60089,16,CRITICAL,3,241748,7,5304,80,68771,8682,US-EAST
8305,41644,11,CRITICAL,5,221989,5,3783,136,50032,8388,US-EAST
8306,62810,17,CRITICAL,5,234367,6,3560,51,70440,7630,EU-CENTRAL
8307,35679,9,CRITICAL,5,11354,2,3193,1433,39168,3489,EU-CENTRAL
8308,73451,20,ROUTINE,1,24753,1,4213,232,87153,13702,EU-WEST
8309,70210,19,CRITICAL,4,42806,3,3077,112,72730,2520,EU-WEST
8310,53688,14,CRITICAL,3,9372,1,3217,150,55752,2064,US-EAST
8311,88938,24,ROUTINE,2,500749,7,5200,158,103167,14229,US-EAST
8312,57536,15,ROUTINE,1,54601,4,5448,19,74241,16705,EU-WEST
8313,33363,9,CRITICAL,3,107167,2,2502,1785,39676,6313,US-EAST
8314,48586,13,CRITICAL,3,28121,1,3347,115,51482,2896,EU-WEST
8315,22931,6,CRITICAL,5,144896,4,2341,101,31337,8406,EU-WEST
8316,43290,12,CRITICAL,5,243844,5,4346,261,52769,9479,US-EAST
8317,45213,12,ROUTINE,3,143913,2,3606,138,52764,7551,EU-WEST
8318,48833,13,CRITICAL,3,26873,2,1732,12,51942,3109,EU-WEST
8319,60245,16,ROUTINE,1,60624,4,5737,138,70783,10538,EU-CENTRAL
8320,65911,18,ROUTINE,3,229575,7,4858,230,87640,21729,EU-WEST
8321,42256,11,ROUTINE,2,179212,6,5631,138,49559,7303,US-EAST
8322,79905,22,ROUTINE,1,33182,1,2751,1347,96304,16399,EU-CENTRAL
8323,45993,12,ROUTINE,3,450779,5,6370,58,66777,20784,EU-CENTRAL
8324,86703,24,CRITICAL,5,493362,7,6275,290,97023,10320,EU-WEST
8325,86204,23,ROUTINE,1,491608,4,3215,37,102117,15913,EU-CENTRAL
8326,35881,9,ROUTINE,1,109304,2,3410,117,51343,15462,EU-CENTRAL
8327,41881,11,ROUTINE,1,147425,2,3849,19,48764,6883,EU-WEST
8328,60219,16,ROUTINE,2,40118,3,4833,1572,69737,9518,EU-WEST
8329,23214,6,CRITICAL,5,128827,3,3287,170,29299,6085,EU-WEST
8330,26696,7,CRITICAL,3,57643,2,1684,280,30050,3354,US-EAST
8331,81393,22,ROUTINE,3,223594,5,4396,1073,95903,14510,EU-WEST
8332,47543,13,ROUTINE,1,12796,2,3108,133,61514,13971,US-EAST
8333,29499,8,ROUTINE,3,46783,2,4217,1756,42152,12653,EU-WEST
8334,29573,8,ROUTINE,1,303749,6,5461,254,43018,13445,EU-CENTRAL
8335,71225,19,ROUTINE,1,38714,1,2197,43,86834,15609,EU-CENTRAL
8336,26011,7,ROUTINE,3,40895,3,1873,97,42324,16313,US-EAST
8337,48188,13,ROUTINE,1,33780,2,3085,143,62626,14438,EU-WEST
8338,66994,18,ROUTINE,1,13427,1,3771,668,77142,10148,US-EAST
8339,53247,14,ROUTINE,3,182552,5,5340,203,62074,8827,US-EAST
8340,54794,15,ROUTINE,1,129416,4,4704,270,68594,13800,EU-WEST
8341,34457,9,ROUTINE,3,38445,2,4351,267,41039,6582,US-EAST
8342,85008,23,ROUTINE,2,519076,8,5448,51,104266,19258,EU-WEST
8343,49148,13,ROUTINE,2,412294,5,3690,1385,62994,13846,EU-WEST
8344,44821,12,ROUTINE,1,55624,4,5024,87,59003,14182,US-EAST
8345,85143,23,ROUTINE,2,27848,2,3822,15,91650,6507,EU-WEST
8346,82509,22,ROUTINE,3,566926,4,3858,152,104471,21962,EU-CENTRAL
8347,64169,17,ROUTINE,3,12144,2,4629,1433,72973,8804,EU-WEST
8348,33622,9,ROUTINE,1,53893,4,3515,294,49978,16356,EU-WEST
8349,52798,14,ROUTINE,1,34588,2,3402,53,59343,6545,EU-WEST
8350,73703,20,CRITICAL,4,20548,2,2178,194,75166,1463,EU-WEST
8351,55747,15,ROUTINE,3,236152,4,3527,126,71054,15307,US-EAST
8352,74268,20,ROUTINE,1,243923,7,7372,87,92673,18405,EU-WEST
8353,70382,19,ROUTINE,3,548696,4,2458,36,84114,13732,EU-CENTRAL
8354,45332,12,ROUTINE,2,166585,7,6157,41,59798,14466,US-EAST
8355,80383,22,ROUTINE,2,19938,1,1197,158,86049,5666,US-EAST
8356,55606,15,ROUTINE,1,66329,4,3993,53,61473,5867,EU-CENTRAL
8357,75567,20,ROUTINE,1,50373,2,1389,223,81754,6187,EU-CENTRAL
8358,79930,22,CRITICAL,4,90013,2,3543,272,85298,5368,EU-WEST
8359,69781,19,ROUTINE,1,23067,2,3040,61,73994,4213,EU-WEST
8360,88173,24,ROUTINE,3,5651,2,4149,87,91918,3745,EU-CENTRAL
8361,77401,21,CRITICAL,3,58182,4,2824,196,81865,4464,US-EAST
8362,51555,14,ROUTINE,1,57558,4,5098,192,63349,11794,EU-WEST
8363,61113,16,ROUTINE,1,5574,1,2272,28,69431,8318,EU-WEST
8364,22546,6,ROUTINE,1,400294,4,5023,94,39796,17250,EU-WEST
8365,47180,13,ROUTINE,3,558164,4,3469,256,63899,16719,EU-WEST
8366,55784,15,CRITICAL,4,40941,4,5338,284,60723,4939,EU-WEST
8367,68181,18,CRITICAL,3,152984,8,5583,1208,73502,5321,US-EAST
8368,46235,12,ROUTINE,2,199364,5,4630,220,54434,8199,US-EAST
8369,77189,21,ROUTINE,2,489302,4,2452,119,89014,11825,US-EAST
8370,38555,10,ROUTINE,2,220384,4,5663,297,50668,12113,EU-CENTRAL
8371,41342,11,ROUTINE,3,28268,2,1853,120,52426,11084,EU-CENTRAL
8372,76093,21,ROUTINE,2,193884,5,3248,181,84884,8791,US-EAST
8373,32510,9,ROUTINE,2,125242,2,3285,180,49568,17058,US-EAST
8374,27232,7,ROUTINE,2,8092,2,4506,1817,39296,12064,EU-CENTRAL
8375,50675,14,CRITICAL,5,43584,4,4514,134,56308,5633,US-EAST
8376,28926,8,ROUTINE,2,212001,5,4473,251,40366,11440,EU-WEST
8377,80404,22,ROUTINE,1,53661,4,4351,94,93712,13308,US-EAST
8378,40327,11,ROUTINE,3,424314,5,5956,260,54445,14118,EU-WEST
8379,72909,20,ROUTINE,2,26455,2,3199,194,82015,9106,US-EAST
8380,21677,6,ROUTINE,2,203074,8,5818,28,38488,16811,US-EAST
8381,86016,23,ROUTINE,3,181429,7,5276,1430,101000,14984,EU-WEST
8382,79523,22,ROUTINE,2,239995,6,5539,111,100398,20875,EU-WEST
8383,30618,8,ROUTINE,1,31014,2,2852,217,44338,13720,EU-CENTRAL
8384,23950,6,ROUTINE,1,24098,2,4355,227,27399,3449,EU-CENTRAL
8385,50936,14,ROUTINE,1,198080,8,5565,90,68451,17515,EU-WEST
8386,53530,14,ROUTINE,3,17398,2,2685,1803,60259,6729,US-EAST
8387,39597,10,CRITICAL,5,99684,3,3883,26,43474,3877,EU-CENTRAL
8388,78593,21,ROUTINE,2,377430,8,6354,129,93194,14601,EU-CENTRAL
8389,40045,11,ROUTINE,1,63713,3,4682,412,51292,11247,US-EAST
8390,49796,13,CRITICAL,4,15050,1,4003,289,54803,5007,EU-CENTRAL
8391,76901,21,ROUTINE,3,130423,3,1869,183,89187,12286,EU-WEST
8392,46829,13,CRITICAL,3,50815,3,4751,109,48921,2092,US-EAST
8393,25222,7,ROUTINE,2,46079,3,2140,136,31685,6463,US-EAST
8394,28492,7,ROUTINE,1,247842,8,7925,124,47905,19413,US-EAST
8395,84185,23,CRITICAL,4,48958,3,2404,222,88457,4272,US-EAST
8396,72949,20,CRITICAL,4,217490,7,6207,222,82190,9241,US-EAST
8397,27624,7,ROUTINE,2,84685,2,2133,91,41419,13795,EU-CENTRAL
8398,53970,14,ROUTINE,3,6087,1,827,83,64195,10225,US-EAST
8399,21652,6,ROUTINE,3,19119,1,3015,152,27866,6214,US-EAST
8400,30597,8,ROUTINE,1,294103,6,3817,1453,47199,16602,EU-WEST
8401,51607,14,CRITICAL,4,236277,6,3576,157,62005,10398,EU-WEST
8402,28035,7,ROUTINE,2,436940,4,4335,964,41429,13394,EU-CENTRAL
8403,54386,15,CRITICAL,5,57631,3,2155,202,60468,6082,EU-WEST
8404,48181,13,ROUTINE,1,7408,2,2357,97,53747,5566,EU-WEST
8405,79792,22,ROUTINE,3,11378,1,4028,298,94257,14465,US-EAST
8406,88758,24,CRITICAL,4,54235,2,2872,145,92479,3721,EU-WEST
8407,34982,9,ROUTINE,3,28567,1,3176,210,46782,11800,US-EAST
8408,87868,24,CRITICAL,5,10205,1,1808,15,91989,4121,EU-WEST
8409,53425,14,ROUTINE,3,175725,8,5368,199,67820,14395,EU-WEST
8410,47870,13,ROUTINE,2,130007,3,5320,608,63519,15649,US-EAST
8411,25832,7,ROUTINE,2,147461,3,2166,250,42294,16462,EU-WEST
8412,21980,6,ROUTINE,1,90046,2,4176,234,36240,14260,US-EAST
8413,55234,15,ROUTINE,3,95559,2,2907,209,68614,13380,US-EAST
8414,83463,23,ROUTINE,1,233784,7,5241,102,99779,16316,EU-WEST
8415,70391,19,CRITICAL,3,31464,2,2371,14,73935,3544,US-EAST
8416,27241,7,ROUTINE,3,50143,3,4209,299,33518,6277,EU-CENTRAL
8417,36069,10,CRITICAL,4,381826,4,4279,73,44894,8825,EU-WEST
8418,52656,14,CRITICAL,5,115821,4,2734,180,58405,5749,US-EAST
8419,36894,10,ROUTINE,3,76697,3,4784,279,51853,14959,EU-WEST
8420,23908,6,ROUTINE,2,11797,1,3657,47,38928,15020,US-EAST
8421,37293,10,ROUTINE,2,10509,1,2082,94,46477,9184,EU-WEST
8422,60931,16,ROUTINE,2,12407,2,3281,29,64861,3930,EU-WEST
8423,32547,9,CRITICAL,3,44099,4,3141,17,37895,5348,US-EAST
8424,87612,24,ROUTINE,3,51071,2,3996,1269,100733,13121,US-EAST
8425,68832,19,ROUTINE,3,43681,2,4138,124,76810,7978,EU-WEST
8426,31089,8,ROUTINE,1,252415,6,4729,138,43883,12794,US-EAST
8427,61319,17,ROUTINE,3,124640,2,2283,218,70361,9042,EU-WEST
8428,59588,16,CRITICAL,3,462409,6,3837,129,70492,10904,EU-WEST
8429,72752,20,ROUTINE,2,88558,3,3713,88,83346,10594,EU-WEST
8430,83415,23,ROUTINE,2,285122,8,4793,280,101100,17685,EU-WEST
8431,42209,11,ROUTINE,3,76204,2,4096,285,53414,11205,US-EAST
8432,27893,7,CRITICAL,3,47790,2,4855,124,30052,2159,EU-WEST
8433,42886,11,ROUTINE,1,14428,2,1830,1637,51750,8864,US-EAST
8434,62481,17,CRITICAL,4,52733,4,5729,270,67183,4702,US-EAST
8435,45070,12,ROUTINE,1,49537,2,4229,71,57865,12795,EU-CENTRAL
8436,71635,19,CRITICAL,3,29120,2,3121,1744,73731,2096,EU-CENTRAL
8437,27531,7,ROUTINE,3,97058,3,4250,192,38690,11159,EU-CENTRAL
8438,70433,19,ROUTINE,1,578228,6,4753,289,82062,11629,US-EAST
8439,65024,18,ROUTINE,2,241091,4,3095,140,78667,13643,EU-CENTRAL
8440,57815,16,ROUTINE,1,38263,1,3382,16,69694,11879,EU-WEST
8441,85085,23,ROUTINE,3,160029,7,4047,168,102551,17466,US-EAST
8442,83980,23,ROUTINE,1,55886,4,3611,149,88652,4672,EU-CENTRAL
8443,60003,16,ROUTINE,2,54476,2,3948,153,72155,12152,EU-CENTRAL
8444,78336,21,ROUTINE,2,112000,3,2872,586,93757,15421,EU-CENTRAL
8445,78569,21,ROUTINE,3,24045,2,4828,287,82896,4327,EU-WEST
8446,53319,14,CRITICAL,5,400872,5,6168,260,65034,11715,EU-WEST
8447,33821,9,CRITICAL,4,284594,7,4477,203,41918,8097,EU-WEST
8448,74299,20,ROUTINE,1,59120,3,3783,246,85166,10867,EU-WEST
8449,47561,13,ROUTINE,3,91691,2,2039,53,61670,14109,EU-CENTRAL
8450,29023,8,ROUTINE,1,149069,4,4898,93,42530,13507,EU-WEST
8451,88837,24,CRITICAL,4,58579,3,3613,121,91601,2764,EU-CENTRAL
8452,37782,10,CRITICAL,4,90869,3,3215,381,44326,6544,EU-WEST
8453,68522,19,ROUTINE,2,37742,1,2677,88,75938,7416,US-EAST
8454,71703,19,ROUTINE,1,123475,2,4321,115,89270,17567,US-EAST
8455,84374,23,ROUTINE,1,8222,1,1546,1106,98518,14144,EU-CENTRAL
8456,46866,13,ROUTINE,2,490246,4,5565,194,65570,18704,US-EAST
8457,56142,15,ROUTINE,2,77877,3,2653,1547,72057,15915,EU-WEST
8458,32461,9,ROUTINE,2,54230,3,2564,82,47143,14682,EU-CENTRAL
8459,42620,11,CRITICAL,5,34443,2,1559,96,47488,4868,EU-CENTRAL
8460,39931,11,ROUTINE,1,36605,2,4704,126,45926,5995,US-EAST
8461,80222,22,CRITICAL,4,96811,4,5239,194,86807,6585,US-EAST
8462,41950,11,ROUTINE,1,39783,1,1483,17,50112,8162,US-EAST
8463,29444,8,ROUTINE,2,37981,1,1632,259,44681,15237,EU-WEST
8464,30860,8,ROUTINE,3,24138,1,1697,94,36817,5957,US-EAST
8465,85023,23,CRITICAL,4,9651,1,2951,9,87259,2236,EU-CENTRAL
8466,43466,12,ROUTINE,3,361282,8,4405,249,65920,22454,EU-WEST
8467,57489,15,ROUTINE,3,25775,1,893,550,69819,12330,EU-WEST
8468,85362,23,CRITICAL,3,16797,2,1318,615,88524,3162,US-EAST
8469,75182,20,ROUTINE,3,54130,2,3897,113,91235,16053,US-EAST
8470,82399,22,ROUTINE,2,407992,4,5824,85,105392,22993,EU-WEST
8471,36761,10,ROUTINE,1,77670,3,3151,170,54413,17652,EU-CENTRAL
8472,80874,22,CRITICAL,3,24369,2,2898,1761,83043,2169,US-EAST
8473,44640,12,ROUTINE,2,163192,8,7209,311,61728,17088,EU-WEST
8474,66737,18,ROUTINE,3,49932,3,1957,195,80546,13809,US-EAST
8475,83205,23,CRITICAL,4,599851,6,5781,1381,94777,11572,EU-WEST
8476,75900,21,ROUTINE,2,5075,2,4107,277,85638,9738,EU-WEST
8477,83564,23,ROUTINE,3,39299,2,4465,235,95847,12283,US-EAST
8478,32606,9,ROUTINE,2,487074,5,5951,289,44532,11926,EU-CENTRAL
8479,68987,19,ROUTINE,3,56502,4,2365,97,75663,6676,EU-WEST
8480,65728,18,CRITICAL,4,531540,8,5143,274,73457,7729,US-EAST
8481,39660,11,CRITICAL,5,147227,4,4184,286,47308,7648,US-EAST
8482,58924,16,ROUTINE,2,20502,1,1218,391,69848,10924,US-EAST
8483,48689,13,ROUTINE,3,272128,6,5747,98,62704,14015,EU-WEST
8484,59782,16,ROUTINE,1,177345,4,5785,257,71129,11347,US-EAST
8485,51462,14,CRITICAL,4,127905,2,4289,25,59311,7849,EU-WEST
8486,61768,17,CRITICAL,5,44645,2,3383,238,63658,1890,EU-CENTRAL
8487,46293,12,ROUTINE,2,168529,5,3363,242,59337,13044,EU-WEST
8488,80321,22,CRITICAL,3,432318,8,6836,1275,89099,8778,US-EAST
8489,34626,9,ROUTINE,2,31176,2,4201,294,45560,10934,US-EAST
8490,44310,12,CRITICAL,4,99484,2,2243,867,50878,6568,US-EAST
8491,24656,6,ROUTINE,1,325700,6,6469,136,39502,14846,EU-WEST
8492,76252,21,ROUTINE,1,78290,3,2249,150,83213,6961,EU-WEST
8493,24764,6,ROUTINE,3,54652,3,3329,290,37976,13212,EU-WEST
8494,64542,17,ROUTINE,2,150850,8,7885,19,77344,12802,EU-CENTRAL
8495,69520,19,ROUTINE,2,20751,1,3825,193,84622,15102,EU-CENTRAL
8496,24569,6,ROUTINE,2,32011,2,4013,179,28770,4201,EU-CENTRAL
8497,72756,20,CRITICAL,3,540755,5,5012,83,80954,8198,EU-CENTRAL
8498,74160,20,ROUTINE,1,8637,2,3739,51,88509,14349,EU-CENTRAL
8499,60663,16,ROUTINE,3,118623,2,3504,266,70858,10195,US-EAST
8500,70500,19,ROUTINE,3,222836,5,4986,16,85708,15208,US-EAST
8501,48083,13,CRITICAL,4,55924,2,3884,186,52357,4274,EU-CENTRAL
8502,35958,9,ROUTINE,3,52033,3,3391,72,47766,11808,EU-CENTRAL
8503,69214,19,ROUTINE,3,24529,1,3505,1271,83527,14313,US-EAST
8504,46097,12,ROUTINE,1,412268,4,4655,187,59858,13761,EU-WEST
8505,71320,19,CRITICAL,5,410093,7,5066,69,80689,9369,EU-CENTRAL
8506,23173,6,ROUTINE,2,228137,7,5366,168,36516,13343,EU-WEST
8507,29182,8,CRITICAL,3,32172,2,3710,201,33736,4554,US-EAST
8508,27919,7,CRITICAL,5,140228,3,5023,152,34926,7007,EU-WEST
8509,54903,15,CRITICAL,4,56066,4,4257,54,57545,2642,US-EAST
8510,81011,22,ROUTINE,1,146523,3,5283,197,94353,13342,US-EAST
8511,85232,23,ROUTINE,2,41545,2,3365,148,95398,10166,EU-WEST
8512,37776,10,CRITICAL,3,534606,5,4691,123,46546,8770,EU-CENTRAL
8513,42927,11,ROUTINE,3,186953,7,5534,65,57059,14132,US-EAST
8514,57938,16,ROUTINE,3,40866,4,3570,10,67261,9323,US-EAST
8515,54762,15,ROUTINE,2,29220,1,3913,45,64896,10134,EU-CENTRAL
8516,31743,8,ROUTINE,3,35408,1,1165,73,37124,5381,EU-WEST
8517,52394,14,CRITICAL,3,320825,6,5814,142,63310,10916,EU-WEST
8518,79684,22,ROUTINE,3,495418,6,3375,272,97462,17778,EU-CENTRAL
8519,57771,16,ROUTINE,2,331592,5,6032,250,74922,17151,US-EAST
8520,28932,8,ROUTINE,3,49471,4,3601,79,44078,15146,EU-WEST
8521,49476,13,ROUTINE,2,186733,5,3451,1032,58651,9175,EU-WEST
8522,51890,14,CRITICAL,4,15943,2,2311,212,55215,3325,EU-WEST
8523,69720,19,ROUTINE,3,38153,2,3888,162,75560,5840,EU-WEST
8524,25382,7,ROUTINE,2,43098,4,2334,103,41743,16361,US-EAST
8525,34334,9,CRITICAL,5,10147,2,3422,497,37621,3287,EU-CENTRAL
8526,72259,20,ROUTINE,2,83077,2,4405,260,82307,10048,US-EAST
8527,70899,19,CRITICAL,4,384881,8,4982,82,81899,11000,US-EAST
8528,24225,6,CRITICAL,5,86699,2,4636,251,30461,6236,EU-WEST
8529,85882,23,ROUTINE,2,36973,1,1733,234,99889,14007,EU-WEST
8530,30935,8,ROUTINE,2,195119,4,2583,135,49028,18093,EU-CENTRAL
8531,66897,18,ROUTINE,1,52745,2,2987,99,79599,12702,EU-WEST
8532,60045,16,ROUTINE,1,117229,2,3138,155,68850,8805,EU-WEST
8533,31657,8,ROUTINE,2,48543,4,4304,249,37919,6262,EU-CENTRAL
8534,60345,16,ROUTINE,2,27168,2,1354,109,75972,15627,EU-WEST
8535,81390,22,CRITICAL,3,26075,1,4347,73,84944,3554,EU-CENTRAL
8536,82272,22,CRITICAL,5,6410,2,1869,241,84017,1745,EU-WEST
8537,79852,22,CRITICAL,5,143500,3,2503,30,84579,4727,US-EAST
8538,31682,8,ROUTINE,1,379156,4,2322,838,54578,22896,EU-CENTRAL
8539,75938,21,CRITICAL,5,394020,7,6769,238,87059,11121,EU-WEST
8540,52758,14,ROUTINE,1,13725,2,2402,268,59025,6267,US-EAST
8541,87809,24,CRITICAL,3,445697,8,5617,9,96406,8597,EU-WEST
8542,84506,23,ROUTINE,2,245826,4,5544,108,96258,11752,EU-WEST
8543,50426,14,ROUTINE,3,40659,3,5285,85,61378,10952,EU-CENTRAL
8544,64892,18,CRITICAL,5,220226,4,3887,168,71612,6720,US-EAST
8545,61060,16,ROUTINE,1,423949,6,5927,1286,80258,19198,US-EAST
8546,50175,13,CRITICAL,4,563540,6,3342,243,60389,10214,US-EAST
8547,41011,11,ROUTINE,1,301626,8,5642,224,59714,18703,EU-WEST
8548,28114,7,CRITICAL,5,361146,4,3197,68,39453,11339,EU-CENTRAL
8549,44010,12,CRITICAL,3,21350,1,1925,68,48624,4614,EU-WEST
8550,65836,18,ROUTINE,2,414889,8,6448,236,76870,11034,EU-WEST
8551,61910,17,ROUTINE,1,50105,4,5519,45,76650,14740,US-EAST
8552,82629,22,ROUTINE,2,14408,2,2526,1842,94932,12303,EU-WEST
8553,39555,10,ROUTINE,3,54973,4,4256,1842,45261,5706,EU-WEST
8554,67819,18,ROUTINE,3,9379,2,1561,285,72597,4778,EU-CENTRAL
8555,58543,16,ROUTINE,2,40234,3,2299,304,74398,15855,EU-WEST
8556,75630,21,ROUTINE,2,39700,1,1386,11,92540,16910,US-EAST
8557,57664,16,CRITICAL,3,8778,2,3663,1226,60787,3123,EU-WEST
8558,70748,19,ROUTINE,2,405355,8,5999,204,89531,18783,US-EAST
8559,89365,24,ROUTINE,2,47237,3,3713,144,93608,4243,US-EAST
8560,77035,21,CRITICAL,4,51527,3,5069,147,79692,2657,US-EAST
8561,22659,6,CRITICAL,4,12297,1,3251,111,24980,2321,EU-WEST
8562,22757,6,CRITICAL,3,225680,5,4797,13,31017,8260,EU-WEST
8563,64985,18,CRITICAL,4,34679,1,1634,43,70211,5226,EU-CENTRAL
8564,56541,15,ROUTINE,3,55049,4,3547,153,65513,8972,US-EAST
8565,55761,15,ROUTINE,1,57343,2,3630,168,71603,15842,US-EAST
8566,34887,9,ROUTINE,1,13805,2,1423,255,41312,6425,EU-CENTRAL
8567,29147,8,CRITICAL,5,10237,2,3401,944,34198,5051,EU-WEST
8568,69033,19,CRITICAL,4,571310,4,2506,172,79193,10160,EU-CENTRAL
8569,63817,17,ROUTINE,2,75149,3,2555,180,76004,12187,US-EAST
8570,65538,18,ROUTINE,2,69962,3,2219,660,75568,10030,US-EAST
8571,41247,11,CRITICAL,3,316742,7,5337,260,52963,11716,EU-WEST
8572,54782,15,ROUTINE,2,18478,1,1075,273,58288,3506,EU-WEST
8573,61372,17,ROUTINE,2,240682,8,5811,1870,82075,20703,EU-WEST
8574,71409,19,ROUTINE,1,32326,1,2183,107,77525,6116,US-EAST
8575,68336,18,ROUTINE,3,203641,6,3824,211,76791,8455,US-EAST
8576,43247,12,CRITICAL,3,15963,2,3849,186,45954,2707,US-EAST
8577,74041,20,ROUTINE,1,214132,4,4883,295,85024,10983,EU-WEST
8578,44382,12,ROUTINE,3,33051,2,4829,143,49802,5420,EU-CENTRAL
8579,30481,8,CRITICAL,3,37726,1,4287,314,34245,3764,US-EAST
8580,78760,21,ROUTINE,3,55125,4,5600,128,90688,11928,EU-WEST
8581,41257,11,ROUTINE,2,58507,2,3620,219,53054,11797,EU-CENTRAL
8582,68165,18,ROUTINE,2,48029,3,2309,25,76549,8384,EU-WEST
8583,44736,12,CRITICAL,3,55709,2,4480,253,48215,3479,EU-CENTRAL
8584,84333,23,ROUTINE,3,59387,2,2761,241,92761,8428,EU-CENTRAL
8585,25926,7,ROUTINE,3,16948,1,3140,204,35528,9602,EU-CENTRAL
8586,69342,19,ROUTINE,1,59321,2,2757,1951,82426,13084,US-EAST
8587,79612,22,CRITICAL,5,141935,4,4267,171,85649,6037,EU-CENTRAL
8588,22485,6,ROUTINE,3,114438,3,2758,1474,37367,14882,EU-WEST
8589,42068,11,ROUTINE,1,72933,3,4823,193,46960,4892,EU-CENTRAL
8590,78217,21,CRITICAL,4,182095,8,4366,202,87505,9288,EU-WEST
8591,43566,12,CRITICAL,5,272007,4,3251,267,53386,9820,EU-WEST
8592,82589,22,ROUTINE,3,230884,5,5494,251,102056,19467,EU-CENTRAL
8593,33247,9,ROUTINE,3,34865,2,1405,8,45540,12293,EU-WEST
8594,35551,9,ROUTINE,1,11974,2,3678,23,49004,13453,EU-CENTRAL
8595,36614,10,ROUTINE,1,49196,4,5367,287,45981,9367,US-EAST
8596,82433,22,ROUTINE,2,356504,5,4862,106,92885,10452,EU-WEST
8597,64580,17,ROUTINE,1,57865,4,4052,155,78497,13917,EU-WEST
8598,67414,18,CRITICAL,5,173819,5,5094,1542,72905,5491,US-EAST
8599,50219,13,CRITICAL,3,55940,4,3738,1080,55507,5288,EU-WEST
8600,66215,18,CRITICAL,5,330145,8,6101,155,76197,9982,EU-CENTRAL
8601,42362,11,ROUTINE,2,7354,2,2576,127,57612,15250,US-EAST
8602,75960,21,ROUTINE,3,85809,4,2716,1324,82314,6354,EU-CENTRAL
8603,37619,10,CRITICAL,3,136399,4,3909,192,44964,7345,EU-WEST
8604,68675,19,CRITICAL,3,194953,7,3992,213,76165,7490,US-EAST
8605,27480,7,ROUTINE,1,23897,2,2761,81,42499,15019,EU-WEST
8606,79519,22,ROUTINE,2,188495,4,5406,258,88303,8784,US-EAST
8607,88079,24,ROUTINE,2,122337,2,3117,67,97368,9289,EU-WEST
8608,51343,14,CRITICAL,5,589924,7,5387,204,59937,8594,US-EAST
8609,29355,8,ROUTINE,3,11016,1,2386,138,38981,9626,EU-CENTRAL
8610,84132,23,CRITICAL,3,15091,2,4748,198,85267,1135,US-EAST
8611,26095,7,ROUTINE,3,52654,3,2668,111,35692,9597,EU-WEST
8612,58632,16,CRITICAL,5,21952,2,2216,84,61438,2806,US-EAST
8613,58016,16,ROUTINE,2,45637,2,4712,1985,63796,5780,EU-WEST
8614,56524,15,ROUTINE,1,406615,6,3368,215,78084,21560,EU-CENTRAL
8615,69272,19,ROUTINE,3,15533,2,2230,43,83736,14464,EU-WEST
8616,34163,9,CRITICAL,4,37759,1,1867,84,37055,2892,EU-WEST
8617,52524,14,ROUTINE,2,38317,1,801,414,66729,14205,EU-WEST
8618,80492,22,ROUTINE,2,303598,8,7053,240,95949,15457,EU-WEST
8619,40332,11,ROUTINE,1,160668,8,7726,204,56594,16262,US-EAST
8620,81767,22,ROUTINE,2,21850,1,896,42,93266,11499,EU-CENTRAL
8621,41392,11,ROUTINE,3,91735,4,4432,66,58894,17502,EU-CENTRAL
8622,50129,13,CRITICAL,5,547026,4,5530,26,60456,10327,EU-CENTRAL
8623,37822,10,ROUTINE,1,394205,5,3996,136,59209,21387,EU-WEST
8624,73034,20,ROUTINE,2,36085,2,4102,298,82341,9307,EU-WEST
8625,72698,20,ROUTINE,2,14944,1,1183,449,77206,4508,EU-WEST
8626,65197,18,CRITICAL,5,530875,6,3629,1923,76881,11684,EU-CENTRAL
8627,36948,10,ROUTINE,2,472801,5,5080,14,46601,9653,US-EAST
8628,34074,9,ROUTINE,1,132219,3,1918,181,45143,11069,US-EAST
8629,33109,9,ROUTINE,2,48230,3,2422,256,44518,11409,EU-CENTRAL
8630,44980,12,ROUTINE,3,35985,2,4014,281,56555,11575,EU-WEST
8631,41821,11,ROUTINE,2,143769,2,3585,386,58064,16243,US-EAST
8632,59631,16,ROUTINE,2,104478,3,2309,1763,73104,13473,EU-WEST
8633,46133,12,ROUTINE,2,26666,2,1296,252,60712,14579,EU-WEST
8634,23235,6,ROUTINE,2,57924,2,2987,9,34253,11018,US-EAST
8635,39536,10,CRITICAL,5,505591,5,2855,60,50448,10912,EU-CENTRAL
8636,56445,15,ROUTINE,3,191438,6,3782,99,69302,12857,EU-CENTRAL
8637,32261,8,CRITICAL,3,68808,4,3472,243,34920,2659,EU-WEST
8638,43054,11,CRITICAL,5,41036,3,2656,219,44917,1863,EU-WEST
8639,75387,20,ROUTINE,3,368785,7,5007,283,92113,16726,EU-CENTRAL
8640,51177,14,CRITICAL,3,40558,3,3854,14,55644,4467,EU-WEST
8641,53116,14,CRITICAL,4,172588,5,2974,295,59265,6149,US-EAST
8642,71245,19,ROUTINE,1,78996,4,5195,23,79976,8731,US-EAST
8643,69335,19,ROUTINE,3,97850,3,3862,576,82378,13043,EU-WEST
8644,87000,24,ROUTINE,3,56796,2,4523,237,102767,15767,US-EAST
8645,49083,13,ROUTINE,2,18130,1,3888,1917,58389,9306,EU-CENTRAL
8646,34858,9,CRITICAL,3,172595,6,5665,160,41341,6483,EU-WEST
8647,87150,24,ROUTINE,1,184794,4,3778,293,98963,11813,EU-CENTRAL
8648,34494,9,CRITICAL,4,24610,1,1525,224,36367,1873,US-EAST
8649,27809,7,ROUTINE,1,311881,5,3728,528,43686,15877,US-EAST
8650,82024,22,CRITICAL,3,147812,3,4408,1201,87619,5595,EU-WEST
8651,57101,15,ROUTINE,3,312572,5,4524,208,78295,21194,EU-WEST
8652,60541,16,ROUTINE,3,300933,7,4671,668,79764,19223,EU-WEST
8653,30911,8,ROUTINE,2,21833,2,1782,117,34303,3392,EU-CENTRAL
8654,32969,9,ROUTINE,3,55379,4,5426,227,39450,6481,EU-WEST
8655,56052,15,ROUTINE,1,187611,4,5152,221,67789,11737,EU-WEST
8656,50642,14,ROUTINE,1,11916,2,4321,176,55711,5069,US-EAST
8657,28378,7,ROUTINE,1,364669,4,4645,73,38554,10176,EU-CENTRAL
8658,75511,20,ROUTINE,3,29985,1,2939,233,82346,6835,EU-WEST
8659,55662,15,ROUTINE,2,540471,8,6238,56,74610,18948,EU-CENTRAL
8660,83443,23,ROUTINE,2,589624,8,6870,230,99945,16502,EU-CENTRAL
8661,27995,7,ROUTINE,1,59297,4,4157,212,42671,14676,US-EAST
8662,32862,9,CRITICAL,5,323857,6,6034,231,44386,11524,EU-CENTRAL
8663,45407,12,ROUTINE,3,5897,2,3191,9,48816,3409,EU-WEST
8664,51772,14,ROUTINE,2,516881,6,4191,1140,74229,22457,US-EAST
8665,63457,17,ROUTINE,2,190334,4,4511,272,70623,7166,EU-CENTRAL
8666,73465,20,CRITICAL,3,59700,4,3738,48,78671,5206,EU-CENTRAL
8667,84014,23,CRITICAL,4,200693,6,5855,298,90756,6742,EU-CENTRAL
8668,75105,20,ROUTINE,2,150626,4,5834,18,85341,10236,US-EAST
8669,80009,22,ROUTINE,2,49867,4,5805,1126,94331,14322,EU-WEST
8670,79943,22,CRITICAL,4,55991,3,4842,290,84752,4809,US-EAST
8671,53005,14,CRITICAL,5,191605,6,4544,219,61667,8662,US-EAST
8672,46970,13,ROUTINE,2,204041,5,6046,1982,60895,13925,US-EAST
8673,48136,13,ROUTINE,1,152289,6,3597,209,59797,11661,EU-CENTRAL
8674,81871,22,ROUTINE,2,129648,3,3640,242,96084,14213,EU-WEST
8675,86571,24,ROUTINE,3,18466,1,2372,48,99167,12596,US-EAST
8676,80020,22,ROUTINE,2,58733,4,4910,145,91607,11587,EU-WEST
8677,46332,12,ROUTINE,3,160101,5,5807,154,58752,12420,EU-WEST
8678,40481,11,ROUTINE,1,100788,3,3798,115,49102,8621,EU-WEST
8679,42100,11,CRITICAL,5,335156,7,6602,179,52133,10033,EU-WEST
8680,25487,7,ROUTINE,3,58375,4,5248,67,41307,15820,EU-WEST
8681,79038,21,ROUTINE,2,190824,4,3534,178,98866,19828,EU-WEST
8682,42805,11,ROUTINE,3,297043,4,2624,147,61046,18241,EU-WEST
8683,27455,7,ROUTINE,1,13251,2,1372,208,40937,13482,EU-WEST
8684,80855,22,ROUTINE,2,178092,7,6675,280,97661,16806,EU-CENTRAL
8685,42707,11,ROUTINE,2,102044,4,4593,150,56938,14231,US-EAST
8686,36853,10,ROUTINE,3,9029,1,812,169,48267,11414,EU-WEST
8687,85882,23,CRITICAL,5,345223,7,3891,802,94376,8494,US-EAST
8688,36990,10,CRITICAL,3,243582,8,6561,143,46743,9753,US-EAST
8689,47775,13,ROUTINE,1,59839,3,3959,966,62520,14745,US-EAST
8690,31642,8,ROUTINE,2,17749,2,4803,222,42495,10853,US-EAST
8691,46931,13,CRITICAL,5,243484,6,5867,187,57281,10350,EU-CENTRAL
8692,70147,19,ROUTINE,3,14329,2,3272,190,78870,8723,EU-WEST
8693,69770,19,ROUTINE,2,196472,8,5488,183,85403,15633,US-EAST
8694,34186,9,ROUTINE,1,53626,2,3311,152,49536,15350,EU-WEST
8695,67547,18,CRITICAL,3,13275,1,794,58,72474,4927,EU-WEST
8696,86241,23,ROUTINE,1,343327,5,6223,78,107271,21030,US-EAST
8697,40615,11,CRITICAL,5,42416,2,2351,62,43242,2627,EU-CENTRAL
8698,40306,11,ROUTINE,1,24418,1,1052,70,51710,11404,US-EAST
8699,31034,8,CRITICAL,4,11809,2,1491,1578,33170,2136,EU-WEST
8700,52220,14,ROUTINE,1,183605,7,3843,221,66291,14071,US-EAST
8701,51069,14,CRITICAL,3,110442,2,1632,69,58308,7239,EU-CENTRAL
8702,59953,16,CRITICAL,5,7100,1,2885,122,62001,2048,EU-WEST
8703,81290,22,ROUTINE,2,202338,6,4422,293,92473,11183,EU-WEST
8704,25821,7,ROUTINE,1,17729,1,2718,238,40589,14768,EU-CENTRAL
8705,80711,22,CRITICAL,3,211153,4,3374,158,90232,9521,EU-CENTRAL
8706,25323,7,ROUTINE,3,15948,2,4815,1846,32003,6680,EU-WEST
8707,32985,9,ROUTINE,1,132053,3,4198,34,39870,6885,EU-WEST
8708,39953,11,ROUTINE,2,201845,6,3732,36,49029,9076,US-EAST
8709,62266,17,ROUTINE,3,249517,5,4434,322,79072,16806,US-EAST
8710,59017,16,ROUTINE,3,502948,8,7719,1120,73734,14717,EU-WEST
8711,46311,12,CRITICAL,3,42352,2,2123,57,50486,4175,US-EAST
8712,56737,15,ROUTINE,1,52124,4,5631,13,62477,5740,US-EAST
8713,22509,6,ROUTINE,2,187855,5,3733,141,32151,9642,EU-WEST
8714,81078,22,ROUTINE,1,39990,1,2004,37,92849,11771,EU-WEST
8715,45242,12,ROUTINE,3,385609,7,7019,249,64562,19320,EU-CENTRAL
8716,37161,10,ROUTINE,2,33065,1,1234,94,45387,8226,EU-CENTRAL
8717,60629,16,ROUTINE,2,33552,2,2774,214,71240,10611,US-EAST
8718,77621,21,CRITICAL,5,395029,8,6373,320,88620,10999,EU-WEST
8719,65759,18,ROUTINE,1,461545,4,3350,23,84416,18657,EU-WEST
8720,39406,10,ROUTINE,2,6348,2,3306,23,50208,10802,EU-WEST
8721,79048,21,ROUTINE,3,117601,3,5133,49,90416,11368,EU-CENTRAL
8722,38161,10,ROUTINE,3,19237,1,3533,273,46107,7946,US-EAST
8723,54495,15,CRITICAL,3,38892,2,2436,25,59967,5472,US-EAST
8724,37239,10,CRITICAL,3,108766,2,2578,26,43853,6614,US-EAST
8725,34528,9,ROUTINE,2,46985,3,2529,64,42504,7976,US-EAST
8726,89220,24,ROUTINE,1,229568,8,7071,203,106914,17694,EU-CENTRAL
8727,29528,8,CRITICAL,3,10992,1,1302,25,30946,1418,EU-CENTRAL
8728,37603,10,CRITICAL,3,19122,1,3814,119,42043,4440,EU-CENTRAL
8729,39369,10,ROUTINE,2,316590,8,7719,88,52688,13319,US-EAST
8730,33039,9,ROUTINE,1,96117,2,3129,985,45426,12387,US-EAST
8731,44270,12,CRITICAL,5,91104,3,2110,256,47769,3499,EU-WEST
8732,43477,12,ROUTINE,1,28998,1,2397,21,55736,12259,EU-WEST
8733,46881,13,CRITICAL,5,26779,2,3150,27,49652,2771,EU-CENTRAL
8734,31366,8,ROUTINE,3,448509,8,7387,49,49402,18036,EU-WEST
8735,32012,8,CRITICAL,4,13188,2,3089,1451,33581,1569,EU-WEST
8736,67637,18,ROUTINE,3,197590,5,4280,82,77295,9658,EU-WEST
8737,31666,8,ROUTINE,3,56969,4,5474,1069,36321,4655,EU-CENTRAL
8738,41774,11,CRITICAL,3,41954,4,5226,22,45435,3661,EU-WEST
8739,56914,15,CRITICAL,5,51338,2,3241,277,60404,3490,US-EAST
8740,42722,11,ROUTINE,2,463502,5,4662,96,65317,22595,US-EAST
8741,44240,12,CRITICAL,3,154148,7,3962,236,51394,7154,US-EAST
8742,40612,11,ROUTINE,3,46736,4,3538,285,54005,13393,US-EAST
8743,32975,9,ROUTINE,1,89976,4,4676,226,51038,18063,EU-WEST
8744,45455,12,ROUTINE,1,45945,4,4298,34,60263,14808,US-EAST
8745,25425,7,CRITICAL,3,28814,1,2312,181,30902,5477,EU-CENTRAL
8746,85693,23,ROUTINE,3,128316,4,5173,88,97156,11463,EU-WEST
8747,75704,21,ROUTINE,2,34804,1,3146,1620,89535,13831,EU-CENTRAL
8748,53895,14,ROUTINE,3,41023,2,1629,267,66664,12769,US-EAST
8749,68163,18,ROUTINE,3,67962,2,2994,296,74287,6124,US-EAST
8750,38577,10,ROUTINE,3,12713,2,1713,277,46690,8113,US-EAST
8751,44136,12,ROUTINE,3,43996,4,4079,105,60611,16475,EU-WEST
8752,84489,23,ROUTINE,2,275122,7,5619,139,98985,14496,US-EAST
8753,85532,23,ROUTINE,1,31176,2,3184,19,94150,8618,US-EAST
8754,58889,16,CRITICAL,4,517601,4,4500,61,70427,11538,US-EAST
8755,71114,19,ROUTINE,3,453622,5,2824,20,84970,13856,EU-WEST
8756,80867,22,ROUTINE,2,10713,1,4013,140,84595,3728,EU-CENTRAL
8757,71386,19,CRITICAL,4,9077,2,4488,244,75245,3859,EU-WEST
8758,65389,18,ROUTINE,3,7688,1,2142,221,81197,15808,EU-WEST
8759,85954,23,ROUTINE,1,45015,2,4730,273,100269,14315,US-EAST
8760,25791,7,ROUTINE,3,14939,1,1792,224,34948,9157,EU-WEST
8761,38346,10,CRITICAL,4,20643,1,1751,1282,41480,3134,EU-CENTRAL
8762,49879,13,CRITICAL,5,58760,4,5771,1803,55541,5662,US-EAST
8763,47633,13,CRITICAL,5,494457,6,5934,166,57371,9738,EU-CENTRAL
8764,87647,24,ROUTINE,1,186669,8,5894,149,98440,10793,EU-CENTRAL
8765,42063,11,ROUTINE,2,137677,4,4229,207,56819,14756,EU-WEST
8766,75449,20,CRITICAL,3,84496,4,2606,1356,81016,5567,US-EAST
8767,26976,7,CRITICAL,3,220563,6,4388,262,36498,9522,EU-CENTRAL
8768,56520,15,ROUTINE,3,176568,6,6678,341,70275,13755,EU-WEST
8769,63314,17,ROUTINE,2,24172,2,3562,98,69812,6498,EU-WEST
8770,29171,8,ROUTINE,2,45656,2,4383,296,44682,15511,US-EAST
8771,79672,22,CRITICAL,4,346492,8,6272,1750,90667,10995,EU-WEST
8772,22341,6,ROUTINE,2,487729,7,4427,174,44493,22152,EU-CENTRAL
8773,64482,17,CRITICAL,3,162092,4,5789,154,72688,8206,US-EAST
8774,54599,15,ROUTINE,1,117708,2,3784,200,68126,13527,EU-WEST
8775,58792,16,CRITICAL,3,219134,6,4410,1928,66398,7606,EU-WEST
8776,31331,8,CRITICAL,5,438430,6,5829,79,39205,7874,EU-WEST
8777,35510,9,ROUTINE,1,59964,4,3509,229,52289,16779,US-EAST
8778,25933,7,CRITICAL,5,130257,4,4363,140,30955,5022,US-EAST
8779,27010,7,ROUTINE,3,32116,2,4405,156,34188,7178,US-EAST
8780,40224,11,ROUTINE,1,203183,8,5153,184,56326,16102,EU-WEST
8781,48249,13,CRITICAL,5,45021,4,4841,1836,52075,3826,US-EAST
8782,44793,12,ROUTINE,2,121569,3,2517,195,60924,16131,EU-WEST
8783,28223,7,ROUTINE,3,122265,4,5162,237,41707,13484,EU-WEST
8784,48342,13,ROUTINE,2,32945,1,1841,235,51897,3555,EU-CENTRAL
8785,61639,17,ROUTINE,3,55036,2,1589,33,78150,16511,US-EAST
8786,45552,12,ROUTINE,1,166706,8,4671,295,55933,10381,US-EAST
8787,74212,20,ROUTINE,3,31236,2,4396,219,83599,9387,EU-WEST
8788,41241,11,ROUTINE,1,45596,3,4448,158,49434,8193,EU-CENTRAL
8789,36119,10,ROUTINE,2,46224,3,4731,158,46499,10380,EU-WEST
8790,25429,7,ROUTINE,2,373078,7,4943,163,42388,16959,US-EAST
8791,57156,15,ROUTINE,3,19479,2,4625,253,66399,9243,EU-WEST
8792,68236,18,ROUTINE,1,301609,7,4896,105,85567,17331,EU-WEST
8793,63480,17,ROUTINE,3,230688,8,6110,189,75937,12457,US-EAST
8794,57544,15,CRITICAL,3,16300,2,2516,228,58831,1287,US-EAST
8795,71474,19,ROUTINE,2,164829,4,4120,1802,89515,18041,EU-WEST
8796,44901,12,CRITICAL,3,37198,2,3117,217,49701,4800,EU-WEST
8797,23749,6,CRITICAL,5,38824,2,2298,45,25690,1941,EU-WEST
8798,42900,11,ROUTINE,1,553943,8,7556,79,58078,15178,US-EAST
8799,25511,7,ROUTINE,1,45287,3,3336,82,29107,3596,EU-CENTRAL
8800,26794,7,CRITICAL,5,105858,2,4022,89,30893,4099,EU-CENTRAL
8801,80015,22,CRITICAL,3,146302,4,3857,1831,88353,8338,EU-WEST
8802,50254,13,ROUTINE,2,78262,4,4584,261,58601,8347,EU-WEST
8803,43199,11,ROUTINE,2,33627,2,4226,65,50105,6906,EU-CENTRAL
8804,83652,23,ROUTINE,2,23056,2,1556,74,99436,15784,EU-WEST
8805,65859,18,CRITICAL,3,54612,4,2669,253,69175,3316,EU-WEST
8806,64837,18,ROUTINE,2,61143,3,3587,203,79768,14931,US-EAST
8807,73105,20,ROUTINE,2,92730,3,2795,202,83182,10077,EU-CENTRAL
8808,70451,19,ROUTINE,1,47977,2,2438,1959,75344,4893,EU-CENTRAL
8809,41605,11,ROUTINE,3,142863,4,4521,121,56575,14970,US-EAST
8810,35182,9,ROUTINE,2,12153,1,4030,245,41501,6319,EU-CENTRAL
8811,37800,10,ROUTINE,1,56255,3,2810,1986,41955,4155,US-EAST
8812,23073,6,CRITICAL,4,38996,1,4124,241,27302,4229,EU-WEST
8813,38051,10,ROUTINE,3,194666,5,4177,64,46156,8105,EU-WEST
8814,60457,16,ROUTINE,3,146897,2,1343,207,75205,14748,US-EAST
8815,50260,13,CRITICAL,3,182775,7,6217,216,56478,6218,EU-WEST
8816,45719,12,ROUTINE,3,33795,1,1680,159,59230,13511,EU-WEST
8817,37196,10,CRITICAL,5,10730,1,986,82,40516,3320,EU-CENTRAL
8818,43833,12,ROUTINE,1,436002,5,3319,89,62207,18374,US-EAST
8819,47832,13,CRITICAL,4,25753,2,2593,55,49381,1549,US-EAST
8820,26121,7,ROUTINE,2,29242,1,3466,249,32030,5909,EU-CENTRAL
8821,38750,10,ROUTINE,3,102865,4,4388,1802,45976,7226,US-EAST
8822,41950,11,ROUTINE,3,107654,4,3687,266,58093,16143,EU-WEST
8823,40233,11,ROUTINE,1,59758,4,5837,293,50205,9972,EU-CENTRAL
8824,69700,19,ROUTINE,1,25430,1,1099,145,77019,7319,US-EAST
8825,41239,11,ROUTINE,3,407254,4,3147,163,59400,18161,US-EAST
8826,54993,15,ROUTINE,3,128797,2,4460,119,72100,17107,US-EAST
8827,55820,15,CRITICAL,3,62432,4,5882,1039,60448,4628,EU-WEST
8828,26258,7,ROUTINE,2,513159,7,6847,14,41677,15419,US-EAST
8829,64793,17,ROUTINE,2,5848,2,2595,196,67634,2841,US-EAST
8830,74702,20,ROUTINE,1,312004,5,4886,12,84795,10093,EU-CENTRAL
8831,54714,15,ROUTINE,2,152768,6,6552,269,64453,9739,EU-CENTRAL
8832,41776,11,ROUTINE,2,130595,3,5342,1822,51199,9423,EU-WEST
8833,29658,8,CRITICAL,5,422767,6,6715,210,37981,8323,EU-WEST
8834,46568,12,CRITICAL,3,53784,3,1950,255,50091,3523,EU-CENTRAL
8835,30856,8,CRITICAL,4,20688,2,2369,123,34511,3655,US-EAST
8836,72675,20,ROUTINE,1,150195,8,4694,233,82965,10290,EU-WEST
8837,52363,14,ROUTINE,2,173911,7,3903,1707,63540,11177,EU-CENTRAL
8838,74135,20,CRITICAL,5,388811,4,4501,1625,85643,11508,US-EAST
8839,80569,22,ROUTINE,2,8535,2,3322,201,92889,12320,EU-WEST
8840,53091,14,ROUTINE,2,44113,4,4410,276,70073,16982,US-EAST
8841,36963,10,CRITICAL,3,447926,7,6343,193,46587,9624,EU-CENTRAL
8842,25235,7,ROUTINE,1,241924,4,4509,115,40435,15200,US-EAST
8843,36593,10,ROUTINE,3,196816,5,3387,169,52942,16349,EU-CENTRAL
8844,71846,19,ROUTINE,2,32991,2,1716,228,75697,3851,EU-WEST
8845,53727,14,ROUTINE,2,395627,4,3808,180,69690,15963,EU-CENTRAL
8846,32857,9,CRITICAL,4,451767,7,4634,298,41565,8708,EU-WEST
8847,29944,8,ROUTINE,2,57358,2,4438,203,42796,12852,US-EAST
8848,30188,8,CRITICAL,4,576700,8,7044,107,39559,9371,EU-WEST
8849,52621,14,ROUTINE,2,39626,1,2826,246,60668,8047,EU-WEST
8850,42539,11,ROUTINE,2,48469,4,2681,286,56438,13899,US-EAST
8851,44518,12,ROUTINE,1,10865,2,3008,83,49571,5053,EU-CENTRAL
8852,56926,15,ROUTINE,1,94740,4,3541,1990,70895,13969,EU-WEST
8853,31047,8,ROUTINE,2,73494,4,5272,262,46811,15764,US-EAST
8854,38596,10,CRITICAL,3,75378,2,3580,295,41230,2634,EU-WEST
8855,49902,13,ROUTINE,2,49676,3,2710,299,66627,16725,EU-WEST
8856,66369,18,ROUTINE,3,316350,6,6692,56,76151,9782,EU-WEST
8857,55671,15,ROUTINE,3,89639,3,2379,264,70868,15197,US-EAST
8858,51372,14,CRITICAL,5,536093,8,6274,245,59158,7786,EU-WEST
8859,30821,8,ROUTINE,3,154038,8,7357,256,41926,11105,US-EAST
8860,84369,23,CRITICAL,5,403688,5,3411,189,93509,9140,EU-CENTRAL
8861,30374,8,ROUTINE,2,173136,4,4990,21,39413,9039,EU-WEST
8862,47003,13,CRITICAL,5,58251,2,3130,69,49329,2326,US-EAST
8863,69958,19,ROUTINE,3,22261,1,2344,130,74367,4409,EU-WEST
8864,75107,20,ROUTINE,3,49392,4,5414,8,92115,17008,EU-WEST
8865,28822,8,ROUTINE,3,203305,7,7388,98,39388,10566,US-EAST
8866,89988,24,CRITICAL,3,87976,3,3964,106,94983,4995,US-EAST
8867,55394,15,ROUTINE,2,38209,2,1849,773,65080,9686,EU-CENTRAL
8868,84377,23,ROUTINE,2,81004,4,3811,1456,96724,12347,US-EAST
8869,41213,11,ROUTINE,1,115162,3,4019,88,59095,17882,EU-WEST
8870,76971,21,ROUTINE,3,186311,4,5085,34,93978,17007,US-EAST
8871,67574,18,ROUTINE,1,60200,4,2825,122,80456,12882,US-EAST
8872,57790,16,ROUTINE,3,33522,1,3110,931,61167,3377,EU-CENTRAL
8873,77013,21,ROUTINE,2,40198,3,4912,194,89190,12177,EU-WEST
8874,61282,17,ROUTINE,2,287112,5,3195,45,82401,21119,EU-CENTRAL
8875,80087,22,CRITICAL,4,73079,4,5635,195,82709,2622,US-EAST
8876,27871,7,ROUTINE,2,12463,2,2236,272,35857,7986,EU-WEST
8877,53479,14,ROUTINE,1,39340,1,1928,220,60160,6681,EU-WEST
8878,49781,13,ROUTINE,2,40998,4,2526,112,63080,13299,EU-WEST
8879,51684,14,CRITICAL,3,17833,1,1743,268,53804,2120,EU-WEST
8880,63486,17,ROUTINE,3,22682,1,3429,228,79379,15893,US-EAST
8881,70022,19,ROUTINE,2,165060,6,6042,393,83252,13230,EU-WEST
8882,54830,15,CRITICAL,5,339574,6,4365,106,63907,9077,EU-WEST
8883,66815,18,CRITICAL,3,50862,3,3727,244,70362,3547,US-EAST
8884,71373,19,ROUTINE,2,25147,2,2777,1350,85519,14146,EU-WEST
8885,83812,23,ROUTINE,1,21510,1,3793,636,92911,9099,US-EAST
8886,32627,9,ROUTINE,3,31554,2,1933,210,45630,13003,US-EAST
8887,89406,24,ROUTINE,2,545355,7,4327,50,104412,15006,EU-WEST
8888,65731,18,ROUTINE,3,199591,4,3295,139,76770,11039,EU-WEST
8889,51403,14,ROUTINE,1,170287,6,4136,95,62854,11451,EU-CENTRAL
8890,52807,14,CRITICAL,5,19163,2,1383,74,54165,1358,US-EAST
8891,31028,8,CRITICAL,4,40170,2,3091,292,34968,3940,EU-CENTRAL
8892,79460,22,ROUTINE,2,25496,2,2923,60,93754,14294,EU-CENTRAL
8893,35319,9,ROUTINE,2,33615,1,3753,55,42875,7556,US-EAST
8894,31982,8,CRITICAL,3,126032,4,3280,287,39252,7270,EU-WEST
8895,47670,13,CRITICAL,4,392978,5,6269,154,57725,10055,US-EAST
8896,22147,6,ROUTINE,3,9303,1,3479,802,33513,11366,EU-CENTRAL
8897,27857,7,ROUTINE,3,195894,4,5266,211,37139,9282,EU-WEST
8898,38379,10,ROUTINE,3,228644,8,5439,41,47229,8850,EU-WEST
8899,53900,14,ROUTINE,1,536016,5,5134,183,67906,14006,EU-CENTRAL
8900,56043,15,CRITICAL,3,178864,7,7238,223,62257,6214,EU-WEST
8901,70852,19,ROUTINE,2,98961,4,3656,375,88938,18086,US-EAST
8902,81950,22,ROUTINE,2,16088,1,3716,968,95534,13584,EU-WEST
8903,69470,19,ROUTINE,2,50846,2,2002,212,82671,13201,US-EAST
8904,81137,22,ROUTINE,1,122392,4,4447,298,93560,12423,EU-CENTRAL
8905,75311,20,ROUTINE,3,49260,4,5717,153,83914,8603,EU-WEST
8906,57472,15,ROUTINE,1,42354,4,2570,1684,70189,12717,EU-WEST
8907,86221,23,CRITICAL,4,277349,6,6666,119,95488,9267,EU-WEST
8908,86514,24,ROUTINE,1,46803,4,3281,1903,102718,16204,US-EAST
8909,66984,18,ROUTINE,1,15130,1,938,1805,72454,5470,EU-WEST
8910,26136,7,CRITICAL,3,59253,3,4399,18,31487,5351,EU-WEST
8911,86969,24,ROUTINE,1,33878,1,771,284,103559,16590,US-EAST
8912,79179,21,ROUTINE,1,41793,4,3127,138,82629,3450,EU-WEST
8913,76601,21,CRITICAL,5,122222,3,2736,171,83453,6852,US-EAST
8914,51102,14,ROUTINE,1,54295,2,4467,248,67043,15941,US-EAST
8915,78158,21,ROUTINE,3,8980,1,2799,269,85959,7801,US-EAST
8916,48337,13,ROUTINE,3,27051,1,1270,15,53264,4927,US-EAST
8917,22825,6,CRITICAL,3,41481,4,2841,241,26788,3963,US-EAST
8918,33517,9,ROUTINE,3,48082,4,5415,272,49666,16149,EU-WEST
8919,45036,12,ROUTINE,3,200586,6,4500,487,58931,13895,EU-CENTRAL
8920,63764,17,CRITICAL,5,14918,1,3415,58,67823,4059,EU-WEST
8921,79707,22,ROUTINE,2,43436,4,2970,219,84859,5152,EU-CENTRAL
8922,39237,10,ROUTINE,1,107035,4,3971,225,48086,8849,US-EAST
8923,33720,9,ROUTINE,2,39893,2,4201,60,46310,12590,EU-WEST
8924,53319,14,CRITICAL,4,156174,8,5058,18,60826,7507,US-EAST
8925,23254,6,ROUTINE,2,304871,8,7780,137,39197,15943,US-EAST
8926,58537,16,ROUTINE,3,159624,8,6036,867,69711,11174,US-EAST
8927,32745,9,ROUTINE,1,166368,6,5444,905,50079,17334,EU-CENTRAL
8928,30640,8,ROUTINE,2,217937,8,7866,206,45320,14680,EU-CENTRAL
8929,45853,12,ROUTINE,1,22110,1,3339,264,52656,6803,EU-CENTRAL
8930,61023,16,CRITICAL,5,55647,3,1810,196,65738,4715,EU-CENTRAL
8931,65476,18,ROUTINE,2,477147,5,3565,10,77998,12522,US-EAST
8932,34211,9,CRITICAL,3,10135,2,3673,1567,38327,4116,EU-WEST
8933,47127,13,ROUTINE,1,484095,6,5028,161,62838,15711,US-EAST
8934,48660,13,ROUTINE,1,35920,2,1800,260,63295,14635,US-EAST
8935,31382,8,CRITICAL,4,40050,3,2033,260,33368,1986,EU-CENTRAL
8936,34576,9,CRITICAL,3,14291,2,2926,216,37744,3168,US-EAST
8937,40367,11,ROUTINE,1,143016,4,3241,95,47527,7160,EU-WEST
8938,53442,14,ROUTINE,2,39953,1,2582,1219,68946,15504,EU-WEST
8939,69401,19,ROUTINE,1,187271,8,7696,120,88969,19568,US-EAST
8940,37460,10,ROUTINE,3,5858,2,3661,39,40596,3136,US-EAST
8941,59037,16,ROUTINE,1,133159,3,4648,125,70989,11952,EU-WEST
8942,79815,22,ROUTINE,1,232840,6,5840,218,100702,20887,US-EAST
8943,21613,6,CRITICAL,4,19261,2,3073,289,25711,4098,EU-WEST
8944,48932,13,ROUTINE,3,161514,6,5319,25,64363,15431,EU-WEST
8945,86119,23,ROUTINE,3,18605,1,2112,237,92318,6199,EU-CENTRAL
8946,39667,11,ROUTINE,2,237554,7,6125,485,57843,18176,EU-WEST
8947,31657,8,ROUTINE,1,345092,6,3587,273,52469,20812,US-EAST
8948,58634,16,ROUTINE,1,224087,7,4639,132,67470,8836,EU-CENTRAL
8949,42929,11,ROUTINE,3,132744,4,2401,1383,49259,6330,US-EAST
8950,60277,16,CRITICAL,4,49814,4,5261,224,63386,3109,EU-CENTRAL
8951,54026,15,CRITICAL,5,33075,1,2834,286,57545,3519,EU-WEST
8952,83732,23,ROUTINE,3,58230,4,2336,243,94626,10894,EU-WEST
8953,29848,8,ROUTINE,2,33194,1,4295,238,33930,4082,EU-WEST
8954,61281,17,CRITICAL,5,36930,2,2168,241,64581,3300,US-EAST
8955,50260,13,ROUTINE,1,23734,2,1290,472,64924,14664,EU-WEST
8956,68041,18,ROUTINE,2,55231,3,4080,253,74927,6886,EU-CENTRAL
8957,55138,15,CRITICAL,3,219412,7,4483,12,63470,8332,EU-WEST
8958,35412,9,ROUTINE,1,23431,2,2817,14,39707,4295,EU-CENTRAL
8959,50538,14,ROUTINE,1,26468,1,3403,201,55487,4949,US-EAST
8960,40278,11,ROUTINE,1,463214,8,4882,167,56536,16258,EU-WEST
8961,59428,16,ROUTINE,3,41900,3,2707,1373,66928,7500,EU-CENTRAL
8962,84632,23,ROUTINE,1,37067,1,3069,162,100560,15928,EU-WEST
8963,36581,10,CRITICAL,3,132709,3,3024,158,42847,6266,US-EAST
8964,37834,10,CRITICAL,5,553747,8,7754,198,47010,9176,US-EAST
8965,65279,18,CRITICAL,3,571335,4,4782,295,73469,8190,EU-WEST
8966,34414,9,ROUTINE,3,204285,7,5669,145,55180,20766,US-EAST
8967,22240,6,CRITICAL,3,209657,4,4647,67,30357,8117,US-EAST
8968,33274,9,ROUTINE,1,58366,3,4720,127,43042,9768,EU-CENTRAL
8969,23689,6,CRITICAL,3,143470,2,3964,1927,30947,7258,US-EAST
8970,46889,13,ROUTINE,3,35855,1,3046,168,56547,9658,EU-WEST
8971,52410,14,ROUTINE,3,172914,5,4975,163,59969,7559,EU-CENTRAL
8972,66746,18,CRITICAL,3,44581,2,4231,121,69923,3177,EU-WEST
8973,35947,9,ROUTINE,3,9888,2,2616,136,50709,14762,EU-CENTRAL
8974,23146,6,ROUTINE,3,62492,4,5162,273,31691,8545,EU-CENTRAL
8975,43764,12,ROUTINE,2,55594,3,4291,98,56791,13027,EU-WEST
8976,45198,12,CRITICAL,3,48583,4,2634,265,49392,4194,EU-WEST
8977,81603,22,CRITICAL,3,59896,3,4523,108,84973,3370,US-EAST
8978,47773,13,ROUTINE,2,34644,1,4289,42,53621,5848,EU-CENTRAL
8979,70006,19,CRITICAL,3,27014,2,2228,286,75029,5023,EU-CENTRAL
8980,25276,7,ROUTINE,3,19761,2,4226,188,32317,7041,EU-CENTRAL
8981,66171,18,ROUTINE,3,183259,7,4796,67,85687,19516,EU-CENTRAL
8982,30662,8,CRITICAL,3,8707,1,3900,53,35677,5015,EU-WEST
8983,81486,22,ROUTINE,2,452292,6,5146,988,102795,21309,EU-WEST
8984,51318,14,ROUTINE,3,89725,4,2773,16,59710,8392,US-EAST
8985,49859,13,ROUTINE,1,42503,4,4533,6,54262,4403,EU-WEST
8986,37689,10,ROUTINE,2,41629,2,4530,64,47926,10237,US-EAST
8987,36912,10,ROUTINE,2,93648,2,3155,183,50734,13822,EU-CENTRAL
8988,33069,9,ROUTINE,2,43160,4,3823,87,38258,5189,EU-CENTRAL
8989,76230,21,ROUTINE,1,248570,7,6928,134,94437,18207,US-EAST
8990,39622,11,ROUTINE,3,583795,8,7662,275,59963,20341,EU-WEST
8991,81911,22,ROUTINE,3,328773,6,5738,267,102303,20392,EU-WEST
8992,86252,23,ROUTINE,1,241527,7,6881,223,97208,10956,EU-CENTRAL
8993,47377,13,CRITICAL,4,29026,2,4092,1882,50631,3254,US-EAST
8994,60233,16,CRITICAL,5,55272,2,1303,282,62900,2667,EU-WEST
8995,23815,6,CRITICAL,5,176802,5,5221,1366,30395,6580,US-EAST
8996,50412,14,ROUTINE,2,24109,2,1699,188,53858,3446,US-EAST
8997,40153,11,ROUTINE,1,11271,1,2934,283,55285,15132,EU-CENTRAL
8998,89757,24,CRITICAL,4,523423,7,5620,64,101027,11270,EU-CENTRAL
8999,68332,18,CRITICAL,5,73699,3,2337,208,73866,5534,EU-CENTRAL
9000,85200,23,CRITICAL,3,135876,3,3962,106,93152,7952,EU-WEST
9001,53210,14,CRITICAL,5,21406,2,3513,168,55176,1966,EU-WEST
9002,71209,19,ROUTINE,2,301943,8,4418,1903,81440,10231,EU-WEST
9003,46378,12,ROUTINE,3,38075,1,1630,5,50112,3734,EU-WEST
9004,43345,12,CRITICAL,5,113921,3,4294,748,47509,4164,US-EAST
9005,67727,18,ROUTINE,1,459428,7,6838,211,81101,13374,EU-WEST
9006,52483,14,CRITICAL,3,148188,3,4338,299,58613,6130,EU-WEST
9007,75220,20,ROUTINE,1,230806,4,5199,131,94179,18959,EU-CENTRAL
9008,30819,8,ROUTINE,1,19501,1,2200,5,34335,3516,EU-CENTRAL
9009,45069,12,CRITICAL,3,195094,7,4865,1751,54665,9596,EU-WEST
9010,29530,8,ROUTINE,3,32131,2,3078,32,43296,13766,EU-WEST
9011,76386,21,CRITICAL,5,5629,1,2604,219,79691,3305,EU-CENTRAL
9012,78988,21,ROUTINE,3,64120,2,4276,238,94551,15563,US-EAST
9013,21716,6,ROUTINE,2,556651,4,4938,45,44174,22458,EU-CENTRAL
9014,89677,24,ROUTINE,2,360569,6,5472,1253,104283,14606,EU-CENTRAL
9015,73390,20,CRITICAL,4,7377,1,4176,52,77330,3940,EU-WEST
9016,43775,12,ROUTINE,3,46111,3,1980,277,59665,15890,EU-CENTRAL
9017,45026,12,CRITICAL,5,26575,1,3485,108,47235,2209,US-EAST
9018,86465,24,ROUTINE,3,85134,4,2571,153,96610,10145,US-EAST
9019,78128,21,CRITICAL,5,218098,7,5815,1359,84581,6453,EU-WEST
9020,45748,12,ROUTINE,1,48328,4,5055,170,61451,15703,EU-WEST
9021,69245,19,CRITICAL,5,138013,3,3292,116,74653,5408,EU-CENTRAL
9022,40678,11,CRITICAL,5,47525,3,3106,959,45092,4414,US-EAST
9023,60005,16,ROUTINE,1,487214,4,4092,83,79203,19198,US-EAST
9024,79075,21,ROUTINE,1,194215,5,5136,262,95086,16011,EU-WEST
9025,37086,10,ROUTINE,1,59571,4,4475,226,45345,8259,EU-WEST
9026,69440,19,ROUTINE,3,350426,8,6899,1083,88143,18703,EU-CENTRAL
9027,54829,15,CRITICAL,3,75663,3,3375,242,58525,3696,EU-CENTRAL
9028,38996,10,CRITICAL,3,41431,4,5882,36,43367,4371,US-EAST
9029,78634,21,ROUTINE,1,411489,6,4781,1418,94934,16300,EU-CENTRAL
9030,82479,22,CRITICAL,3,70129,3,4794,291,85453,2974,EU-CENTRAL
9031,35337,9,ROUTINE,3,15674,1,3706,172,45171,9834,US-EAST
9032,81990,22,ROUTINE,3,39686,1,1699,287,86624,4634,US-EAST
9033,72434,20,CRITICAL,3,302838,4,4437,210,80100,7666,EU-CENTRAL
9034,41153,11,CRITICAL,4,145827,3,4959,59,48733,7580,EU-CENTRAL
9035,39548,10,ROUTINE,3,553267,6,4346,1460,58376,18828,EU-WEST
9036,48116,13,ROUTINE,1,55825,3,3140,42,60258,12142,EU-WEST
9037,47135,13,CRITICAL,5,9426,1,950,129,50719,3584,US-EAST
9038,25092,6,ROUTINE,2,477577,8,7736,132,36325,11233,US-EAST
9039,41849,11,CRITICAL,3,18475,2,2093,81,45970,4121,EU-CENTRAL
9040,30089,8,ROUTINE,3,18352,1,3544,125,42089,12000,EU-WEST
9041,55363,15,ROUTINE,3,191059,8,7091,1193,72724,17361,US-EAST
9042,47030,13,ROUTINE,2,228460,7,7060,189,60636,13606,EU-CENTRAL
9043,45863,12,ROUTINE,2,55747,2,3964,67,56170,10307,EU-CENTRAL
9044,75273,20,CRITICAL,3,462843,4,4727,103,87069,11796,US-EAST
9045,64611,17,ROUTINE,3,99318,3,2493,28,74807,10196,EU-WEST
9046,56016,15,ROUTINE,1,386743,4,2479,1686,70218,14202,EU-CENTRAL
9047,73428,20,ROUTINE,3,53530,3,3673,76,82000,8572,EU-WEST
9048,46618,12,ROUTINE,2,329345,5,4704,137,60648,14030,EU-WEST
9049,46305,12,ROUTINE,2,47541,3,5250,44,56354,10049,EU-CENTRAL
9050,60666,16,ROUTINE,2,20060,2,2701,60,68240,7574,EU-CENTRAL
9051,79413,22,CRITICAL,5,143885,4,3811,265,84065,4652,EU-WEST
9052,73767,20,ROUTINE,3,308803,4,2588,225,84905,11138,EU-WEST
9053,61494,17,ROUTINE,3,8487,1,2050,212,66590,5096,EU-WEST
9054,56660,15,ROUTINE,1,345985,5,5374,272,71088,14428,EU-WEST
9055,60568,16,ROUTINE,2,233117,8,7428,256,68801,8233,EU-WEST
9056,57457,15,CRITICAL,5,472053,4,2785,109,68605,11148,EU-WEST
9057,36292,10,CRITICAL,4,31230,2,2439,269,38590,2298,EU-WEST
9058,57519,15,ROUTINE,3,9622,1,1666,271,62872,5353,EU-WEST
9059,61347,17,ROUTINE,3,42020,4,5548,254,74278,12931,US-EAST
9060,61815,17,ROUTINE,1,38320,2,2261,51,74031,12216,EU-CENTRAL
9061,35267,9,ROUTINE,2,8314,1,2814,255,38398,3131,US-EAST
9062,47949,13,ROUTINE,1,16909,1,2492,18,55282,7333,EU-CENTRAL
9063,48777,13,ROUTINE,1,554934,5,3748,474,61005,12228,EU-WEST
9064,48847,13,CRITICAL,4,86952,4,2645,246,51714,2867,EU-WEST
9065,48995,13,CRITICAL,3,18075,2,3251,37,54090,5095,US-EAST
9066,33423,9,ROUTINE,1,58649,3,3955,111,47088,13665,EU-CENTRAL
9067,81726,22,ROUTINE,1,91197,4,4296,197,91175,9449,US-EAST
9068,38712,10,CRITICAL,3,27209,1,3160,165,40472,1760,EU-CENTRAL
9069,55514,15,ROUTINE,1,35055,1,1325,28,63699,8185,EU-WEST
9070,50762,14,ROUTINE,1,193467,8,4459,255,64065,13303,EU-CENTRAL
9071,37292,10,CRITICAL,3,55487,2,1426,135,41269,3977,US-EAST
9072,44349,12,CRITICAL,3,236238,7,5801,82,52592,8243,EU-WEST
9073,83694,23,ROUTINE,1,92420,4,5558,203,92395,8701,US-EAST
9074,80125,22,ROUTINE,2,183281,6,4172,166,88236,8111,US-EAST
9075,31742,8,ROUTINE,2,8039,1,1655,257,35118,3376,EU-CENTRAL
9076,85350,23,ROUTINE,3,79959,3,4499,115,91107,5757,EU-WEST
9077,67916,18,ROUTINE,2,168911,8,5785,285,76057,8141,EU-WEST
9078,75429,20,ROUTINE,1,57649,3,4625,1727,85852,10423,US-EAST
9079,88035,24,ROUTINE,3,42152,2,3061,145,100764,12729,EU-CENTRAL
9080,36320,10,ROUTINE,1,131995,4,2565,204,50405,14085,EU-WEST
9081,77611,21,ROUTINE,2,56082,4,5178,157,90310,12699,US-EAST
9082,46234,12,CRITICAL,4,27650,1,989,100,47856,1622,US-EAST
9083,53376,14,ROUTINE,3,20759,1,2600,208,62399,9023,US-EAST
9084,69665,19,CRITICAL,4,109101,4,5582,1819,77125,7460,EU-WEST
9085,32767,9,CRITICAL,5,446746,5,6311,222,41911,9144,EU-CENTRAL
9086,36479,10,ROUTINE,2,30001,2,4493,1791,45020,8541,US-EAST
9087,67722,18,ROUTINE,3,126556,2,3983,183,77200,9478,EU-WEST
9088,37776,10,ROUTINE,1,543155,4,3136,236,54412,16636,EU-CENTRAL
9089,30663,8,ROUTINE,1,40929,2,1735,129,37536,6873,EU-WEST
9090,26228,7,CRITICAL,5,9048,2,2613,159,27212,984,EU-CENTRAL
9091,81317,22,ROUTINE,1,17867,1,3710,279,89242,7925,EU-WEST
9092,55347,15,ROUTINE,1,56847,4,4236,1932,62589,7242,EU-CENTRAL
9093,45513,12,CRITICAL,4,96486,3,5352,222,52385,6872,EU-CENTRAL
9094,34118,9,ROUTINE,2,13613,2,1570,131,40787,6669,EU-WEST
9095,62851,17,ROUTINE,2,522526,8,7131,201,80749,17898,EU-WEST
9096,42801,11,ROUTINE,3,42676,2,4587,405,54666,11865,EU-WEST
9097,24351,6,ROUTINE,2,98824,2,4506,634,41607,17256,EU-CENTRAL
9098,68782,19,CRITICAL,3,151392,7,6766,1591,74500,5718,EU-WEST
9099,32314,8,ROUTINE,2,27302,1,3491,19,39170,6856,EU-CENTRAL
9100,77793,21,ROUTINE,2,154696,8,5702,66,97061,19268,US-EAST
9101,32038,8,ROUTINE,1,21254,1,2597,17,40659,8621,EU-WEST
9102,60840,16,CRITICAL,3,51546,4,5452,37,65380,4540,EU-WEST
9103,30212,8,ROUTINE,2,79991,3,2323,38,42283,12071,EU-CENTRAL
9104,21978,6,ROUTINE,1,160590,8,7551,12,30401,8423,EU-WEST
9105,33312,9,ROUTINE,1,89270,3,5155,235,43519,10207,US-EAST
9106,39439,10,ROUTINE,1,181253,5,2869,181,48799,9360,EU-CENTRAL
9107,49339,13,CRITICAL,4,100337,3,2769,235,53791,4452,EU-CENTRAL
9108,36376,10,ROUTINE,1,222715,5,4673,710,47551,11175,EU-WEST
9109,72480,20,CRITICAL,3,594023,5,4653,231,81814,9334,EU-CENTRAL
9110,27529,7,ROUTINE,3,480425,6,4608,274,40632,13103,EU-WEST
9111,62054,17,CRITICAL,3,275583,4,5430,149,71868,9814,EU-WEST
9112,83042,23,ROUTINE,1,52233,4,4544,198,89796,6754,US-EAST
9113,45960,12,ROUTINE,2,45432,3,2575,9,50150,4190,EU-CENTRAL
9114,65812,18,CRITICAL,3,35463,1,810,123,71479,5667,EU-CENTRAL
9115,66095,18,CRITICAL,3,125148,3,3818,113,73730,7635,EU-CENTRAL
9116,43810,12,ROUTINE,3,25817,1,2588,191,58941,15131,EU-WEST
9117,39713,11,ROUTINE,2,44560,3,4132,12,56791,17078,EU-WEST
9118,37933,10,CRITICAL,3,493117,8,7552,12,45573,7640,EU-WEST
9119,42304,11,CRITICAL,5,207198,4,2722,67,52283,9979,EU-WEST
9120,67005,18,CRITICAL,4,467222,5,5350,172,77427,10422,US-EAST
9121,29237,8,CRITICAL,3,5865,2,3972,48,31830,2593,EU-WEST
9122,28548,7,CRITICAL,5,547473,6,4333,1791,36203,7655,US-EAST
9123,72158,20,ROUTINE,2,6892,2,3018,1101,84840,12682,EU-WEST
9124,81635,22,CRITICAL,5,47567,2,2718,60,86774,5139,US-EAST
9125,69560,19,CRITICAL,4,20790,2,3814,187,72381,2821,EU-WEST
9126,53766,14,ROUTINE,3,576459,6,5966,251,74230,20464,EU-WEST
9127,30518,8,ROUTINE,2,101192,2,1604,232,36920,6402,EU-WEST
9128,49342,13,ROUTINE,1,36391,2,2274,143,57449,8107,EU-WEST
9129,87508,24,ROUTINE,1,10777,1,1425,559,92013,4505,EU-WEST
9130,76293,21,ROUTINE,3,18530,2,3398,243,79249,2956,US-EAST
9131,43778,12,ROUTINE,1,23201,1,2988,272,48104,4326,EU-WEST
9132,42503,11,CRITICAL,3,184767,4,3900,141,50750,8247,US-EAST
9133,52661,14,ROUTINE,2,85249,2,1293,47,68076,15415,EU-WEST
9134,39069,10,ROUTINE,3,16825,2,4106,276,46974,7905,EU-CENTRAL
9135,42804,11,ROUTINE,3,77044,2,3827,198,56958,14154,EU-WEST
9136,36151,10,ROUTINE,2,233894,4,3783,83,55218,19067,EU-WEST
9137,32844,9,ROUTINE,3,241147,5,3699,54,50814,17970,EU-WEST
9138,41351,11,ROUTINE,2,14224,2,4448,169,49894,8543,EU-CENTRAL
9139,47923,13,ROUTINE,2,226716,4,4198,61,65604,17681,EU-WEST
9140,80882,22,CRITICAL,5,53614,2,4085,295,83097,2215,EU-WEST
9141,83836,23,ROUTINE,2,25960,1,2254,989,94241,10405,EU-CENTRAL
9142,32082,8,ROUTINE,1,46884,2,4537,219,44904,12822,EU-WEST
9143,28898,8,ROUTINE,3,330029,6,6839,76,46764,17866,US-EAST
9144,26948,7,ROUTINE,2,145047,3,2254,97,36770,9822,EU-WEST
9145,67717,18,ROUTINE,1,131784,4,5864,1032,76218,8501,US-EAST
9146,46729,12,CRITICAL,5,187985,4,3865,24,56119,9390,US-EAST
9147,64706,17,CRITICAL,3,146973,2,4088,297,71833,7127,EU-WEST
9148,68793,19,ROUTINE,1,22478,1,1085,278,80492,11699,EU-WEST
9149,49039,13,CRITICAL,5,37330,2,3222,192,54716,5677,US-EAST
9150,66871,18,CRITICAL,4,323757,8,4421,1515,77326,10455,US-EAST
9151,71970,19,CRITICAL,4,51872,3,4567,25,74251,2281,US-EAST
9152,79523,22,ROUTINE,2,36307,2,3120,215,91681,12158,US-EAST
9153,34569,9,CRITICAL,4,215843,4,4276,1249,43218,8649,EU-CENTRAL
9154,89283,24,ROUTINE,1,54518,3,4466,463,102308,13025,EU-WEST
9155,36259,10,ROUTINE,2,28138,1,1433,1515,39661,3402,EU-CENTRAL
9156,27842,7,ROUTINE,1,43099,3,4203,1511,39014,11172,EU-CENTRAL
9157,74691,20,ROUTINE,3,582642,5,4597,378,92716,18025,US-EAST
9158,40979,11,ROUTINE,1,12669,1,1491,189,54714,13735,EU-WEST
9159,68810,19,ROUTINE,1,19626,2,2935,153,74561,5751,EU-WEST
9160,67170,18,ROUTINE,2,242434,6,6270,59,85790,18620,US-EAST
9161,66388,18,ROUTINE,1,49915,4,2886,79,78695,12307,EU-WEST
9162,64308,17,CRITICAL,5,52217,3,4328,162,70148,5840,EU-WEST
9163,28727,7,CRITICAL,3,143007,4,5182,17,34489,5762,EU-CENTRAL
9164,45318,12,CRITICAL,5,60354,3,4019,1853,49596,4278,EU-WEST
9165,81917,22,ROUTINE,3,315120,7,5768,20,99257,17340,EU-WEST
9166,38206,10,ROUTINE,3,32769,2,3112,165,53979,15773,EU-WEST
9167,56159,15,ROUTINE,1,39623,2,3245,19,61639,5480,EU-WEST
9168,60391,16,ROUTINE,2,9946,1,2968,280,74438,14047,EU-WEST
9169,84669,23,ROUTINE,2,55492,4,4375,27,88615,3946,US-EAST
9170,70648,19,ROUTINE,2,94211,4,3734,70,80037,9389,US-EAST
9171,57230,15,ROUTINE,3,177082,5,4227,1048,76260,19030,EU-WEST
9172,65480,18,CRITICAL,3,245212,5,4122,123,74469,8989,US-EAST
9173,54074,15,ROUTINE,2,42138,2,4086,415,62492,8418,US-EAST
9174,42043,11,ROUTINE,3,31417,2,3890,190,50295,8252,EU-WEST
9175,53807,14,CRITICAL,4,126157,2,3820,266,58159,4352,EU-WEST
9176,46991,13,ROUTINE,1,36654,1,3479,8,53249,6258,EU-CENTRAL
9177,56295,15,CRITICAL,4,47792,4,3226,118,58255,1960,EU-CENTRAL
9178,23433,6,ROUTINE,2,68074,4,5603,81,29845,6412,EU-CENTRAL
9179,61094,16,CRITICAL,4,21815,1,3151,276,63248,2154,US-EAST
9180,48368,13,ROUTINE,1,90710,3,2495,108,53565,5197,EU-CENTRAL
9181,28813,8,ROUTINE,3,588928,5,4809,345,43131,14318,US-EAST
9182,52534,14,ROUTINE,3,44813,2,3710,148,58193,5659,EU-WEST
9183,76458,21,CRITICAL,3,430796,8,4732,1015,86750,10292,US-EAST
9184,35737,9,ROUTINE,2,41952,4,3232,290,43044,7307,US-EAST
9185,85585,23,ROUTINE,1,178234,7,7170,427,95896,10311,EU-CENTRAL
9186,26561,7,CRITICAL,3,45372,2,2760,875,31932,5371,US-EAST
9187,33903,9,ROUTINE,2,19630,1,4282,67,46946,13043,EU-CENTRAL
9188,78816,21,CRITICAL,3,347051,5,3767,112,88526,9710,EU-WEST
9189,57459,15,ROUTINE,3,39395,1,2358,861,66012,8553,EU-WEST
9190,64131,17,CRITICAL,4,94071,2,3623,96,69124,4993,EU-WEST
9191,67714,18,CRITICAL,5,31346,1,2483,251,73235,5521,US-EAST
9192,65254,18,ROUTINE,3,7746,1,2567,29,74632,9378,EU-WEST
9193,48138,13,ROUTINE,1,240391,4,4618,244,64817,16679,EU-WEST
9194,43287,12,ROUTINE,3,134821,3,4043,1197,54986,11699,US-EAST
9195,66889,18,CRITICAL,3,52446,2,3985,1777,70112,3223,US-EAST
9196,35829,9,ROUTINE,3,20935,1,1255,297,44618,8789,EU-WEST
9197,53672,14,ROUTINE,3,483184,7,4027,138,75673,22001,EU-CENTRAL
9198,62938,17,ROUTINE,2,26396,1,2638,193,79451,16513,US-EAST
9199,29416,8,ROUTINE,3,227444,5,4946,69,40858,11442,EU-WEST
9200,27246,7,CRITICAL,5,54352,3,4940,179,32702,5456,EU-WEST
9201,57406,15,CRITICAL,5,180171,4,4356,242,65521,8115,US-EAST
9202,58853,16,CRITICAL,4,10967,2,3013,45,60113,1260,EU-CENTRAL
9203,69802,19,ROUTINE,2,79773,2,3603,1905,81355,11553,EU-WEST
9204,43184,11,ROUTINE,2,172097,5,4297,157,53145,9961,EU-WEST
9205,69417,19,ROUTINE,3,35563,2,4820,59,78884,9467,EU-CENTRAL
9206,30409,8,ROUTINE,2,26917,2,3930,1651,43674,13265,US-EAST
9207,53442,14,CRITICAL,5,288510,4,3864,615,64438,10996,US-EAST
9208,51854,14,ROUTINE,3,7939,2,4781,273,57056,5202,EU-WEST
9209,71862,19,ROUTINE,2,102613,3,4407,228,81018,9156,EU-WEST
9210,61354,17,CRITICAL,4,157758,8,6846,41,69844,8490,US-EAST
9211,78656,21,CRITICAL,4,90255,3,2136,133,84176,5520,US-EAST
9212,32811,9,ROUTINE,2,123259,4,4085,86,43155,10344,EU-CENTRAL
9213,75420,20,ROUTINE,2,169995,6,5777,1555,83073,7653,EU-CENTRAL
9214,67968,18,ROUTINE,2,40915,2,2518,177,78872,10904,US-EAST
9215,50352,13,ROUTINE,1,199955,7,3863,157,58509,8157,EU-CENTRAL
9216,75981,21,ROUTINE,3,16857,1,3920,1709,82975,6994,EU-CENTRAL
9217,37205,10,ROUTINE,3,56629,2,1383,1221,52325,15120,EU-WEST
9218,83804,23,ROUTINE,1,31235,1,1366,275,88891,5087,US-EAST
9219,28989,8,ROUTINE,3,54977,4,4423,1082,40195,11206,US-EAST
9220,32315,8,ROUTINE,1,109591,2,2747,69,46013,13698,EU-WEST
9221,39131,10,CRITICAL,4,180628,4,3976,132,45859,6728,EU-WEST
9222,37350,10,ROUTINE,3,475591,5,6206,84,51538,14188,EU-CENTRAL
9223,56866,15,ROUTINE,3,13632,2,4273,1283,60170,3304,EU-CENTRAL
9224,39537,10,CRITICAL,3,236635,4,5691,15,47729,8192,EU-CENTRAL
9225,54873,15,CRITICAL,5,273194,8,6452,157,62702,7829,EU-WEST
9226,34129,9,CRITICAL,3,207800,7,6466,265,43296,9167,EU-CENTRAL
9227,41953,11,CRITICAL,3,28940,1,1385,214,46781,4828,EU-CENTRAL
9228,55192,15,ROUTINE,2,203992,5,6043,142,65918,10726,US-EAST
9229,30884,8,CRITICAL,4,579339,6,6534,164,39277,8393,EU-CENTRAL
9230,57085,15,CRITICAL,3,242886,8,7229,125,65151,8066,EU-CENTRAL
9231,67027,18,ROUTINE,1,33865,1,3685,277,76562,9535,EU-CENTRAL
9232,72397,20,CRITICAL,5,24853,1,1821,80,73763,1366,US-EAST
9233,42546,11,CRITICAL,3,55264,2,3106,68,45706,3160,EU-WEST
9234,24994,6,ROUTINE,3,118907,2,1527,1528,38816,13822,EU-WEST
9235,78305,21,CRITICAL,4,102711,2,4659,756,81742,3437,EU-WEST
9236,44582,12,ROUTINE,3,32803,2,2469,198,54117,9535,EU-WEST
9237,51139,14,ROUTINE,1,328147,7,7219,115,71270,20131,EU-WEST
9238,38987,10,CRITICAL,3,52342,4,5033,207,44495,5508,EU-CENTRAL
9239,24045,6,ROUTINE,3,149059,4,2714,18,42408,18363,EU-CENTRAL
9240,51448,14,ROUTINE,1,11643,1,2739,35,55650,4202,EU-WEST
9241,42257,11,ROUTINE,1,224948,5,5187,33,59825,17568,EU-WEST
9242,85779,23,ROUTINE,3,159126,4,5806,133,102345,16566,EU-WEST
9243,64009,17,ROUTINE,2,134679,3,2500,71,73912,9903,EU-CENTRAL
9244,49178,13,ROUTINE,3,21570,1,1205,78,62630,13452,EU-WEST
9245,50629,14,ROUTINE,1,30554,1,3803,140,59798,9169,US-EAST
9246,54430,15,ROUTINE,2,235688,5,3750,957,66300,11870,EU-WEST
9247,33943,9,ROUTINE,1,160936,8,5288,158,53761,19818,US-EAST
9248,79122,21,ROUTINE,1,45310,2,3725,64,94443,15321,EU-CENTRAL
9249,59041,16,CRITICAL,3,71725,4,2542,270,63413,4372,EU-WEST
9250,81175,22,CRITICAL,5,160835,7,7049,177,86571,5396,EU-CENTRAL
9251,55996,15,ROUTINE,1,12727,2,2442,66,70156,14160,US-EAST
9252,57070,15,ROUTINE,1,46055,2,2231,131,68780,11710,EU-WEST
9253,64653,17,ROUTINE,1,115264,3,3759,156,79032,14379,EU-WEST
9254,25343,7,CRITICAL,4,204325,8,6217,1110,31900,6557,EU-WEST
9255,87290,24,CRITICAL,4,153677,8,7677,149,93745,6455,US-EAST
9256,43182,11,ROUTINE,1,16358,1,1610,211,55185,12003,EU-WEST
9257,71335,19,CRITICAL,3,111359,3,3882,244,78198,6863,EU-CENTRAL
9258,34294,9,CRITICAL,5,59590,3,4278,150,40163,5869,EU-WEST
9259,81628,22,CRITICAL,5,209649,8,7896,602,89412,7784,US-EAST
9260,35920,9,CRITICAL,3,25451,2,4467,298,37421,1501,EU-WEST
9261,68260,18,ROUTINE,2,210823,5,6342,600,84602,16342,EU-WEST
9262,28236,7,ROUTINE,1,521809,8,7730,216,44920,16684,EU-WEST
9263,66495,18,ROUTINE,2,25702,2,4710,264,71768,5273,US-EAST
9264,54676,15,CRITICAL,3,227171,5,3742,206,64362,9686,EU-WEST
9265,25955,7,ROUTINE,3,57207,2,4424,242,34641,8686,EU-CENTRAL
9266,39429,10,CRITICAL,3,543514,4,3767,201,50343,10914,US-EAST
9267,79983,22,ROUTINE,2,98811,4,2644,145,92670,12687,EU-WEST
9268,68627,19,ROUTINE,3,40102,3,4511,921,75070,6443,EU-WEST
9269,67187,18,ROUTINE,2,224161,8,5538,266,86839,19652,EU-WEST
9270,27419,7,ROUTINE,3,62611,2,2480,30,31985,4566,US-EAST
9271,40642,11,CRITICAL,5,95313,2,3756,142,47533,6891,EU-CENTRAL
9272,47882,13,CRITICAL,4,379487,6,6493,380,55543,7661,US-EAST
9273,80727,22,ROUTINE,3,110075,3,4318,294,98261,17534,EU-WEST
9274,77517,21,ROUTINE,2,163979,7,6491,249,90187,12670,US-EAST
9275,38965,10,ROUTINE,2,243344,6,4340,84,55276,16311,EU-CENTRAL
9276,85417,23,ROUTINE,1,13221,1,1507,265,92602,7185,EU-WEST
9277,62471,17,CRITICAL,5,142708,3,3055,808,68806,6335,US-EAST
9278,30197,8,CRITICAL,4,438671,8,7700,1846,40968,10771,EU-CENTRAL
9279,37728,10,ROUTINE,1,52967,3,2156,108,52666,14938,US-EAST
9280,29931,8,ROUTINE,2,47169,2,4582,618,37635,7704,EU-CENTRAL
9281,37655,10,ROUTINE,1,7852,2,2564,262,43461,5806,US-EAST
9282,69987,19,ROUTINE,1,458630,5,5567,1262,83299,13312,EU-WEST
9283,74416,20,CRITICAL,4,46756,3,4733,206,80022,5606,US-EAST
9284,74814,20,CRITICAL,4,31452,1,3072,167,76285,1471,EU-WEST
9285,32637,9,ROUTINE,2,50183,2,2168,82,43567,10930,EU-CENTRAL
9286,42563,11,CRITICAL,3,58911,4,3416,1718,48599,6036,EU-WEST
9287,77959,21,CRITICAL,5,356734,7,7228,85,88955,10996,EU-WEST
9288,27567,7,ROUTINE,3,435600,8,5301,113,38323,10756,US-EAST
9289,38796,10,ROUTINE,1,148665,2,3744,70,53963,15167,EU-CENTRAL
9290,60497,16,CRITICAL,4,40241,4,4575,125,63199,2702,US-EAST
9291,39127,10,ROUTINE,2,153925,7,4781,775,52187,13060,EU-CENTRAL
9292,69855,19,ROUTINE,2,329177,5,3892,298,84174,14319,EU-WEST
9293,44730,12,ROUTINE,1,20896,2,1471,1692,55239,10509,EU-WEST
9294,82416,22,ROUTINE,3,440964,6,5455,1122,94734,12318,US-EAST
9295,53920,14,CRITICAL,5,21493,1,894,257,55142,1222,US-EAST
9296,38708,10,ROUTINE,2,227281,4,2501,103,46832,8124,EU-WEST
9297,75249,20,ROUTINE,3,232784,8,6404,282,96313,21064,US-EAST
9298,27813,7,CRITICAL,3,12620,2,2396,253,32501,4688,EU-WEST
9299,44645,12,ROUTINE,2,226194,8,5926,92,57049,12404,EU-CENTRAL
9300,51136,14,ROUTINE,2,212934,7,5007,98,69156,18020,US-EAST
9301,21715,6,ROUTINE,2,28544,1,969,127,37649,15934,US-EAST
9302,21863,6,ROUTINE,3,41443,2,4000,231,26003,4140,US-EAST
9303,26125,7,CRITICAL,3,45804,4,4309,1727,28279,2154,EU-WEST
9304,22595,6,ROUTINE,1,202532,6,5662,173,41032,18437,EU-CENTRAL
9305,80800,22,ROUTINE,3,44791,2,1394,237,96065,15265,US-EAST
9306,40001,11,ROUTINE,1,39801,2,1997,16,56862,16861,EU-CENTRAL
9307,88321,24,ROUTINE,2,153365,8,5077,119,96324,8003,EU-WEST
9308,64095,17,CRITICAL,3,128374,3,3449,125,70017,5922,EU-WEST
9309,54319,15,ROUTINE,2,59984,4,3342,1591,64904,10585,US-EAST
9310,32251,8,CRITICAL,3,155460,4,4670,275,39557,7306,EU-WEST
9311,41641,11,ROUTINE,1,23007,1,2040,246,56119,14478,EU-CENTRAL
9312,76990,21,ROUTINE,2,35043,1,2176,1089,92459,15469,EU-WEST
9313,66291,18,ROUTINE,3,42560,4,5394,600,76611,10320,US-EAST
9314,62594,17,ROUTINE,3,38368,2,3955,212,76448,13854,EU-WEST
9315,79980,22,CRITICAL,4,28248,1,3560,206,83977,3997,US-EAST
9316,72417,20,CRITICAL,5,27694,1,1008,289,76774,4357,EU-WEST
9317,36520,10,ROUTINE,1,357153,5,5508,214,54074,17554,EU-WEST
9318,27170,7,ROUTINE,1,32618,2,4722,65,42203,15033,EU-CENTRAL
9319,65643,18,CRITICAL,4,144950,3,3618,294,73482,7839,EU-CENTRAL
9320,47256,13,ROUTINE,2,54931,4,3112,114,62014,14758,EU-CENTRAL
9321,75951,21,ROUTINE,3,28569,1,3813,1323,85677,9726,EU-WEST
9322,42180,11,ROUTINE,3,188760,5,3416,251,58987,16807,EU-WEST
9323,56965,15,CRITICAL,5,395613,8,6099,65,67755,10790,US-EAST
9324,84545,23,ROUTINE,2,5248,2,3987,167,95916,11371,US-EAST
9325,85145,23,ROUTINE,1,17597,2,2955,188,99163,14018,EU-CENTRAL
9326,37182,10,ROUTINE,2,101664,4,4893,206,46325,9143,EU-CENTRAL
9327,34244,9,CRITICAL,3,212397,4,2309,830,40167,5923,US-EAST
9328,32032,8,ROUTINE,2,312928,7,7087,1177,51858,19826,EU-WEST
9329,31283,8,CRITICAL,3,336124,8,4555,108,42009,10726,EU-WEST
9330,85291,23,ROUTINE,1,58542,3,3042,23,92919,7628,EU-WEST
9331,63381,17,CRITICAL,3,290313,8,6526,135,70993,7612,US-EAST
9332,43373,12,CRITICAL,3,102949,3,5120,8,49774,6401,EU-CENTRAL
9333,40751,11,ROUTINE,3,241259,7,4384,893,59351,18600,US-EAST
9334,42853,11,ROUTINE,2,31359,1,3183,123,57079,14226,EU-WEST
9335,38474,10,ROUTINE,3,155775,4,4085,1185,51243,12769,US-EAST
9336,73362,20,CRITICAL,5,15744,1,1053,182,77544,4182,EU-WEST
9337,31770,8,ROUTINE,3,58545,2,4667,748,45890,14120,EU-WEST
9338,53481,14,CRITICAL,4,403867,7,6652,288,61725,8244,US-EAST
9339,64545,17,CRITICAL,5,379211,5,5223,182,74256,9711,EU-CENTRAL
9340,73588,20,ROUTINE,2,492989,6,4545,815,86889,13301,EU-WEST
9341,49754,13,ROUTINE,2,21021,1,3620,281,58288,8534,US-EAST
9342,76834,21,CRITICAL,3,62792,3,4448,106,80864,4030,EU-CENTRAL
9343,65389,18,ROUTINE,3,86752,3,3643,1285,80552,15163,EU-WEST
9344,40124,11,ROUTINE,3,241100,4,2400,37,51165,11041,EU-WEST
9345,42826,11,ROUTINE,3,209398,4,3980,628,50702,7876,US-EAST
9346,32607,9,ROUTINE,1,222343,8,5807,716,51570,18963,US-EAST
9347,69622,19,ROUTINE,3,50232,4,2947,140,73923,4301,US-EAST
9348,30929,8,ROUTINE,1,279704,8,5315,19,46017,15088,EU-CENTRAL
9349,44035,12,CRITICAL,5,249675,7,4498,1559,51461,7426,EU-WEST
9350,79405,22,ROUTINE,2,90942,3,2906,151,88055,8650,EU-CENTRAL
9351,77648,21,ROUTINE,1,27620,2,3147,25,91713,14065,US-EAST
9352,23267,6,ROUTINE,3,22041,2,1600,68,32294,9027,EU-WEST
9353,27663,7,ROUTINE,3,193886,5,6350,26,42447,14784,US-EAST
9354,69951,19,ROUTINE,2,279074,7,4787,64,87824,17873,US-EAST
9355,41323,11,ROUTINE,1,15428,2,4645,12,53770,12447,EU-CENTRAL
9356,37612,10,CRITICAL,3,41239,2,3178,118,39371,1759,EU-CENTRAL
9357,27556,7,ROUTINE,1,67383,2,2316,265,42642,15086,EU-WEST
9358,67346,18,ROUTINE,2,56887,4,4242,107,72989,5643,EU-WEST
9359,62766,17,ROUTINE,2,7687,1,1254,627,65536,2770,EU-WEST
9360,44897,12,CRITICAL,5,309825,7,4369,250,56593,11696,EU-WEST
9361,60049,16,CRITICAL,5,42445,4,5184,278,62858,2809,US-EAST
9362,66714,18,ROUTINE,2,52836,3,3425,141,72636,5922,US-EAST
9363,76121,21,ROUTINE,3,11658,1,1222,245,81458,5337,US-EAST
9364,35084,9,ROUTINE,3,208849,7,5961,187,45023,9939,US-EAST
9365,76393,21,ROUTINE,1,161367,7,4002,182,89950,13557,US-EAST
9366,71626,19,ROUTINE,1,180332,6,4824,213,88219,16593,US-EAST
9367,77561,21,ROUTINE,1,247275,7,5220,51,88257,10696,EU-CENTRAL
9368,27036,7,ROUTINE,1,49936,2,4783,218,44025,16989,EU-WEST
9369,81740,22,ROUTINE,1,223259,6,6555,46,96984,15244,US-EAST
9370,35014,9,ROUTINE,2,244760,8,6536,287,53218,18204,EU-CENTRAL
9371,77642,21,ROUTINE,3,330843,4,4567,32,99595,21953,US-EAST
9372,70444,19,CRITICAL,3,20669,2,1536,1012,73548,3104,US-EAST
9373,79251,22,ROUTINE,1,247170,5,6231,334,96902,17651,EU-WEST
9374,44975,12,ROUTINE,1,126972,4,2654,123,57034,12059,EU-CENTRAL
9375,61002,16,ROUTINE,1,12899,1,3791,13,71925,10923,EU-WEST
9376,55953,15,ROUTINE,3,85589,2,1479,765,70535,14582,EU-CENTRAL
9377,63895,17,ROUTINE,3,228493,6,3927,1040,83828,19933,EU-CENTRAL
9378,87361,24,ROUTINE,2,78562,3,2845,59,100157,12796,EU-CENTRAL
9379,80408,22,ROUTINE,1,223403,5,4123,1407,91765,11357,US-EAST
9380,43311,12,CRITICAL,4,52460,4,3037,1293,48614,5303,EU-CENTRAL
9381,41364,11,ROUTINE,2,97143,4,4527,194,56578,15214,EU-CENTRAL
9382,70223,19,CRITICAL,3,85095,2,3577,41,73262,3039,EU-WEST
9383,33029,9,CRITICAL,5,552472,5,3363,1793,42670,9641,EU-WEST
9384,35410,9,ROUTINE,2,125331,3,2775,31,41934,6524,EU-WEST
9385,53609,14,ROUTINE,2,153600,5,4387,170,69303,15694,US-EAST
9386,72990,20,ROUTINE,2,34215,1,1053,242,84224,11234,US-EAST
9387,70411,19,ROUTINE,1,321066,8,6292,134,86684,16273,EU-CENTRAL
9388,29497,8,ROUTINE,1,6092,2,1481,108,39362,9865,US-EAST
9389,68571,19,CRITICAL,4,208710,4,5035,287,76842,8271,EU-CENTRAL
9390,72243,20,ROUTINE,3,294294,4,5670,1091,88807,16564,EU-WEST
9391,70304,19,ROUTINE,1,148797,2,2985,796,81171,10867,US-EAST
9392,68742,19,ROUTINE,2,149630,4,3909,297,81807,13065,US-EAST
9393,31692,8,ROUTINE,1,248159,6,6909,173,47408,15716,EU-CENTRAL
9394,41249,11,CRITICAL,5,31966,2,2727,486,46039,4790,EU-WEST
9395,83940,23,ROUTINE,2,193226,7,4041,208,98072,14132,EU-CENTRAL
9396,75026,20,ROUTINE,2,56569,3,3061,109,81729,6703,EU-WEST
9397,54055,15,CRITICAL,3,220610,8,4744,206,60294,6239,EU-WEST
9398,74431,20,CRITICAL,4,19777,1,3281,216,78701,4270,EU-CENTRAL
9399,45095,12,ROUTINE,3,122307,4,4749,19,50682,5587,EU-CENTRAL
9400,67210,18,CRITICAL,4,156116,4,4708,34,74324,7114,US-EAST
9401,80342,22,ROUTINE,1,55710,3,3640,43,92075,11733,US-EAST
9402,72501,20,CRITICAL,5,39699,2,3318,298,77996,5495,EU-WEST
9403,46044,12,CRITICAL,4,26128,2,2588,229,47665,1621,EU-WEST
9404,36311,10,ROUTINE,2,210867,7,7339,88,51396,15085,EU-CENTRAL
9405,82197,22,ROUTINE,3,424625,7,4179,108,101076,18879,EU-CENTRAL
9406,44175,12,ROUTINE,1,39421,1,1774,147,55078,10903,US-EAST
9407,41771,11,ROUTINE,1,272607,6,3707,228,63032,21261,US-EAST
9408,66297,18,CRITICAL,5,45880,2,2988,65,68153,1856,EU-WEST
9409,60155,16,ROUTINE,2,361501,6,4631,227,74951,14796,EU-CENTRAL
9410,58972,16,CRITICAL,4,30177,1,3976,133,62041,3069,US-EAST
9411,59971,16,CRITICAL,5,340083,5,4235,124,69953,9982,US-EAST
9412,40850,11,ROUTINE,3,45263,3,5137,259,56741,15891,EU-WEST
9413,69618,19,ROUTINE,1,166691,6,4109,253,85700,16082,EU-CENTRAL
9414,46724,12,ROUTINE,2,25329,2,1612,1231,59253,12529,EU-CENTRAL
9415,47834,13,ROUTINE,1,6327,2,2565,272,59209,11375,US-EAST
9416,57808,16,CRITICAL,5,262814,8,5863,285,68121,10313,US-EAST
9417,55710,15,ROUTINE,3,24231,1,3941,282,65174,9464,EU-CENTRAL
9418,72399,20,ROUTINE,1,48698,2,2045,284,76587,4188,EU-CENTRAL
9419,70323,19,CRITICAL,3,28441,2,2279,1802,72108,1785,US-EAST
9420,63353,17,CRITICAL,3,9931,1,1829,229,66165,2812,EU-CENTRAL
9421,59167,16,ROUTINE,1,133248,4,4177,202,71393,12226,EU-CENTRAL
9422,78683,21,ROUTINE,3,8283,2,3864,216,94207,15524,US-EAST
9423,61239,17,ROUTINE,2,175637,5,5167,59,76204,14965,US-EAST
9424,44511,12,CRITICAL,3,473873,5,4976,56,53815,9304,US-EAST
9425,48617,13,ROUTINE,2,171836,5,5653,223,59498,10881,EU-WEST
9426,76323,21,ROUTINE,2,167233,5,5944,182,94944,18621,US-EAST
9427,63327,17,CRITICAL,5,58604,2,1360,212,67333,4006,US-EAST
9428,27226,7,ROUTINE,2,356001,4,4516,198,43437,16211,EU-CENTRAL
9429,41973,11,ROUTINE,3,44556,4,3326,199,57745,15772,US-EAST
9430,63535,17,ROUTINE,2,55070,2,2733,96,80532,16997,EU-CENTRAL
9431,67474,18,ROUTINE,2,194921,5,6174,1292,86517,19043,EU-WEST
9432,37888,10,ROUTINE,2,409359,7,3922,966,57201,19313,EU-CENTRAL
9433,47841,13,CRITICAL,4,56388,3,2282,182,50587,2746,EU-WEST
9434,31995,8,ROUTINE,1,447244,8,7606,162,46887,14892,EU-CENTRAL
9435,82157,22,ROUTINE,2,43733,2,1710,277,88837,6680,US-EAST
9436,75675,21,ROUTINE,1,17624,2,2472,45,82958,7283,EU-CENTRAL
9437,59741,16,ROUTINE,2,185437,8,5895,181,78245,18504,EU-CENTRAL
9438,47151,13,CRITICAL,5,217813,4,4570,18,54279,7128,EU-WEST
9439,34749,9,CRITICAL,3,6362,1,2699,134,37358,2609,EU-CENTRAL
9440,26345,7,CRITICAL,4,201317,7,6109,194,34943,8598,EU-WEST
9441,48718,13,ROUTINE,2,17333,1,1744,182,56878,8160,US-EAST
9442,57821,16,ROUTINE,2,33850,2,3221,120,70608,12787,EU-WEST
9443,84994,23,CRITICAL,4,141053,3,3900,204,89957,4963,US-EAST
9444,32458,9,ROUTINE,2,240419,7,5628,10,48550,16092,US-EAST
9445,79035,21,ROUTINE,1,56554,3,4337,696,84918,5883,EU-CENTRAL
9446,55042,15,ROUTINE,1,517546,8,5456,160,74569,19527,EU-WEST
9447,72727,20,CRITICAL,4,227725,8,5929,199,79998,7271,US-EAST
9448,84622,23,ROUTINE,3,32055,1,4296,254,88903,4281,EU-CENTRAL
9449,33614,9,ROUTINE,2,135916,3,2456,210,42291,8677,US-EAST
9450,81083,22,ROUTINE,3,317839,7,7073,242,100579,19496,EU-WEST
9451,27819,7,ROUTINE,3,34173,2,3263,162,33057,5238,EU-CENTRAL
9452,81499,22,ROUTINE,2,69936,3,2451,181,94669,13170,EU-CENTRAL
9453,62544,17,CRITICAL,3,180887,7,5846,261,69132,6588,EU-CENTRAL
9454,40571,11,ROUTINE,1,594797,6,3482,25,55401,14830,EU-WEST
9455,79814,22,ROUTINE,1,21934,1,1946,173,90325,10511,EU-CENTRAL
9456,88054,24,ROUTINE,1,109197,2,2315,813,95183,7129,US-EAST
9457,65138,18,ROUTINE,2,53093,2,3230,157,70451,5313,EU-CENTRAL
9458,58279,16,CRITICAL,5,431813,8,4644,196,67120,8841,EU-CENTRAL
9459,78127,21,ROUTINE,3,53577,3,4778,161,85436,7309,EU-CENTRAL
9460,62833,17,ROUTINE,3,97778,2,1813,33,75844,13011,US-EAST
9461,85017,23,ROUTINE,3,14361,1,4021,253,96568,11551,EU-WEST
9462,40375,11,CRITICAL,5,29134,1,1491,183,45287,4912,EU-WEST
9463,28143,7,ROUTINE,2,111022,2,2196,1049,38424,10281,EU-WEST
9464,42016,11,CRITICAL,3,116549,2,4740,1783,47338,5322,US-EAST
9465,41865,11,ROUTINE,1,215515,5,6230,32,52859,10994,EU-WEST
9466,44282,12,ROUTINE,1,264287,5,6202,195,65892,21610,EU-WEST
9467,34335,9,CRITICAL,5,311617,5,3198,250,44666,10331,US-EAST
9468,37810,10,ROUTINE,2,25674,1,4064,296,41348,3538,EU-CENTRAL
9469,77187,21,ROUTINE,3,13308,2,4686,212,81893,4706,EU-WEST
9470,22274,6,CRITICAL,3,31495,1,3554,135,23922,1648,US-EAST
9471,29192,8,ROUTINE,2,56242,4,2447,237,40652,11460,EU-WEST
9472,46831,13,ROUTINE,1,96799,3,4823,256,55234,8403,EU-CENTRAL
9473,57062,15,CRITICAL,3,351565,8,5744,162,65666,8604,EU-WEST
9474,44051,12,CRITICAL,4,15383,2,4164,142,47724,3673,US-EAST
9475,47393,13,CRITICAL,4,28324,2,1487,485,52237,4844,US-EAST
9476,54275,15,ROUTINE,1,25088,2,1994,91,64232,9957,EU-CENTRAL
9477,22403,6,ROUTINE,3,24757,2,2347,113,34973,12570,EU-WEST
9478,77303,21,CRITICAL,5,116479,3,4212,212,84278,6975,EU-WEST
9479,48336,13,ROUTINE,3,210130,4,3383,118,57103,8767,EU-WEST
9480,37227,10,ROUTINE,3,38478,1,2031,11,45712,8485,EU-CENTRAL
9481,59488,16,ROUTINE,2,444391,5,3119,262,74645,15157,US-EAST
9482,56863,15,ROUTINE,3,79839,4,2983,67,61493,4630,US-EAST
9483,49425,13,ROUTINE,1,59679,3,5279,200,55841,6416,US-EAST
9484,49966,13,ROUTINE,3,68140,2,3904,94,61568,11602,EU-CENTRAL
9485,27155,7,ROUTINE,3,37470,1,2467,145,41301,14146,EU-WEST
9486,53487,14,ROUTINE,2,52174,3,3168,286,61776,8289,US-EAST
9487,74626,20,ROUTINE,3,20462,2,1922,12,85972,11346,EU-WEST
9488,42148,11,ROUTINE,2,14887,1,785,132,49847,7699,EU-WEST
9489,35799,9,ROUTINE,3,211359,7,5907,226,45693,9894,US-EAST
9490,36056,10,ROUTINE,1,308394,7,6676,270,57829,21773,EU-CENTRAL
9491,47571,13,ROUTINE,2,34183,1,1716,251,61658,14087,EU-WEST
9492,50398,13,ROUTINE,2,330087,6,4629,37,61496,11098,US-EAST
9493,56333,15,ROUTINE,1,26702,2,1432,125,62440,6107,US-EAST
9494,42035,11,ROUTINE,2,57199,3,3233,216,47320,5285,EU-WEST
9495,80929,22,CRITICAL,4,28531,2,2932,1816,85557,4628,EU-WEST
9496,87804,24,ROUTINE,2,342364,6,3514,177,109795,21991,US-EAST
9497,72693,20,ROUTINE,3,9514,1,1397,258,79397,6704,US-EAST
9498,74677,20,ROUTINE,3,276149,5,2840,9,85629,10952,EU-WEST
9499,33941,9,CRITICAL,3,146296,2,2159,156,41996,8055,EU-WEST
9500,42060,11,ROUTINE,2,182282,5,3163,231,61449,19389,EU-WEST
9501,73921,20,ROUTINE,1,16219,2,2173,205,86661,12740,EU-WEST
9502,43622,12,ROUTINE,1,42937,4,3539,1505,48205,4583,EU-WEST
9503,49776,13,CRITICAL,5,534664,8,6552,147,58769,8993,EU-WEST
9504,58656,16,ROUTINE,1,187283,5,4027,157,73025,14369,EU-WEST
9505,76868,21,ROUTINE,3,101968,4,4513,719,82043,5175,US-EAST
9506,37283,10,ROUTINE,2,49632,4,5414,387,50480,13197,US-EAST
9507,43949,12,CRITICAL,3,71162,2,1939,1236,49782,5833,EU-CENTRAL
9508,77873,21,CRITICAL,4,59413,3,4489,1399,81701,3828,US-EAST
9509,49603,13,CRITICAL,4,7264,2,3042,104,53768,4165,US-EAST
9510,86700,24,ROUTINE,1,86635,4,3265,222,101287,14587,EU-WEST
9511,74372,20,ROUTINE,2,275567,6,5081,211,90321,15949,EU-WEST
9512,76718,21,CRITICAL,3,114892,2,1630,202,82610,5892,EU-WEST
9513,28126,7,ROUTINE,1,21309,1,2235,49,41445,13319,EU-WEST
9514,47704,13,ROUTINE,2,35626,2,4676,117,62197,14493,EU-WEST
9515,84308,23,ROUTINE,1,314042,4,5467,224,97631,13323,EU-WEST
9516,54340,15,ROUTINE,3,56720,2,2631,25,71720,17380,US-EAST
9517,50385,13,CRITICAL,4,21109,1,2850,1650,52188,1803,US-EAST
9518,34238,9,ROUTINE,2,21528,1,2932,199,40172,5934,EU-CENTRAL
9519,34519,9,CRITICAL,5,43853,3,1903,225,39924,5405,EU-WEST
9520,87738,24,CRITICAL,5,573385,5,5921,169,98264,10526,EU-CENTRAL
9521,37836,10,ROUTINE,2,7784,2,4310,189,47313,9477,US-EAST
9522,45740,12,ROUTINE,1,26851,1,1581,113,55457,9717,EU-WEST
9523,26678,7,ROUTINE,2,155821,7,5677,159,34812,8134,EU-WEST
9524,34025,9,CRITICAL,3,178254,6,5283,192,41496,7471,EU-WEST
9525,37410,10,ROUTINE,3,21197,1,4321,44,41356,3946,EU-WEST
9526,64384,17,ROUTINE,3,28391,1,1139,257,71979,7595,EU-WEST
9527,82944,23,ROUTINE,3,173243,8,5928,73,102801,19857,EU-CENTRAL
9528,36050,10,CRITICAL,4,539684,7,4745,183,45531,9481,US-EAST
9529,65707,18,ROUTINE,2,133490,2,3990,98,76277,10570,EU-WEST
9530,40998,11,ROUTINE,2,45659,4,3754,1996,51820,10822,EU-CENTRAL
9531,47543,13,ROUTINE,2,54107,2,4488,60,60698,13155,EU-WEST
9532,65188,18,CRITICAL,3,247362,8,5665,87,75790,10602,EU-WEST
9533,23908,6,ROUTINE,2,56392,2,2859,408,35943,12035,EU-CENTRAL
9534,25290,7,ROUTINE,1,51786,4,4476,211,29801,4511,EU-WEST
9535,30861,8,ROUTINE,3,570864,6,6417,208,49457,18596,EU-CENTRAL
9536,78077,21,ROUTINE,3,48665,2,3226,1894,89440,11363,US-EAST
9537,32203,8,ROUTINE,3,304598,6,3490,132,54597,22394,EU-CENTRAL
9538,28934,8,ROUTINE,2,6831,1,1723,86,37860,8926,EU-WEST
9539,63834,17,ROUTINE,3,100867,3,4842,188,80523,16689,EU-WEST
9540,65378,18,ROUTINE,3,52151,4,5561,91,75209,9831,EU-WEST
9541,69273,19,ROUTINE,3,125537,3,2822,1632,84168,14895,EU-WEST
9542,63344,17,ROUTINE,1,11859,2,3391,54,66790,3446,EU-WEST
9543,31424,8,ROUTINE,1,32872,1,887,40,43244,11820,EU-WEST
9544,87837,24,ROUTINE,2,33001,1,2426,47,92216,4379,EU-CENTRAL
9545,79010,21,CRITICAL,4,44107,3,5177,165,82151,3141,US-EAST
9546,81943,22,ROUTINE,2,33768,1,1521,43,95920,13977,US-EAST
9547,77597,21,ROUTINE,2,6174,2,2973,11,80709,3112,EU-CENTRAL
9548,76677,21,ROUTINE,2,575423,4,4584,212,95108,18431,US-EAST
9549,48282,13,ROUTINE,3,303731,5,4837,34,59729,11447,EU-WEST
9550,49595,13,ROUTINE,1,128202,3,4074,53,61210,11615,EU-WEST
9551,24316,6,CRITICAL,5,55737,4,3951,196,26887,2571,EU-CENTRAL
9552,32556,9,CRITICAL,5,154571,5,3741,145,38952,6396,US-EAST
9553,35855,9,CRITICAL,4,83958,3,2979,77,39512,3657,EU-WEST
9554,59841,16,ROUTINE,2,80756,4,4430,289,76911,17070,EU-CENTRAL
9555,73787,20,ROUTINE,3,439078,7,7415,272,84158,10371,EU-WEST
9556,40398,11,ROUTINE,1,501733,5,5750,192,61208,20810,EU-CENTRAL
9557,45155,12,CRITICAL,3,15318,1,4197,16,47044,1889,EU-WEST
9558,48715,13,ROUTINE,3,190520,6,3820,1085,59844,11129,US-EAST
9559,34727,9,ROUTINE,3,429200,4,4240,50,56164,21437,US-EAST
9560,74160,20,ROUTINE,3,25736,2,3463,227,81313,7153,EU-WEST
9561,83786,23,CRITICAL,4,22761,1,2598,405,85690,1904,EU-CENTRAL
9562,56909,15,ROUTINE,2,543244,4,5205,1367,70063,13154,EU-WEST
9563,44625,12,ROUTINE,3,145952,4,4865,849,51644,7019,US-EAST
9564,66028,18,ROUTINE,3,15202,1,2753,241,73872,7844,US-EAST
9565,46164,12,ROUTINE,1,89788,4,5044,1803,63451,17287,US-EAST
9566,40438,11,CRITICAL,4,118501,2,2268,136,44756,4318,EU-WEST
9567,28620,7,ROUTINE,2,159294,6,6869,219,44976,16356,EU-CENTRAL
9568,64128,17,ROUTINE,2,51543,2,1445,136,72108,7980,EU-CENTRAL
9569,21772,6,CRITICAL,5,27535,1,2703,617,23751,1979,EU-WEST
9570,50944,14,CRITICAL,5,231688,4,3888,93,58775,7831,EU-WEST
9571,37754,10,ROUTINE,1,39987,1,2225,20,47189,9435,EU-WEST
9572,49412,13,ROUTINE,2,17837,1,1825,1428,65147,15735,EU-WEST
9573,61280,17,ROUTINE,2,154837,7,5181,21,68651,7371,EU-WEST
9574,32215,8,ROUTINE,2,15949,1,2303,98,36063,3848,EU-CENTRAL
9575,35651,9,ROUTINE,1,404257,4,4870,134,47684,12033,US-EAST
9576,49196,13,ROUTINE,2,190993,6,3899,150,63751,14555,US-EAST
9577,74744,20,CRITICAL,3,90920,3,4101,263,77933,3189,EU-CENTRAL
9578,35722,9,ROUTINE,1,181965,4,5125,158,56183,20461,EU-CENTRAL
9579,74347,20,ROUTINE,1,53833,3,2596,122,84596,10249,EU-CENTRAL
9580,70794,19,ROUTINE,3,119859,2,2870,1154,83650,12856,US-EAST
9581,80583,22,ROUTINE,2,41084,4,2528,264,91903,11320,US-EAST
9582,52328,14,CRITICAL,5,188854,7,3853,51,60710,8382,EU-CENTRAL
9583,33118,9,ROUTINE,1,35712,1,3196,127,38493,5375,EU-WEST
9584,85200,23,CRITICAL,3,395495,5,4854,135,96896,11696,EU-CENTRAL
9585,33097,9,CRITICAL,3,217602,6,5091,260,42189,9092,EU-CENTRAL
9586,54095,15,CRITICAL,5,25567,2,1640,234,56163,2068,US-EAST
9587,30943,8,ROUTINE,3,14609,2,3745,144,43974,13031,EU-WEST
9588,48357,13,ROUTINE,3,71773,3,3203,152,64065,15708,EU-CENTRAL
9589,48119,13,ROUTINE,1,15232,1,3368,270,52296,4177,EU-WEST
9590,31052,8,ROUTINE,3,82105,4,4703,110,39765,8713,US-EAST
9591,35329,9,ROUTINE,1,34799,2,4666,177,40839,5510,US-EAST
9592,22660,6,ROUTINE,2,76693,4,4749,229,34017,11357,EU-WEST
9593,79232,22,ROUTINE,3,7137,2,2747,196,82038,2806,EU-WEST
9594,69079,19,CRITICAL,3,27870,2,3283,165,71256,2177,US-EAST
9595,70604,19,ROUTINE,1,40774,3,2486,272,83638,13034,EU-WEST
9596,73443,20,ROUTINE,2,184719,6,5962,156,87692,14249,EU-CENTRAL
9597,71630,19,ROUTINE,1,210790,7,4532,50,84882,13252,EU-WEST
9598,62773,17,ROUTINE,2,58444,2,2980,70,73475,10702,US-EAST
9599,81723,22,CRITICAL,4,174213,5,2839,256,88522,6799,EU-WEST
9600,37355,10,ROUTINE,1,83689,2,2325,43,44953,7598,US-EAST
9601,62060,17,CRITICAL,3,45012,3,3413,486,64000,1940,EU-WEST
9602,51293,14,ROUTINE,3,140505,4,4496,34,70394,19101,EU-WEST
9603,46214,12,CRITICAL,3,394731,8,5060,35,53830,7616,US-EAST
9604,46324,12,ROUTINE,1,26063,1,1746,244,53679,7355,US-EAST
9605,44580,12,ROUTINE,1,7992,2,1437,222,51615,7035,EU-CENTRAL
9606,33045,9,CRITICAL,4,202690,5,3204,1497,42202,9157,EU-WEST
9607,72347,20,CRITICAL,4,37190,2,3029,94,77425,5078,US-EAST
9608,46678,12,CRITICAL,5,43274,2,1938,1430,50735,4057,EU-CENTRAL
9609,26663,7,CRITICAL,3,26140,2,4675,213,27971,1308,EU-WEST
9610,70888,19,ROUTINE,1,38806,1,4086,254,79146,8258,EU-WEST
9611,78308,21,ROUTINE,1,40335,4,4216,29,87029,8721,US-EAST
9612,66088,18,ROUTINE,3,17040,2,3237,857,78171,12083,EU-WEST
9613,50795,14,CRITICAL,5,35361,2,2750,15,53718,2923,EU-WEST
9614,61323,17,CRITICAL,3,521478,6,3881,147,70668,9345,EU-CENTRAL
9615,83414,23,CRITICAL,5,227498,7,6127,123,93412,9998,EU-CENTRAL
9616,54180,15,CRITICAL,5,36634,1,2602,1521,59497,5317,EU-CENTRAL
9617,82843,23,ROUTINE,3,9996,2,2794,229,92770,9927,EU-CENTRAL
9618,52656,14,ROUTINE,3,6508,2,2970,278,66819,14163,EU-WEST
9619,43610,12,ROUTINE,1,95608,3,5125,190,57297,13687,US-EAST
9620,53607,14,ROUTINE,2,58473,2,3516,260,59005,5398,US-EAST
9621,64684,17,ROUTINE,2,36756,2,4210,251,71133,6449,US-EAST
9622,28457,7,ROUTINE,3,52495,2,3865,19,38354,9897,US-EAST
9623,38802,10,ROUTINE,3,47521,2,1566,1426,48885,10083,EU-CENTRAL
9624,42344,11,ROUTINE,1,52999,3,3080,55,58746,16402,EU-WEST
9625,75747,21,ROUTINE,1,475603,4,4368,38,98690,22943,EU-WEST
9626,76221,21,ROUTINE,2,9428,1,2423,96,80598,4377,EU-WEST
9627,86527,24,CRITICAL,5,204042,5,5507,56,95337,8810,US-EAST
9628,64664,17,ROUTINE,2,11099,1,3929,119,79947,15283,EU-WEST
9629,33843,9,ROUTINE,3,63261,4,4748,130,44685,10842,EU-WEST
9630,40305,11,CRITICAL,5,155441,5,6303,293,47847,7542,US-EAST
9631,29089,8,ROUTINE,3,42510,3,2261,992,38506,9417,EU-WEST
9632,72445,20,CRITICAL,5,56886,4,3298,32,76539,4094,EU-CENTRAL
9633,52754,14,ROUTINE,2,5492,1,2264,100,55363,2609,US-EAST
9634,72384,20,CRITICAL,3,376473,4,4794,227,81565,9181,US-EAST
9635,50918,14,CRITICAL,5,38390,1,3861,30,53382,2464,EU-WEST
9636,48203,13,ROUTINE,3,457506,5,2983,25,60597,12394,US-EAST
9637,27826,7,ROUTINE,3,597439,6,4133,606,45709,17883,EU-WEST
9638,45234,12,CRITICAL,3,48712,3,5133,95,50632,5398,EU-CENTRAL
9639,33099,9,ROUTINE,2,39537,1,4186,161,44302,11203,EU-WEST
9640,23980,6,CRITICAL,3,24696,1,2203,228,25770,1790,EU-WEST
9641,77633,21,ROUTINE,3,57694,2,4355,111,87984,10351,EU-CENTRAL
9642,29325,8,ROUTINE,1,46647,2,4789,298,42451,13126,US-EAST
9643,27275,7,ROUTINE,2,44847,2,2091,274,36058,8783,US-EAST
9644,27088,7,ROUTINE,3,44446,2,1997,521,31245,4157,US-EAST
9645,61491,17,ROUTINE,1,167293,4,3485,145,76507,15016,EU-WEST
9646,83655,23,ROUTINE,3,52558,4,5652,162,99792,16137,US-EAST
9647,55413,15,ROUTINE,2,49337,3,4363,52,63769,8356,EU-WEST
9648,36812,10,ROUTINE,2,11057,1,2127,424,51714,14902,EU-CENTRAL
9649,76634,21,ROUTINE,3,111640,3,4940,232,85071,8437,EU-CENTRAL
9650,25483,7,CRITICAL,4,169419,8,7106,52,32332,6849,US-EAST
9651,69527,19,CRITICAL,4,164486,7,4750,1408,78399,8872,EU-CENTRAL
9652,81152,22,ROUTINE,2,6339,2,1772,200,95889,14737,US-EAST
9653,36870,10,ROUTINE,2,8893,2,3626,152,52506,15636,EU-CENTRAL
9654,66870,18,ROUTINE,1,148884,3,3873,72,84180,17310,EU-WEST
9655,46234,12,ROUTINE,1,22828,2,2092,168,53390,7156,EU-CENTRAL
9656,65883,18,ROUTINE,3,5453,1,3288,53,80683,14800,EU-WEST
9657,30113,8,ROUTINE,2,42159,4,4429,255,39370,9257,EU-WEST
9658,22947,6,ROUTINE,3,22779,2,4862,690,33112,10165,EU-WEST
9659,23188,6,ROUTINE,3,107005,2,2632,69,41397,18209,EU-CENTRAL
9660,52221,14,CRITICAL,3,106738,3,5173,312,58071,5850,EU-WEST
9661,39372,10,CRITICAL,4,69376,4,4478,265,42412,3040,US-EAST
9662,60206,16,ROUTINE,1,588464,6,5111,285,80153,19947,EU-WEST
9663,76454,21,CRITICAL,4,34456,1,1843,63,82040,5586,EU-WEST
9664,83588,23,CRITICAL,4,26938,1,1554,256,87581,3993,EU-WEST
9665,66520,18,CRITICAL,4,248433,6,4837,995,75988,9468,EU-CENTRAL
9666,73315,20,CRITICAL,5,47848,2,2403,238,77611,4296,EU-CENTRAL
9667,56270,15,ROUTINE,1,226302,7,6787,183,70776,14506,US-EAST
9668,78472,21,CRITICAL,3,184140,8,5757,1022,84795,6323,US-EAST
9669,72768,20,CRITICAL,5,569398,5,4892,106,83600,10832,EU-WEST
9670,72242,20,CRITICAL,4,83955,4,4026,11,78453,6211,US-EAST
9671,61789,17,CRITICAL,3,266936,8,6332,6,72643,10854,US-EAST
9672,70297,19,CRITICAL,3,65949,4,5839,235,74327,4030,US-EAST
9673,65551,18,ROUTINE,1,49753,2,1734,1007,76452,10901,EU-CENTRAL
9674,53147,14,CRITICAL,4,154862,8,5847,145,59544,6397,EU-WEST
9675,89277,24,CRITICAL,4,15927,2,4094,1299,94424,5147,US-EAST
9676,67955,18,CRITICAL,4,22066,1,3333,1500,72991,5036,EU-WEST
9677,54227,15,CRITICAL,3,222570,4,3478,14,61018,6791,EU-WEST
9678,28720,7,ROUTINE,3,45504,4,4188,15,44132,15412,EU-WEST
9679,35306,9,CRITICAL,5,30287,1,2645,170,40546,5240,US-EAST
9680,32785,9,CRITICAL,4,18631,1,1323,33,35690,2905,EU-WEST
9681,27046,7,CRITICAL,5,99494,2,2154,109,33029,5983,EU-WEST
9682,69320,19,ROUTINE,1,38230,2,2780,286,81905,12585,US-EAST
9683,81549,22,ROUTINE,1,43255,2,1841,209,95286,13737,EU-WEST
9684,55578,15,ROUTINE,2,60495,3,3960,270,59589,4011,EU-WEST
9685,87437,24,ROUTINE,1,21817,1,3460,192,98281,10844,EU-CENTRAL
9686,30505,8,ROUTINE,2,162653,5,3341,158,50078,19573,EU-CENTRAL
9687,36624,10,ROUTINE,3,144401,2,2569,1877,55359,18735,EU-WEST
9688,55628,15,ROUTINE,1,143103,4,4773,14,74372,18744,EU-WEST
9689,52827,14,ROUTINE,1,113960,2,4329,43,68860,16033,EU-CENTRAL
9690,88340,24,ROUTINE,2,92127,4,5692,265,99601,11261,EU-CENTRAL
9691,57855,16,ROUTINE,2,14962,2,2774,113,70259,12404,EU-CENTRAL
9692,24565,6,ROUTINE,2,8593,1,4080,109,40352,15787,EU-WEST
9693,54957,15,ROUTINE,2,93363,4,2513,17,60477,5520,EU-WEST
9694,82071,22,ROUTINE,2,11906,2,2676,255,96402,14331,EU-WEST
9695,65079,18,ROUTINE,2,160079,5,5170,220,75178,10099,EU-WEST
9696,61331,17,CRITICAL,3,145722,3,3003,184,65930,4599,EU-CENTRAL
9697,36325,10,CRITICAL,3,16657,1,1618,180,39456,3131,EU-WEST
9698,52846,14,ROUTINE,1,29067,1,2910,253,59629,6783,EU-WEST
9699,33382,9,CRITICAL,3,122193,3,3708,90,38790,5408,EU-CENTRAL
9700,53239,14,ROUTINE,3,50525,3,3437,271,67189,13950,EU-WEST
9701,39547,10,ROUTINE,1,49218,3,3049,67,54620,15073,EU-WEST
9702,39334,10,ROUTINE,1,47235,3,4501,97,56231,16897,EU-WEST
9703,46458,12,ROUTINE,1,16536,1,4109,180,56161,9703,US-EAST
9704,35540,9,ROUTINE,1,120300,4,3448,1044,47987,12447,US-EAST
9705,40085,11,ROUTINE,2,121304,2,4326,194,51214,11129,US-EAST
9706,74981,20,CRITICAL,3,51114,3,3058,226,78093,3112,US-EAST
9707,75789,21,CRITICAL,4,441669,8,7824,555,87241,11452,US-EAST
9708,61878,17,ROUTINE,1,55109,4,4125,43,67062,5184,EU-WEST
9709,72566,20,CRITICAL,5,56865,3,2167,229,77980,5414,EU-WEST
9710,89424,24,ROUTINE,1,139218,2,2317,180,103145,13721,EU-CENTRAL
9711,55569,15,ROUTINE,3,25038,1,3164,223,60791,5222,EU-CENTRAL
9712,76498,21,CRITICAL,5,27555,1,3484,49,79935,3437,EU-WEST
9713,70521,19,ROUTINE,2,394147,7,7244,555,85736,15215,US-EAST
9714,69129,19,CRITICAL,4,577547,6,6772,225,78644,9515,US-EAST
9715,26047,7,ROUTINE,3,537680,7,5572,214,43921,17874,EU-WEST
9716,54087,15,ROUTINE,1,103465,2,3814,1114,68464,14377,EU-CENTRAL
9717,29677,8,ROUTINE,2,43505,3,2671,216,37839,8162,EU-WEST
9718,83267,23,CRITICAL,5,542105,4,5387,198,91489,8222,US-EAST
9719,59253,16,ROUTINE,3,11383,2,2163,248,68244,8991,EU-CENTRAL
9720,41415,11,ROUTINE,1,46271,3,4025,149,57334,15919,US-EAST
9721,72280,20,ROUTINE,3,37616,1,4323,237,88649,16369,US-EAST
9722,80277,22,ROUTINE,3,37349,1,2912,190,85089,4812,EU-WEST
9723,41415,11,CRITICAL,5,221040,7,4772,162,50971,9556,EU-CENTRAL
9724,80674,22,ROUTINE,3,373134,4,4177,83,91309,10635,EU-CENTRAL
9725,35884,9,CRITICAL,5,152291,5,4941,520,40641,4757,US-EAST
9726,28682,7,ROUTINE,3,36896,2,3932,189,36699,8017,US-EAST
9727,63640,17,CRITICAL,3,227405,7,4000,14,74048,10408,EU-WEST
9728,81179,22,ROUTINE,2,566355,7,4705,1244,96508,15329,EU-CENTRAL
9729,48527,13,CRITICAL,3,163468,5,6255,216,53574,5047,EU-CENTRAL
9730,55503,15,CRITICAL,3,458428,8,5048,33,65985,10482,US-EAST
9731,56190,15,ROUTINE,2,34537,1,1889,60,71532,15342,US-EAST
9732,49597,13,ROUTINE,1,368945,6,4741,842,61086,11489,EU-WEST
9733,56122,15,CRITICAL,4,10115,2,3218,136,59459,3337,EU-CENTRAL
9734,83386,23,ROUTINE,1,47995,3,1843,82,90531,7145,EU-WEST
9735,62496,17,CRITICAL,4,32813,2,4131,37,67638,5142,US-EAST
9736,64945,18,CRITICAL,5,29407,2,2109,31,67842,2897,EU-WEST
9737,23473,6,ROUTINE,1,30776,2,3040,96,29449,5976,EU-WEST
9738,32057,8,ROUTINE,2,15870,2,4660,1810,40674,8617,US-EAST
9739,27189,7,CRITICAL,3,18621,1,2215,86,31994,4805,EU-WEST
9740,68296,18,CRITICAL,5,27523,1,973,700,72345,4049,US-EAST
9741,79770,22,CRITICAL,3,48457,2,2302,112,82021,2251,US-EAST
9742,81655,22,ROUTINE,2,167224,7,6636,260,88424,6769,EU-CENTRAL
9743,39089,10,CRITICAL,3,485212,6,4594,77,49388,10299,EU-CENTRAL
9744,23662,6,CRITICAL,3,183535,7,5727,145,29614,5952,EU-WEST
9745,46465,12,CRITICAL,4,177558,7,6605,52,53473,7008,EU-CENTRAL
9746,30613,8,ROUTINE,2,59300,3,3455,196,36464,5851,EU-WEST
9747,60706,16,ROUTINE,2,445594,5,3830,76,83018,22312,EU-WEST
9748,77215,21,ROUTINE,1,309286,5,4391,12,87150,9935,EU-CENTRAL
9749,61118,16,ROUTINE,3,70384,2,4173,258,77055,15937,US-EAST
9750,36346,10,ROUTINE,3,22277,1,2827,461,50898,14552,EU-WEST
9751,60824,16,ROUTINE,1,306016,5,3624,122,82575,21751,EU-WEST
9752,60474,16,CRITICAL,3,128608,3,4563,50,65494,5020,EU-CENTRAL
9753,63186,17,CRITICAL,5,226618,7,7096,140,69532,6346,EU-WEST
9754,68306,18,ROUTINE,3,62704,3,2197,159,79148,10842,EU-WEST
9755,64444,17,ROUTINE,3,511846,4,5278,25,80823,16379,EU-WEST
9756,57533,15,ROUTINE,2,118922,3,3776,1659,69056,11523,EU-CENTRAL
9757,80160,22,CRITICAL,3,234262,5,2867,268,88771,8611,US-EAST
9758,71776,19,ROUTINE,3,416119,4,5885,1167,83164,11388,US-EAST
9759,78966,21,CRITICAL,4,20972,2,2984,1342,81899,2933,US-EAST
9760,27199,7,ROUTINE,1,6658,2,3856,175,41892,14693,EU-WEST
9761,28599,7,ROUTINE,3,44414,4,5577,239,42825,14226,EU-WEST
9762,60199,16,CRITICAL,4,150593,5,2999,133,66617,6418,EU-CENTRAL
9763,37025,10,ROUTINE,2,16572,1,860,616,42785,5760,EU-WEST
9764,33489,9,ROUTINE,3,117675,4,5198,183,41711,8222,EU-CENTRAL
9765,46283,12,CRITICAL,5,54900,3,4510,46,51494,5211,EU-WEST
9766,61907,17,ROUTINE,3,13137,2,3982,906,77048,15141,US-EAST
9767,33509,9,ROUTINE,3,142222,4,5155,245,43969,10460,EU-CENTRAL
9768,63399,17,ROUTINE,3,176463,7,6442,185,79367,15968,EU-CENTRAL
9769,38903,10,ROUTINE,3,536463,8,5149,91,61175,22272,EU-WEST
9770,53698,14,ROUTINE,3,22644,2,2515,1969,60500,6802,US-EAST
9771,54581,15,ROUTINE,2,99538,2,2533,19,66075,11494,EU-WEST
9772,84201,23,ROUTINE,1,54442,4,3059,1719,93356,9155,US-EAST
9773,25467,7,CRITICAL,5,466379,4,4989,251,35567,10100,US-EAST
9774,89982,24,ROUTINE,3,152680,6,5797,255,105221,15239,US-EAST
9775,84923,23,CRITICAL,4,414642,4,5651,47,93631,8708,EU-WEST
9776,89576,24,ROUTINE,2,44781,2,4111,167,97132,7556,US-EAST
9777,84511,23,ROUTINE,1,90658,4,2533,175,94458,9947,EU-CENTRAL
9778,60528,16,CRITICAL,3,40426,3,4015,243,62904,2376,EU-CENTRAL
9779,57056,15,ROUTINE,2,128358,2,1579,173,76235,19179,EU-WEST
9780,55021,15,ROUTINE,2,13560,1,3046,72,64167,9146,US-EAST
9781,46487,12,ROUTINE,1,110239,2,2258,44,52894,6407,EU-WEST
9782,76463,21,ROUTINE,2,56397,4,4482,34,81580,5117,US-EAST
9783,46461,12,ROUTINE,2,245848,8,5343,74,60502,14041,US-EAST
9784,86138,23,ROUTINE,3,32713,1,2025,16,91344,5206,US-EAST
9785,89006,24,ROUTINE,3,149641,2,1881,580,107111,18105,EU-CENTRAL
9786,43879,12,ROUTINE,1,53833,2,2519,247,57699,13820,EU-WEST
9787,81917,22,CRITICAL,5,97118,3,2245,164,86715,4798,EU-WEST
9788,42233,11,ROUTINE,3,242651,7,4493,204,51127,8894,EU-WEST
9789,23894,6,ROUTINE,3,60081,4,2873,10,31808,7914,EU-CENTRAL
9790,85941,23,CRITICAL,4,170855,6,6254,48,93319,7378,EU-WEST
9791,61669,17,ROUTINE,2,51099,3,2141,124,66515,4846,EU-WEST
9792,47391,13,ROUTINE,3,148855,4,3296,296,60776,13385,EU-WEST
9793,30601,8,ROUTINE,1,221013,8,5144,13,45877,15276,US-EAST
9794,29974,8,ROUTINE,3,199733,4,3973,123,49613,19639,EU-WEST
9795,71481,19,ROUTINE,2,30280,2,1758,41,87924,16443,US-EAST
9796,65628,18,CRITICAL,3,59917,2,3034,127,71498,5870,US-EAST
9797,30531,8,ROUTINE,2,20323,1,4286,300,33857,3326,US-EAST
9798,81351,22,ROUTINE,1,47397,4,5758,248,85462,4111,EU-CENTRAL
9799,38617,10,CRITICAL,4,180629,8,4540,110,43821,5204,US-EAST
9800,53442,14,CRITICAL,4,337804,7,5903,284,64902,11460,EU-WEST
9801,25555,7,ROUTINE,2,50972,2,2698,1455,41552,15997,EU-CENTRAL
9802,55091,15,CRITICAL,4,17834,1,1193,180,56468,1377,EU-WEST
9803,25744,7,ROUTINE,2,54133,3,4349,1667,37537,11793,US-EAST
9804,26850,7,ROUTINE,2,145416,3,2911,135,44430,17580,US-EAST
9805,35860,9,CRITICAL,3,24317,1,3715,716,37258,1398,EU-WEST
9806,38748,10,CRITICAL,4,155775,8,7829,49,47110,8362,EU-CENTRAL
9807,67324,18,CRITICAL,3,209225,5,3559,182,76259,8935,US-EAST
9808,62505,17,ROUTINE,1,144412,3,3357,448,69995,7490,US-EAST
9809,43291,12,ROUTINE,2,358288,4,5045,41,59947,16656,US-EAST
9810,61626,17,ROUTINE,1,127485,3,5324,193,72228,10602,EU-CENTRAL
9811,41670,11,CRITICAL,3,66144,3,2360,59,45154,3484,EU-CENTRAL
9812,70541,19,ROUTINE,2,30272,2,4339,72,83329,12788,EU-CENTRAL
9813,48658,13,ROUTINE,1,10258,1,2393,173,52292,3634,EU-CENTRAL
9814,53752,14,ROUTINE,3,359662,7,7395,299,72817,19065,EU-WEST
9815,42077,11,ROUTINE,1,33489,1,1314,30,49528,7451,US-EAST
9816,62219,17,CRITICAL,4,28740,2,3434,73,64761,2542,EU-WEST
9817,55689,15,ROUTINE,2,28102,2,4631,240,61802,6113,EU-WEST
9818,22877,6,ROUTINE,3,428290,4,5590,244,45489,22612,EU-WEST
9819,81582,22,ROUTINE,3,41079,2,1996,207,92718,11136,EU-CENTRAL
9820,53283,14,ROUTINE,3,32432,2,1777,117,68782,15499,EU-WEST
9821,50937,14,ROUTINE,2,226351,6,4666,103,64195,13258,EU-WEST
9822,43794,12,ROUTINE,3,65204,2,2670,106,55364,11570,EU-CENTRAL
9823,47400,13,ROUTINE,3,28046,1,1020,1842,60091,12691,US-EAST
9824,28869,8,CRITICAL,3,76254,3,1856,194,33047,4178,EU-WEST
9825,59849,16,ROUTINE,1,239640,8,5178,117,71343,11494,EU-CENTRAL
9826,37248,10,ROUTINE,2,10450,1,3084,82,51752,14504,EU-WEST
9827,82709,22,ROUTINE,2,158388,6,5392,126,96739,14030,EU-WEST
9828,35521,9,ROUTINE,1,153970,6,4841,74,47834,12313,US-EAST
9829,40086,11,CRITICAL,3,43036,3,5151,260,44985,4899,US-EAST
9830,78167,21,ROUTINE,2,318734,4,2876,122,90250,12083,US-EAST
9831,73260,20,ROUTINE,1,190615,4,2827,117,89437,16177,EU-CENTRAL
9832,29514,8,CRITICAL,4,426714,7,5265,1915,38361,8847,EU-CENTRAL
9833,43997,12,ROUTINE,3,29538,2,4531,149,48781,4784,EU-WEST
9834,34945,9,ROUTINE,2,595807,8,7176,1997,49675,14730,US-EAST
9835,85805,23,ROUTINE,2,204987,6,3909,278,102035,16230,EU-CENTRAL
9836,40681,11,ROUTINE,1,239333,8,7359,433,55505,14824,US-EAST
9837,80662,22,ROUTINE,2,56036,3,2976,273,90888,10226,EU-CENTRAL
9838,85232,23,ROUTINE,1,105788,4,4633,179,99533,14301,EU-WEST
9839,37832,10,CRITICAL,3,194826,4,4112,17,44013,6181,EU-CENTRAL
9840,65852,18,ROUTINE,2,58913,4,4750,66,80640,14788,US-EAST
9841,46007,12,ROUTINE,3,145564,4,5519,1726,63890,17883,EU-WEST
9842,33851,9,ROUTINE,1,163923,8,4642,123,44549,10698,US-EAST
9843,28690,7,ROUTINE,2,14471,1,2419,90,38989,10299,EU-WEST
9844,37187,10,ROUTINE,2,190110,6,4178,96,45359,8172,EU-WEST
9845,64672,17,CRITICAL,3,41842,3,4002,261,67378,2706,EU-WEST
9846,42446,11,ROUTINE,2,22854,2,2762,155,45971,3525,EU-WEST
9847,88981,24,ROUTINE,1,144703,3,4413,497,102164,13183,EU-WEST
9848,79719,22,ROUTINE,3,164510,5,6103,241,94820,15101,EU-CENTRAL
9849,33592,9,CRITICAL,3,238263,7,5386,209,40174,6582,US-EAST
9850,34834,9,ROUTINE,1,144901,2,2008,1319,50940,16106,US-EAST
9851,34721,9,CRITICAL,5,32841,1,2822,175,38910,4189,EU-WEST
9852,52125,14,ROUTINE,2,538756,5,5473,38,63242,11117,EU-WEST
9853,32366,8,CRITICAL,3,5357,1,1526,123,36364,3998,EU-WEST
9854,31461,8,CRITICAL,4,5878,1,1448,12,35802,4341,EU-WEST
9855,86345,23,ROUTINE,3,48422,2,4453,163,93024,6679,EU-CENTRAL
9856,25545,7,ROUTINE,1,188132,7,5005,154,44634,19089,EU-WEST
9857,25050,6,ROUTINE,1,37106,1,1091,72,34948,9898,EU-WEST
9858,39300,10,ROUTINE,1,234319,4,2537,18,56343,17043,EU-CENTRAL
9859,43705,12,ROUTINE,1,180926,4,5846,112,53490,9785,EU-CENTRAL
9860,56635,15,CRITICAL,3,468200,6,4834,241,65293,8658,US-EAST
9861,64354,17,CRITICAL,5,39149,2,1674,152,69075,4721,EU-WEST
9862,43719,12,ROUTINE,2,7835,1,4308,22,48681,4962,EU-WEST
9863,54180,15,ROUTINE,2,259941,7,4790,276,69150,14970,EU-WEST
9864,50304,13,ROUTINE,2,116998,2,1723,86,58938,8634,EU-WEST
9865,59842,16,ROUTINE,2,16691,2,1973,151,62807,2965,EU-WEST
9866,61468,17,CRITICAL,4,288071,7,5495,55,71374,9906,US-EAST
9867,56459,15,ROUTINE,3,10432,1,3735,265,71420,14961,EU-CENTRAL
9868,33337,9,CRITICAL,4,53934,4,2471,1767,36986,3649,EU-WEST
9869,35058,9,ROUTINE,1,148182,3,4260,202,53606,18548,US-EAST
9870,80921,22,CRITICAL,5,51792,3,3388,220,85023,4102,US-EAST
9871,72021,20,ROUTINE,1,60644,4,4040,193,87463,15442,US-EAST
9872,50459,14,ROUTINE,2,170441,6,5479,12,58954,8495,EU-CENTRAL
9873,67431,18,ROUTINE,1,163239,4,5188,206,82458,15027,US-EAST
9874,89812,24,ROUTINE,2,42758,4,5464,119,94505,4693,US-EAST
9875,75848,21,CRITICAL,5,54735,4,3913,30,81814,5966,US-EAST
9876,34688,9,CRITICAL,4,204460,7,5661,42,43971,9283,EU-CENTRAL
9877,52002,14,ROUTINE,3,44119,3,2204,70,61753,9751,US-EAST
9878,55664,15,ROUTINE,3,142953,3,2572,274,70633,14969,EU-WEST
9879,41115,11,ROUTINE,1,24235,1,3098,6,49307,8192,US-EAST
9880,60013,16,ROUTINE,3,472122,6,6910,66,70451,10438,US-EAST
9881,40631,11,CRITICAL,5,7344,2,3067,169,41520,889,EU-CENTRAL
9882,36265,10,ROUTINE,2,368299,4,3006,1439,58359,22094,EU-WEST
9883,37319,10,ROUTINE,1,95545,3,2338,186,48500,11181,EU-CENTRAL
9884,63891,17,ROUTINE,2,392707,8,5374,278,83477,19586,US-EAST
9885,84687,23,CRITICAL,4,38038,2,4704,19,89545,4858,US-EAST
9886,43909,12,ROUTINE,2,59358,2,4861,139,56990,13081,EU-WEST
9887,86880,24,ROUTINE,2,148298,4,3912,50,96352,9472,US-EAST
9888,53014,14,ROUTINE,1,215929,5,3219,31,67150,14136,EU-CENTRAL
9889,74670,20,ROUTINE,1,86333,4,3358,223,79672,5002,EU-CENTRAL
9890,46759,12,ROUTINE,1,16275,1,4310,153,62972,16213,EU-CENTRAL
9891,66492,18,ROUTINE,2,58635,4,5629,22,82263,15771,US-EAST
9892,70405,19,CRITICAL,5,334556,4,3979,84,78183,7778,EU-WEST
9893,41850,11,ROUTINE,1,20321,2,3805,140,54191,12341,EU-WEST
9894,38076,10,ROUTINE,3,24043,1,2977,292,48051,9975,US-EAST
9895,70442,19,ROUTINE,1,63799,2,3395,94,85528,15086,EU-WEST
9896,71335,19,ROUTINE,2,63677,2,3348,186,79209,7874,US-EAST
9897,23762,6,ROUTINE,2,206710,7,5628,70,44488,20726,US-EAST
9898,81687,22,ROUTINE,2,37267,1,2738,190,89350,7663,US-EAST
9899,51187,14,CRITICAL,5,58202,3,5363,247,55978,4791,EU-WEST
9900,36315,10,CRITICAL,4,41723,4,4465,255,38931,2616,EU-WEST
9901,29786,8,ROUTINE,1,17853,2,3106,292,40654,10868,EU-WEST
9902,29568,8,ROUTINE,1,39243,1,873,208,40929,11361,EU-WEST
9903,82947,23,ROUTINE,1,176386,8,7213,1528,100449,17502,EU-CENTRAL
9904,66125,18,ROUTINE,2,22918,2,2602,181,79284,13159,EU-WEST
9905,71766,19,CRITICAL,5,407147,5,4549,1820,80458,8692,EU-WEST
9906,69126,19,ROUTINE,2,325918,5,3550,1069,86667,17541,US-EAST
9907,56088,15,ROUTINE,2,35005,1,3974,1420,61209,5121,US-EAST
9908,45044,12,ROUTINE,2,150648,8,6753,584,52633,7589,EU-CENTRAL
9909,47741,13,ROUTINE,1,115257,4,3149,226,58948,11207,US-EAST
9910,69044,19,ROUTINE,3,220533,5,4164,1760,82953,13909,EU-WEST
9911,63972,17,CRITICAL,4,369237,8,4400,949,75652,11680,US-EAST
9912,40496,11,ROUTINE,3,268008,4,5402,273,58083,17587,EU-WEST
9913,68675,19,ROUTINE,2,36144,2,4652,64,76570,7895,EU-WEST
9914,24276,6,ROUTINE,2,44480,3,3200,43,29102,4826,US-EAST
9915,45639,12,ROUTINE,1,57651,4,2705,233,55145,9506,EU-WEST
9916,28990,8,ROUTINE,3,40687,3,5112,891,36353,7363,EU-WEST
9917,43388,12,ROUTINE,2,492074,5,6227,76,54110,10722,EU-CENTRAL
9918,27175,7,ROUTINE,2,333269,8,5209,158,40360,13185,US-EAST
9919,27619,7,ROUTINE,2,17084,2,3421,222,31119,3500,US-EAST
9920,68796,19,CRITICAL,5,50773,4,3508,1973,72248,3452,EU-CENTRAL
9921,26245,7,CRITICAL,5,52924,3,4065,224,29160,2915,US-EAST
9922,46182,12,ROUTINE,1,88069,3,4776,28,62029,15847,US-EAST
9923,43113,11,ROUTINE,2,583635,4,4036,100,55318,12205,EU-WEST
9924,76642,21,ROUTINE,2,231305,8,6379,155,95163,18521,EU-WEST
9925,80853,22,ROUTINE,1,50483,4,5233,124,87353,6500,US-EAST
9926,75758,21,ROUTINE,1,175694,4,4698,87,88686,12928,EU-WEST
9927,72028,20,ROUTINE,2,199238,7,7360,221,80328,8300,US-EAST
9928,30676,8,ROUTINE,1,473358,5,5411,1617,44620,13944,US-EAST
9929,31472,8,ROUTINE,1,13689,2,3046,205,36548,5076,US-EAST
9930,77721,21,ROUTINE,1,49794,2,2248,151,81562,3841,US-EAST
9931,50615,14,ROUTINE,3,10369,1,2445,264,62671,12056,US-EAST
9932,73005,20,ROUTINE,2,261170,4,5709,242,91603,18598,US-EAST
9933,54841,15,ROUTINE,1,39686,1,3590,220,60427,5586,EU-CENTRAL
9934,53664,14,ROUTINE,3,84424,3,4511,247,70124,16460,EU-CENTRAL
9935,68416,19,ROUTINE,1,55811,2,4036,14,72974,4558,US-EAST
9936,56419,15,ROUTINE,2,82521,2,2712,35,70490,14071,EU-CENTRAL
9937,33007,9,ROUTINE,3,16222,1,2894,324,39269,6262,EU-WEST
9938,50441,14,ROUTINE,3,505204,7,4130,262,68442,18001,US-EAST
9939,45668,12,CRITICAL,5,417600,4,2694,408,55864,10196,EU-WEST
9940,50536,14,CRITICAL,3,11446,1,2261,219,52375,1839,EU-CENTRAL
9941,75630,21,ROUTINE,1,123092,2,4134,105,82636,7006,EU-CENTRAL
9942,51486,14,ROUTINE,1,163574,5,3514,18,60858,9372,EU-WEST
9943,65480,18,ROUTINE,2,248521,7,4577,52,83373,17893,EU-CENTRAL
9944,52110,14,ROUTINE,1,168312,6,3451,235,60767,8657,US-EAST
9945,39488,10,ROUTINE,3,480817,4,2796,1922,50968,11480,US-EAST
9946,66375,18,CRITICAL,4,24151,1,3321,140,69030,2655,EU-WEST
9947,48742,13,CRITICAL,4,27866,1,3298,201,53154,4412,EU-WEST
9948,57657,16,ROUTINE,3,560057,4,2691,487,75655,17998,EU-CENTRAL
9949,72810,20,CRITICAL,5,94410,3,3934,165,79126,6316,EU-CENTRAL
9950,45833,12,ROUTINE,2,407511,7,3998,82,56604,10771,EU-CENTRAL
9951,45209,12,ROUTINE,1,161585,6,5342,1184,62403,17194,EU-CENTRAL
9952,65430,18,ROUTINE,2,352494,4,4059,116,82218,16788,EU-WEST
9953,57779,16,ROUTINE,2,451469,7,4415,259,75068,17289,US-EAST
9954,58491,16,ROUTINE,2,59288,4,3638,1282,66778,8287,EU-CENTRAL
9955,43191,11,ROUTINE,3,24943,2,1575,153,50306,7115,US-EAST
9956,75660,21,ROUTINE,3,43724,4,3042,257,79433,3773,US-EAST
9957,27962,7,ROUTINE,1,132659,2,3575,234,33741,5779,EU-WEST
9958,65015,18,ROUTINE,3,75430,2,3490,229,70737,5722,US-EAST
9959,52313,14,CRITICAL,4,46328,2,1378,231,54193,1880,EU-WEST
9960,39436,10,ROUTINE,1,47861,3,2342,158,44519,5083,EU-CENTRAL
9961,70372,19,ROUTINE,1,15292,1,3131,171,81775,11403,EU-WEST
9962,81588,22,ROUTINE,1,492207,7,6387,200,98040,16452,EU-CENTRAL
9963,63476,17,ROUTINE,3,175426,4,4953,143,80387,16911,US-EAST
9964,53356,14,ROUTINE,2,23083,2,2521,291,62116,8760,EU-CENTRAL
9965,69811,19,ROUTINE,2,574871,6,5568,1278,91099,21288,EU-WEST
9966,34562,9,CRITICAL,4,166906,6,6264,300,40469,5907,US-EAST
9967,37397,10,ROUTINE,2,380873,8,7444,263,54729,17332,EU-CENTRAL
9968,64006,17,CRITICAL,5,134332,3,1813,98,71396,7390,US-EAST
9969,78931,21,ROUTINE,3,177011,8,6422,23,87815,8884,US-EAST
9970,38981,10,ROUTINE,1,176157,4,3407,243,50945,11964,US-EAST
9971,37523,10,ROUTINE,1,228997,4,4136,1893,45809,8286,EU-WEST
9972,78890,21,ROUTINE,2,366824,6,3501,244,101162,22272,EU-WEST
9973,60425,16,ROUTINE,1,51554,3,3433,136,64892,4467,US-EAST
9974,54107,15,ROUTINE,1,535373,5,5748,40,66193,12086,EU-CENTRAL
9975,82476,22,CRITICAL,5,331573,8,6956,287,93518,11042,EU-CENTRAL
9976,48195,13,CRITICAL,4,131419,2,2855,71,53049,4854,US-EAST
9977,73867,20,ROUTINE,3,19377,2,3337,69,87792,13925,US-EAST
9978,69464,19,ROUTINE,1,73554,3,4383,127,82212,12748,EU-CENTRAL
9979,64817,18,ROUTINE,1,43217,3,3716,66,68743,3926,US-EAST
9980,49564,13,ROUTINE,1,40192,2,3650,10,53339,3775,US-EAST
9981,74568,20,ROUTINE,2,6039,1,2283,160,78833,4265,EU-WEST
9982,76257,21,ROUTINE,3,6267,2,1792,226,82965,6708,US-EAST
9983,37556,10,CRITICAL,3,503424,4,4619,1857,47673,10117,EU-CENTRAL
9984,35044,9,CRITICAL,3,51734,4,2634,8,40699,5655,EU-WEST
9985,82900,23,ROUTINE,2,321214,4,4827,260,105021,22121,EU-WEST
9986,43261,12,CRITICAL,4,86624,4,3637,45,48156,4895,US-EAST
9987,80311,22,ROUTINE,2,240482,4,2306,46,101669,21358,EU-CENTRAL
9988,48234,13,ROUTINE,3,219967,7,5525,1690,66251,18017,EU-WEST
9989,75392,20,ROUTINE,3,37904,1,1784,122,84780,9388,EU-CENTRAL
9990,77305,21,ROUTINE,3,47612,2,2580,178,86279,8974,US-EAST
9991,53280,14,ROUTINE,1,114582,4,2394,40,62871,9591,EU-CENTRAL
9992,73781,20,CRITICAL,3,12318,1,4128,696,74884,1103,EU-WEST
9993,66344,18,ROUTINE,1,39088,1,3877,199,76079,9735,US-EAST
9994,81959,22,ROUTINE,3,45142,3,3113,1694,98096,16137,EU-WEST
9995,71895,19,ROUTINE,1,128125,2,4181,723,78544,6649,US-EAST
9996,57423,15,ROUTINE,1,335102,5,3168,1419,67714,10291,EU-WEST
9997,80743,22,ROUTINE,2,60472,2,4047,122,93723,12980,EU-WEST
9998,29484,8,CRITICAL,5,499947,6,5838,143,41210,11726,EU-CENTRAL
9999,34147,9,ROUTINE,1,58462,4,5877,1144,46706,12559,EU-WEST
10000,75570,20,CRITICAL,5,202047,7,4030,164,82618,7048,EU-WEST
